#
# A fatal error has been detected by the Java Runtime Environment:
#
#  SIGSEGV (0xb) at pc=0x00007032e0560b73, pid=7225, tid=7226
#
# JRE version: OpenJDK Runtime Environment Temurin-25.0.3+9 (25.0.3+9) (build 25.0.3+9-LTS)
# Java VM: OpenJDK 64-Bit Server VM Temurin-25.0.3+9 (25.0.3+9-LTS, mixed mode, tiered, compressed oops, compressed class ptrs, g1 gc, linux-amd64)
# Problematic frame:
# C  [libgtk-3.so.0+0x360b73]  gtk_widget_realize+0x43
#
# Core dump will be written. Default location: Determined by the following: "/usr/share/apport/apport -p%p -s%s -c%c -d%d -P%P -u%u -g%g -F%F -- %E" (alternatively, falling back to /mnt/hgfs/compartida/Sigmaweb/core.7225)
#
# If you would like to submit a bug report, please visit:
#   https://github.com/adoptium/adoptium-support/issues
# The crash happened outside the Java Virtual Machine in native code.
# See problematic frame for where to report the bug.
#

---------------  S U M M A R Y ------------

Command Line: -XX:+IgnoreUnrecognizedVMOptions -Dosgi.requiredJavaVersion=21 -Dfile.encoding=UTF-8 --enable-native-access=ALL-UNNAMED --add-modules=ALL-DEFAULT --add-opens=java.base/java.io=ALL-UNNAMED --add-opens=java.base/java.lang=ALL-UNNAMED --add-opens=java.base/java.lang.reflect=ALL-UNNAMED --add-opens=java.base/java.net=ALL-UNNAMED --add-opens=java.base/java.nio=ALL-UNNAMED --add-opens=java.base/java.nio.charset=ALL-UNNAMED --add-opens=java.base/java.text=ALL-UNNAMED --add-opens=java.base/java.time=ALL-UNNAMED --add-opens=java.base/java.util=ALL-UNNAMED --add-opens=java.base/java.util.concurrent=ALL-UNNAMED --add-opens=java.base/java.util.concurrent.atomic=ALL-UNNAMED --add-opens=java.base/jdk.internal.vm=ALL-UNNAMED --add-opens=java.base/jdk.internal.misc=ALL-UNNAMED --add-opens=java.base/sun.nio.ch=ALL-UNNAMED --add-opens=java.base/sun.nio.fs=ALL-UNNAMED --add-opens=java.base/sun.security.ssl=ALL-UNNAMED --add-opens=java.base/sun.security.util=ALL-UNNAMED --add-opens=java.security.jgss/sun.security.jgss=ALL-UNNAMED --add-opens=java.security.jgss/sun.security.krb5=ALL-UNNAMED --add-opens=java.desktop/java.awt=ALL-UNNAMED --add-opens=java.desktop/java.awt.peer=ALL-UNNAMED --add-opens=java.sql/java.sql=ALL-UNNAMED -Xms64m -Xmx1024m -Ddbeaver.distribution.type=deb -Duser.home=/home/daniel/snap/dbeaver-ce/543 /snap/dbeaver-ce/543/usr/share/dbeaver-ce//plugins/org.jkiss.dbeaver.launcher_1.0.59.202608181400.jar -os linux -ws gtk -arch x86_64 -showsplash -launcher /snap/dbeaver-ce/543/usr/share/dbeaver-ce/dbeaver -name Dbeaver --launcher.library /snap/dbeaver-ce/543/usr/share/dbeaver-ce//plugins/org.eclipse.equinox.launcher.gtk.linux.x86_64_1.2.1500.v20250801-0854/eclipse_11916.so -startup /snap/dbeaver-ce/543/usr/share/dbeaver-ce//plugins/org.jkiss.dbeaver.launcher_1.0.59.202608181400.jar --launcher.overrideVmargs -exitdata 0 -vm /snap/dbeaver-ce/543/usr/share/dbeaver-ce/jre/bin/java -vmargs -XX:+IgnoreUnrecognizedVMOptions -Dosgi.requiredJavaVersion=21 -Dfile.encoding=UTF-8 --enable-native-access=ALL-UNNAMED --add-modules=ALL-DEFAULT --add-opens=java.base/java.io=ALL-UNNAMED --add-opens=java.base/java.lang=ALL-UNNAMED --add-opens=java.base/java.lang.reflect=ALL-UNNAMED --add-opens=java.base/java.net=ALL-UNNAMED --add-opens=java.base/java.nio=ALL-UNNAMED --add-opens=java.base/java.nio.charset=ALL-UNNAMED --add-opens=java.base/java.text=ALL-UNNAMED --add-opens=java.base/java.time=ALL-UNNAMED --add-opens=java.base/java.util=ALL-UNNAMED --add-opens=java.base/java.util.concurrent=ALL-UNNAMED --add-opens=java.base/java.util.concurrent.atomic=ALL-UNNAMED --add-opens=java.base/jdk.internal.vm=ALL-UNNAMED --add-opens=java.base/jdk.internal.misc=ALL-UNNAMED --add-opens=java.base/sun.nio.ch=ALL-UNNAMED --add-opens=java.base/sun.nio.fs=ALL-UNNAMED --add-opens=java.base/sun.security.ssl=ALL-UNNAMED --add-opens=java.base/sun.security.util=ALL-UNNAMED --add-opens=java.security.jgss/sun.security.jgss=ALL-UNNAMED --add-opens=java.security.jgss/sun.security.krb5=ALL-UNNAMED --add-opens=java.desktop/java.awt=ALL-UNNAMED --add-opens=java.desktop/java.awt.peer=ALL-UNNAMED --add-opens=java.sql/java.sql=ALL-UNNAMED -Xms64m -Xmx1024m -Ddbeaver.distribution.type=deb -jar /snap/dbeaver-ce/543/usr/share/dbeaver-ce//plugins/org.jkiss.dbeaver.launcher_1.0.59.202608181400.jar

Host: Intel(R) Core(TM) i7-6820HQ CPU @ 2.70GHz, 128 cores, 7G, Ubuntu 24.04.4 LTS
Time: Tue Aug 18 19:20:07 2026 -03 elapsed time: 15.507160 seconds (0d 0h 0m 15s)

---------------  T H R E A D  ---------------

Current thread (0x00007032f402e4b0):  JavaThread "main"             [_thread_in_native, id=7226, stack(0x00007032fbe05000,0x00007032fbf05000) (1024K)]

Stack: [0x00007032fbe05000,0x00007032fbf05000],  sp=0x00007032fbf01c30,  free space=1011k
Native frames: (J=compiled Java code, j=interpreted, Vv=VM code, C=native code)
C  [libgtk-3.so.0+0x360b73]  gtk_widget_realize+0x43
C  [libswt-pi3-gtk-4973r12.so+0x49e30]  Java_org_eclipse_swt_internal_gtk_GTK_gtk_1widget_1realize+0xc
j  org.eclipse.swt.widgets.Shell.createHandle(I)V+620
j  org.eclipse.swt.widgets.Widget.createWidget(I)V+2
j  org.eclipse.swt.widgets.Control.createWidget(I)V+22
j  org.eclipse.swt.widgets.Scrollable.createWidget(I)V+2
j  org.eclipse.swt.widgets.Decorations.createWidget(I)V+2
j  org.eclipse.swt.widgets.Shell.<init>(Lorg/eclipse/swt/widgets/Display;Lorg/eclipse/swt/widgets/Shell;IJZ)V+167
j  org.eclipse.swt.widgets.Shell.internal_new(Lorg/eclipse/swt/widgets/Display;J)Lorg/eclipse/swt/widgets/Shell;+10
j  org.eclipse.ui.internal.WorkbenchPlugin.getSplashShell(Lorg/eclipse/swt/widgets/Display;)Lorg/eclipse/swt/widgets/Shell;+64
j  org.jkiss.dbeaver.ui.app.standalone.ApplicationWorkbenchWindowAdvisor.runWithSplashHidden(Ljava/lang/Runnable;)V+3
j  org.jkiss.dbeaver.ui.app.standalone.ApplicationWorkbenchWindowAdvisor.showProductConfigDialog()V+22
j  org.jkiss.dbeaver.ui.app.standalone.ApplicationWorkbenchWindowAdvisor.preWindowOpen()V+9
j  org.eclipse.ui.internal.WorkbenchWindow.fireWindowOpening()V+4
j  org.eclipse.ui.internal.WorkbenchWindow.setup()V+419
j  java.lang.invoke.LambdaForm$DMH+0x000000000e089800.invokeVirtual(Ljava/lang/Object;Ljava/lang/Object;)V+10 java.base@25.0.3
j  java.lang.invoke.LambdaForm$MH+0x000000000e384000.invoke(Ljava/lang/Object;Ljava/lang/Object;)Ljava/lang/Object;+31 java.base@25.0.3
J 1081 c1 jdk.internal.reflect.DirectMethodHandleAccessor.invoke(Ljava/lang/Object;[Ljava/lang/Object;)Ljava/lang/Object; java.base@25.0.3 (92 bytes) @ 0x00007032e0fe642c [0x00007032e0fe5200+0x000000000000122c]
J 1080 c1 java.lang.reflect.Method.invoke(Ljava/lang/Object;[Ljava/lang/Object;)Ljava/lang/Object; java.base@25.0.3 (108 bytes) @ 0x00007032e0fe4aa4 [0x00007032e0fe4500+0x00000000000005a4]
j  org.eclipse.e4.core.internal.di.MethodRequestor.execute()Ljava/lang/Object;+77
j  org.eclipse.e4.core.internal.di.InjectorImpl.processAnnotated(Lorg/eclipse/e4/core/internal/di/AnnotationLookup$AnnotationProxy;Ljava/lang/Object;Ljava/lang/Class;Lorg/eclipse/e4/core/di/suppliers/PrimaryObjectSupplier;Lorg/eclipse/e4/core/di/suppliers/PrimaryObjectSupplier;Ljava/util/List;)V+190
j  org.eclipse.e4.core.internal.di.InjectorImpl.internalInject(Ljava/lang/Object;Lorg/eclipse/e4/core/di/suppliers/PrimaryObjectSupplier;Lorg/eclipse/e4/core/di/suppliers/PrimaryObjectSupplier;)V+175
j  org.eclipse.e4.core.internal.di.InjectorImpl.inject(Ljava/lang/Object;Lorg/eclipse/e4/core/di/suppliers/PrimaryObjectSupplier;)V+4
j  org.eclipse.e4.core.contexts.ContextInjectionFactory.inject(Ljava/lang/Object;Lorg/eclipse/e4/core/contexts/IEclipseContext;)V+13
j  org.eclipse.ui.internal.Workbench.createWorkbenchWindow(Lorg/eclipse/core/runtime/IAdaptable;Lorg/eclipse/ui/IPerspectiveDescriptor;Lorg/eclipse/e4/ui/model/application/ui/basic/MWindow;Z)Lorg/eclipse/ui/IWorkbenchWindow;+180
j  org.eclipse.ui.internal.Workbench.getActiveWorkbenchWindow()Lorg/eclipse/ui/IWorkbenchWindow;+179
j  org.jkiss.dbeaver.ui.app.standalone.ApplicationWorkbenchAdvisor.resetPerspectiveIfNeeded()V+3
j  org.jkiss.dbeaver.ui.app.standalone.ApplicationWorkbenchAdvisor.postStartup()V+17
j  org.eclipse.ui.internal.Workbench.lambda$19()V+4
j  org.eclipse.ui.internal.Workbench$$Lambda+0x000000000e641020.run()V+4
j  org.eclipse.e4.ui.internal.workbench.swt.PartRenderingEngine$5.run()V+432
j  org.eclipse.core.databinding.observable.Realm.runWithDefault(Lorg/eclipse/core/databinding/observable/Realm;Ljava/lang/Runnable;)V+12
j  org.eclipse.e4.ui.internal.workbench.swt.PartRenderingEngine.run(Lorg/eclipse/e4/ui/model/application/MApplicationElement;Lorg/eclipse/e4/core/contexts/IEclipseContext;)Ljava/lang/Object;+57
j  org.eclipse.e4.ui.internal.workbench.E4Workbench.createAndRunUI(Lorg/eclipse/e4/ui/model/application/MApplicationElement;)V+20
j  org.eclipse.ui.internal.Workbench.lambda$3(Lorg/eclipse/swt/widgets/Display;Lorg/eclipse/ui/application/WorkbenchAdvisor;[I)V+352
j  org.eclipse.ui.internal.Workbench$$Lambda+0x000000000e466208.run()V+12
j  org.eclipse.core.databinding.observable.Realm.runWithDefault(Lorg/eclipse/core/databinding/observable/Realm;Ljava/lang/Runnable;)V+12
j  org.eclipse.ui.internal.Workbench.createAndRunWorkbench(Lorg/eclipse/swt/widgets/Display;Lorg/eclipse/ui/application/WorkbenchAdvisor;)I+16
j  org.eclipse.ui.PlatformUI.createAndRunWorkbench(Lorg/eclipse/swt/widgets/Display;Lorg/eclipse/ui/application/WorkbenchAdvisor;)I+2
j  org.jkiss.dbeaver.ui.app.standalone.DBeaverApplication.start(Lorg/eclipse/equinox/app/IApplicationContext;)Ljava/lang/Object;+772
j  org.eclipse.equinox.internal.app.EclipseAppHandle.run(Ljava/lang/Object;)Ljava/lang/Object;+138
j  org.eclipse.core.runtime.internal.adaptor.EclipseAppLauncher.runApplication(Ljava/lang/Object;)Ljava/lang/Object;+85
j  org.eclipse.core.runtime.internal.adaptor.EclipseAppLauncher.start(Ljava/lang/Object;)Ljava/lang/Object;+79
j  org.eclipse.core.runtime.adaptor.EclipseStarter.run(Ljava/lang/Object;)Ljava/lang/Object;+99
j  org.eclipse.core.runtime.adaptor.EclipseStarter.run([Ljava/lang/String;Ljava/lang/Runnable;)Ljava/lang/Object;+132
J 482 c1 java.lang.invoke.DirectMethodHandle$Holder.invokeStatic(Ljava/lang/Object;Ljava/lang/Object;Ljava/lang/Object;)Ljava/lang/Object; java.base@25.0.3 (15 bytes) @ 0x00007032e0f24114 [0x00007032e0f23e80+0x0000000000000294]
j  java.lang.invoke.LambdaForm$MH+0x000000000e146800.invoke(Ljava/lang/Object;Ljava/lang/Object;Ljava/lang/Object;Ljava/lang/Object;)Ljava/lang/Object;+54 java.base@25.0.3
j  java.lang.invoke.LambdaForm$MH+0x000000000e146c00.invokeExact_MT(Ljava/lang/Object;Ljava/lang/Object;Ljava/lang/Object;Ljava/lang/Object;Ljava/lang/Object;)Ljava/lang/Object;+22 java.base@25.0.3
j  jdk.internal.reflect.DirectMethodHandleAccessor.invokeImpl(Ljava/lang/Object;[Ljava/lang/Object;)Ljava/lang/Object;+72 java.base@25.0.3
j  jdk.internal.reflect.DirectMethodHandleAccessor.invoke(Ljava/lang/Object;[Ljava/lang/Object;)Ljava/lang/Object;+23 java.base@25.0.3
j  java.lang.reflect.Method.invoke(Ljava/lang/Object;[Ljava/lang/Object;)Ljava/lang/Object;+102 java.base@25.0.3
j  org.jkiss.dbeaver.launcher.DBeaverLauncher.invokeFramework([Ljava/lang/String;[Ljava/net/URL;)V+205
j  org.jkiss.dbeaver.launcher.DBeaverLauncher.basicRun([Ljava/lang/String;)V+481
j  org.jkiss.dbeaver.launcher.DBeaverLauncher.run([Ljava/lang/String;)I+57
j  org.jkiss.dbeaver.launcher.DBeaverLauncher.main([Ljava/lang/String;)V+10
v  ~StubRoutines::call_stub 0x00007032e83d0fa6
V  [libjvm.so+0xa23840]  JavaCalls::call_helper(JavaValue*, methodHandle const&, JavaCallArguments*, JavaThread*)+0x2b0
V  [libjvm.so+0xaedd96]  jni_invoke_static(JNIEnv_*, JavaValue*, _jobject*, JNICallType, _jmethodID*, JNI_ArgumentPusher*, JavaThread*) [clone .constprop.1]+0x396
V  [libjvm.so+0xaf0c51]  jni_CallStaticVoidMethod+0x161
C  [libjli.so+0xa77a]  invokeStaticMainWithArgs+0x4a
C  [libjli.so+0xb800]  JavaMain+0xeb0
C  [libjli.so+0xed89]  ThreadJavaMain+0x9
C  [libc.so.6+0x9cb84]
Java frames: (J=compiled Java code, j=interpreted, Vv=VM code)
j  org.eclipse.swt.internal.gtk.GTK.gtk_widget_realize(J)V+0
j  org.eclipse.swt.widgets.Shell.createHandle(I)V+620
j  org.eclipse.swt.widgets.Widget.createWidget(I)V+2
j  org.eclipse.swt.widgets.Control.createWidget(I)V+22
j  org.eclipse.swt.widgets.Scrollable.createWidget(I)V+2
j  org.eclipse.swt.widgets.Decorations.createWidget(I)V+2
j  org.eclipse.swt.widgets.Shell.<init>(Lorg/eclipse/swt/widgets/Display;Lorg/eclipse/swt/widgets/Shell;IJZ)V+167
j  org.eclipse.swt.widgets.Shell.internal_new(Lorg/eclipse/swt/widgets/Display;J)Lorg/eclipse/swt/widgets/Shell;+10
j  org.eclipse.ui.internal.WorkbenchPlugin.getSplashShell(Lorg/eclipse/swt/widgets/Display;)Lorg/eclipse/swt/widgets/Shell;+64
j  org.jkiss.dbeaver.ui.app.standalone.ApplicationWorkbenchWindowAdvisor.runWithSplashHidden(Ljava/lang/Runnable;)V+3
j  org.jkiss.dbeaver.ui.app.standalone.ApplicationWorkbenchWindowAdvisor.showProductConfigDialog()V+22
j  org.jkiss.dbeaver.ui.app.standalone.ApplicationWorkbenchWindowAdvisor.preWindowOpen()V+9
j  org.eclipse.ui.internal.WorkbenchWindow.fireWindowOpening()V+4
j  org.eclipse.ui.internal.WorkbenchWindow.setup()V+419
j  java.lang.invoke.LambdaForm$DMH+0x000000000e089800.invokeVirtual(Ljava/lang/Object;Ljava/lang/Object;)V+10 java.base@25.0.3
j  java.lang.invoke.LambdaForm$MH+0x000000000e384000.invoke(Ljava/lang/Object;Ljava/lang/Object;)Ljava/lang/Object;+31 java.base@25.0.3
J 1081 c1 jdk.internal.reflect.DirectMethodHandleAccessor.invoke(Ljava/lang/Object;[Ljava/lang/Object;)Ljava/lang/Object; java.base@25.0.3 (92 bytes) @ 0x00007032e0fe642c [0x00007032e0fe5200+0x000000000000122c]
J 1080 c1 java.lang.reflect.Method.invoke(Ljava/lang/Object;[Ljava/lang/Object;)Ljava/lang/Object; java.base@25.0.3 (108 bytes) @ 0x00007032e0fe4aa4 [0x00007032e0fe4500+0x00000000000005a4]
j  org.eclipse.e4.core.internal.di.MethodRequestor.execute()Ljava/lang/Object;+77
j  org.eclipse.e4.core.internal.di.InjectorImpl.processAnnotated(Lorg/eclipse/e4/core/internal/di/AnnotationLookup$AnnotationProxy;Ljava/lang/Object;Ljava/lang/Class;Lorg/eclipse/e4/core/di/suppliers/PrimaryObjectSupplier;Lorg/eclipse/e4/core/di/suppliers/PrimaryObjectSupplier;Ljava/util/List;)V+190
j  org.eclipse.e4.core.internal.di.InjectorImpl.internalInject(Ljava/lang/Object;Lorg/eclipse/e4/core/di/suppliers/PrimaryObjectSupplier;Lorg/eclipse/e4/core/di/suppliers/PrimaryObjectSupplier;)V+175
j  org.eclipse.e4.core.internal.di.InjectorImpl.inject(Ljava/lang/Object;Lorg/eclipse/e4/core/di/suppliers/PrimaryObjectSupplier;)V+4
j  org.eclipse.e4.core.contexts.ContextInjectionFactory.inject(Ljava/lang/Object;Lorg/eclipse/e4/core/contexts/IEclipseContext;)V+13
j  org.eclipse.ui.internal.Workbench.createWorkbenchWindow(Lorg/eclipse/core/runtime/IAdaptable;Lorg/eclipse/ui/IPerspectiveDescriptor;Lorg/eclipse/e4/ui/model/application/ui/basic/MWindow;Z)Lorg/eclipse/ui/IWorkbenchWindow;+180
j  org.eclipse.ui.internal.Workbench.getActiveWorkbenchWindow()Lorg/eclipse/ui/IWorkbenchWindow;+179
j  org.jkiss.dbeaver.ui.app.standalone.ApplicationWorkbenchAdvisor.resetPerspectiveIfNeeded()V+3
j  org.jkiss.dbeaver.ui.app.standalone.ApplicationWorkbenchAdvisor.postStartup()V+17
j  org.eclipse.ui.internal.Workbench.lambda$19()V+4
j  org.eclipse.ui.internal.Workbench$$Lambda+0x000000000e641020.run()V+4
j  org.eclipse.e4.ui.internal.workbench.swt.PartRenderingEngine$5.run()V+432
j  org.eclipse.core.databinding.observable.Realm.runWithDefault(Lorg/eclipse/core/databinding/observable/Realm;Ljava/lang/Runnable;)V+12
j  org.eclipse.e4.ui.internal.workbench.swt.PartRenderingEngine.run(Lorg/eclipse/e4/ui/model/application/MApplicationElement;Lorg/eclipse/e4/core/contexts/IEclipseContext;)Ljava/lang/Object;+57
j  org.eclipse.e4.ui.internal.workbench.E4Workbench.createAndRunUI(Lorg/eclipse/e4/ui/model/application/MApplicationElement;)V+20
j  org.eclipse.ui.internal.Workbench.lambda$3(Lorg/eclipse/swt/widgets/Display;Lorg/eclipse/ui/application/WorkbenchAdvisor;[I)V+352
j  org.eclipse.ui.internal.Workbench$$Lambda+0x000000000e466208.run()V+12
j  org.eclipse.core.databinding.observable.Realm.runWithDefault(Lorg/eclipse/core/databinding/observable/Realm;Ljava/lang/Runnable;)V+12
j  org.eclipse.ui.internal.Workbench.createAndRunWorkbench(Lorg/eclipse/swt/widgets/Display;Lorg/eclipse/ui/application/WorkbenchAdvisor;)I+16
j  org.eclipse.ui.PlatformUI.createAndRunWorkbench(Lorg/eclipse/swt/widgets/Display;Lorg/eclipse/ui/application/WorkbenchAdvisor;)I+2
j  org.jkiss.dbeaver.ui.app.standalone.DBeaverApplication.start(Lorg/eclipse/equinox/app/IApplicationContext;)Ljava/lang/Object;+772
j  org.eclipse.equinox.internal.app.EclipseAppHandle.run(Ljava/lang/Object;)Ljava/lang/Object;+138
j  org.eclipse.core.runtime.internal.adaptor.EclipseAppLauncher.runApplication(Ljava/lang/Object;)Ljava/lang/Object;+85
j  org.eclipse.core.runtime.internal.adaptor.EclipseAppLauncher.start(Ljava/lang/Object;)Ljava/lang/Object;+79
j  org.eclipse.core.runtime.adaptor.EclipseStarter.run(Ljava/lang/Object;)Ljava/lang/Object;+99
j  org.eclipse.core.runtime.adaptor.EclipseStarter.run([Ljava/lang/String;Ljava/lang/Runnable;)Ljava/lang/Object;+132
J 482 c1 java.lang.invoke.DirectMethodHandle$Holder.invokeStatic(Ljava/lang/Object;Ljava/lang/Object;Ljava/lang/Object;)Ljava/lang/Object; java.base@25.0.3 (15 bytes) @ 0x00007032e0f24114 [0x00007032e0f23e80+0x0000000000000294]
j  java.lang.invoke.LambdaForm$MH+0x000000000e146800.invoke(Ljava/lang/Object;Ljava/lang/Object;Ljava/lang/Object;Ljava/lang/Object;)Ljava/lang/Object;+54 java.base@25.0.3
j  java.lang.invoke.LambdaForm$MH+0x000000000e146c00.invokeExact_MT(Ljava/lang/Object;Ljava/lang/Object;Ljava/lang/Object;Ljava/lang/Object;Ljava/lang/Object;)Ljava/lang/Object;+22 java.base@25.0.3
j  jdk.internal.reflect.DirectMethodHandleAccessor.invokeImpl(Ljava/lang/Object;[Ljava/lang/Object;)Ljava/lang/Object;+72 java.base@25.0.3
j  jdk.internal.reflect.DirectMethodHandleAccessor.invoke(Ljava/lang/Object;[Ljava/lang/Object;)Ljava/lang/Object;+23 java.base@25.0.3
j  java.lang.reflect.Method.invoke(Ljava/lang/Object;[Ljava/lang/Object;)Ljava/lang/Object;+102 java.base@25.0.3
j  org.jkiss.dbeaver.launcher.DBeaverLauncher.invokeFramework([Ljava/lang/String;[Ljava/net/URL;)V+205
j  org.jkiss.dbeaver.launcher.DBeaverLauncher.basicRun([Ljava/lang/String;)V+481
j  org.jkiss.dbeaver.launcher.DBeaverLauncher.run([Ljava/lang/String;)I+57
j  org.jkiss.dbeaver.launcher.DBeaverLauncher.main([Ljava/lang/String;)V+10
v  ~StubRoutines::call_stub 0x00007032e83d0fa6

siginfo: si_signo: 11 (SIGSEGV), si_code: 1 (SEGV_MAPERR), si_addr: 0x0000000000006465

Registers:
RAX=0x00007032f43bc350, RBX=0x00007032f4442220, RCX=0x00000000000000f2, RDX=0x0000000000000000
RSP=0x00007032fbf01c30, RBP=0x00007032fbf01ce0, RSI=0x00007032f43bc350, RDI=0x00007032f4442220
R8 =0x00007032f4000090, R9 =0x0000000000000040, R10=0x00007032e83dcf9e, R11=0x00000000c3d8fdf8
R12=0x0000000000000000, R13=0x0000000000006465, R14=0x00007032fbf01d88, R15=0x00007032f402e4b0
RIP=0x00007032e0560b73, EFLAGS=0x0000000000010206, CSGSFS=0x002b000000000033, ERR=0x0000000000000004
  TRAPNO=0x000000000000000e

XMM[0]=0x0000000000000000 0x0000000000000000
XMM[1]=0x00007032f43bc350 0x0000703200000045
XMM[2]=0x00007032f43404b2 0x00007032e064bcad
XMM[3]=0x0000000000000004 0x00007032f4346e30
XMM[4]=0x0000000000000000 0x00007032f43c33a0
XMM[5]=0x00007032f89fe7b0 0x00007032f89fd1d0
XMM[6]=0x00007032f43ce230 0x0000000000000000
XMM[7]=0x0000000000000014 0x00007032f43ee0b0
XMM[8]=0x2f676e616c2f6176 0x616a120001120010
XMM[9]=0x262825ab262825ab 0x262825ab33196936
XMM[10]=0x0000000000000000 0x000000000cf1438b
XMM[11]=0xf73533c5f73533c5 0xf73533c52a4e9cfb
XMM[12]=0x0000000000000000 0x0000000033196936
XMM[13]=0x0000000000000000 0x0405060700010203
XMM[14]=0x0000000000000000 0xa8c24779fb3e2a5a
XMM[15]=0x0000000000000000 0x0000000000000000
  MXCSR=0x00001fa7


Register to memory mapping:

RAX=0x00007032f43bc350 points into unknown readable memory: 0x0000000000000008 | 08 00 00 00 00 00 00 00
RBX=0x00007032f4442220 points into unknown readable memory: 0x0000000000006465 | 65 64 00 00 00 00 00 00
RCX=0x00000000000000f2 is an unknown value
RDX=0x0 is null
RSP=0x00007032fbf01c30 is pointing into the stack for thread: 0x00007032f402e4b0
RBP=0x00007032fbf01ce0 is pointing into the stack for thread: 0x00007032f402e4b0
RSI=0x00007032f43bc350 points into unknown readable memory: 0x0000000000000008 | 08 00 00 00 00 00 00 00
RDI=0x00007032f4442220 points into unknown readable memory: 0x0000000000006465 | 65 64 00 00 00 00 00 00
R8 =0x00007032f4000090 points into unknown readable memory: 0x00007032f5c62600 | 00 26 c6 f5 32 70 00 00
R9 =0x0000000000000040 is an unknown value
R10=0x00007032e83dcf9e is at code_begin+1150 in an Interpreter codelet
native method entry point (kind = native)  [0x00007032e83dcb20, 0x00007032e83dd658]  2872 bytes
R11=0x00000000c3d8fdf8 is an oop: java.lang.Class 
{0x00000000c3d8fdf8} - klass: 'java/lang/Class' - flags: 

 - ---- fields (total size 93 words):
 - private volatile transient 'classRedefinedCount' 'I' @12  0 (0x00000000)
 - injected 'klass' 'J' @16  238105632 (0x000000000e313420)
 - injected 'array_klass' 'J' @24  0 (0x0000000000000000)
 - injected 'oop_size' 'I' @32  93 (0x0000005d)
 - injected 'static_oop_field_count' 'I' @36  23 (0x00000017)
 - private final transient 'modifiers' 'C' @40    1 (0x0001)
 - private final transient 'primitive' 'Z' @42  false (0x00)
 - private volatile transient 'cachedConstructor' 'Ljava/lang/reflect/Constructor;' @44  null (0x00000000)
 - private transient 'name' 'Ljava/lang/String;' @48  "org.eclipse.swt.internal.gtk.GTK"{0x00000000c3d90410} (0xc3d90410)
 - private transient 'module' 'Ljava/lang/Module;' @52  a 'java/lang/Module'{0x00000000c3d8f6a8} (0xc3d8f6a8)
 - private final 'classLoader' 'Ljava/lang/ClassLoader;' @56  a 'org/eclipse/osgi/internal/loader/EquinoxClassLoader'{0x00000000c3d8f638} (0xc3d8f638)
 - private transient 'classData' 'Ljava/lang/Object;' @60  null (0x00000000)
 - private transient 'signers' '[Ljava/lang/Object;' @64  null (0x00000000)
 - private transient 'packageName' 'Ljava/lang/String;' @68  "org.eclipse.swt.internal.gtk"{0x00000000c3d8ea78} (0xc3d8ea78)
 - private final transient 'componentType' 'Ljava/lang/Class;' @72  null (0x00000000)
 - private final transient 'protectionDomain' 'Ljava/security/ProtectionDomain;' @76  a 'org/eclipse/osgi/internal/loader/ModuleClassLoader$GenerationProtectionDomain'{0x00000000c3d8fcb8} (0xc3d8fcb8)
 - private volatile transient 'reflectionData' 'Ljava/lang/ref/SoftReference;' @80  null (0x00000000)
 - private volatile transient 'genericInfo' 'Lsun/reflect/generics/repository/ClassRepository;' @84  null (0x00000000)
 - private volatile transient 'enumConstants' '[Ljava/lang/Object;' @88  null (0x00000000)
 - private volatile transient 'enumConstantDirectory' 'Ljava/util/Map;' @92  null (0x00000000)
 - private volatile transient 'annotationData' 'Ljava/lang/Class$AnnotationData;' @96  null (0x00000000)
 - private volatile transient 'annotationType' 'Lsun/reflect/annotation/AnnotationType;' @100  null (0x00000000)
 - transient 'classValueMap' 'Ljava/lang/ClassValue$ClassValueMap;' @104  null (0x00000000)
 - injected 'source_file' 'Ljava/lang/Object;' @108  null (0x00000000)
 - injected '<init_lock>' 'Ljava/lang/Object;' @112  null (0x00000000)
 - signature: Lorg/eclipse/swt/internal/gtk/GTK;
 - ---- static fields (23):
 - public static final 'GTK_VERSION' 'I' @212  202793 (0x00031829)
 - public static final 'GTK4' 'Z' @740  false (0x00)
 - public static final 'GTK_ACCEL_VISIBLE' 'I' @216  1 (0x00000001)
 - public static final 'GTK_ALIGN_FILL' 'I' @220  0 (0x00000000)
 - public static final 'GTK_ALIGN_START' 'I' @224  1 (0x00000001)
 - public static final 'GTK_ALIGN_END' 'I' @228  2 (0x00000002)
 - public static final 'GTK_ALIGN_CENTER' 'I' @232  3 (0x00000003)
 - public static final 'GTK_ALIGN_BASELINE' 'I' @236  4 (0x00000004)
 - public static final 'GTK_CALENDAR_SHOW_HEADING' 'I' @240  1 (0x00000001)
 - public static final 'GTK_CALENDAR_SHOW_DAY_NAMES' 'I' @244  2 (0x00000002)
 - public static final 'GTK_CALENDAR_NO_MONTH_CHANGE' 'I' @248  4 (0x00000004)
 - public static final 'GTK_CALENDAR_SHOW_WEEK_NUMBERS' 'I' @252  8 (0x00000008)
 - public static final 'GTK_CALENDAR_WEEK_START_MONDAY' 'I' @256  16 (0x00000010)
 - public static final 'GTK_CELL_RENDERER_MODE_ACTIVATABLE' 'I' @260  1 (0x00000001)
 - public static final 'GTK_CELL_RENDERER_SELECTED' 'I' @264  1 (0x00000001)
 - public static final 'GTK_CELL_RENDERER_FOCUSED' 'I' @268  16 (0x00000010)
 - public static final 'GTK_DIALOG_DESTROY_WITH_PARENT' 'I' @272  2 (0x00000002)
 - public static final 'GTK_DIALOG_MODAL' 'I' @276  1 (0x00000001)
 - public static final 'GTK_DIR_TAB_FORWARD' 'I' @280  0 (0x00000000)
 - public static final 'GTK_DIR_TAB_BACKWARD' 'I' @284  1 (0x00000001)
 - public static final 'GTK_ENTRY_ICON_PRIMARY' 'I' @288  0 (0x00000000)
 - public static final 'GTK_ENTRY_ICON_SECONDARY' 'I' @292  1 (0x00000001)
 - public static final 'GTK_FILE_CHOOSER_ACTION_OPEN' 'I' @296  0 (0x00000000)
 - public static final 'GTK_FILE_CHOOSER_ACTION_SAVE' 'I' @300  1 (0x00000001)
 - public static final 'GTK_FILE_CHOOSER_ACTION_SELECT_FOLDER' 'I' @304  2 (0x00000002)
 - public static final 'GTK_ICON_SIZE_MENU' 'I' @308  1 (0x00000001)
 - public static final 'GTK_ICON_SIZE_SMALL_TOOLBAR' 'I' @312  2 (0x00000002)
 - public static final 'GTK_ICON_SIZE_DIALOG' 'I' @316  6 (0x00000006)
 - public static final 'GTK_ICON_LOOKUP_FORCE_SIZE' 'I' @320  4 (0x00000004)
 - public static final 'GTK_ICON_LOOKUP_FORCE_REGULAR' 'I' @324  32 (0x00000020)
 - public static final 'GTK_JUSTIFY_CENTER' 'I' @328  2 (0x00000002)
 - public static final 'GTK_JUSTIFY_LEFT' 'I' @332  0 (0x00000000)
 - public static final 'GTK_JUSTIFY_RIGHT' 'I' @336  1 (0x00000001)
 - public static final 'GTK_MESSAGE_INFO' 'I' @340  0 (0x00000000)
 - public static final 'GTK_MESSAGE_WARNING' 'I' @344  1 (0x00000001)
 - public static final 'GTK_MESSAGE_QUESTION' 'I' @348  2 (0x00000002)
 - public static final 'GTK_MESSAGE_ERROR' 'I' @352  3 (0x00000003)
 - public static final 'GTK_MOVEMENT_VISUAL_POSITIONS' 'I' @356  1 (0x00000001)
 - public static final 'GTK_ORIENTATION_HORIZONTAL' 'I' @360  0 (0x00000000)
 - public static final 'GTK_ORIENTATION_VERTICAL' 'I' @364  1 (0x00000001)
 - public static final 'GTK_PACK_END' 'I' @368  1 (0x00000001)
 - public static final 'GTK_PACK_START' 'I' @372  0 (0x00000000)
 - public static final 'GTK_PAGE_ORIENTATION_PORTRAIT' 'I' @376  0 (0x00000000)
 - public static final 'GTK_PAGE_ORIENTATION_LANDSCAPE' 'I' @380  1 (0x00000001)
 - public static final 'GTK_POLICY_ALWAYS' 'I' @384  0 (0x00000000)
 - public static final 'GTK_POLICY_AUTOMATIC' 'I' @388  1 (0x00000001)
 - public static final 'GTK_POLICY_NEVER' 'I' @392  2 (0x00000002)
 - public static final 'GTK_POLICY_EXTERNAL' 'I' @396  3 (0x00000003)
 - public static final 'GTK_POS_TOP' 'I' @400  2 (0x00000002)
 - public static final 'GTK_POS_BOTTOM' 'I' @404  3 (0x00000003)
 - public static final 'GTK_PRINT_CAPABILITY_PAGE_SET' 'I' @408  1 (0x00000001)
 - public static final 'GTK_PRINT_CAPABILITY_COPIES' 'I' @412  2 (0x00000002)
 - public static final 'GTK_PRINT_CAPABILITY_COLLATE' 'I' @416  4 (0x00000004)
 - public static final 'GTK_PRINT_PAGES_ALL' 'I' @420  0 (0x00000000)
 - public static final 'GTK_PRINT_PAGES_CURRENT' 'I' @424  1 (0x00000001)
 - public static final 'GTK_PRINT_PAGES_RANGES' 'I' @428  2 (0x00000002)
 - public static final 'GTK_PRINT_PAGES_SELECTION' 'I' @432  3 (0x00000003)
 - public static final 'GTK_PRINT_DUPLEX_SIMPLEX' 'I' @436  0 (0x00000000)
 - public static final 'GTK_PRINT_DUPLEX_HORIZONTAL' 'I' @440  1 (0x00000001)
 - public static final 'GTK_PRINT_DUPLEX_VERTICAL' 'I' @444  2 (0x00000002)
 - public static final 'GTK_EVENT_CONTROLLER_SCROLL_BOTH_AXES' 'I' @448  5 (0x00000005)
 - public static final 'GTK_PHASE_CAPTURE' 'I' @452  1 (0x00000001)
 - public static final 'GTK_PHASE_BUBBLE' 'I' @456  2 (0x00000002)
 - public static final 'GTK_PHASE_TARGET' 'I' @460  3 (0x00000003)
 - public static final 'GTK_PROGRESS_LEFT_TO_RIGHT' 'I' @464  0 (0x00000000)
 - public static final 'GTK_PROGRESS_BOTTOM_TO_TOP' 'I' @468  2 (0x00000002)
 - public static final 'GTK_RESPONSE_CANCEL' 'I' @472  -6 (0xfffffffa)
 - public static final 'GTK_RESPONSE_OK' 'I' @476  -5 (0xfffffffb)
 - public static final 'GTK_RESPONSE_ACCEPT' 'I' @480  -3 (0xfffffffd)
 - public static final 'GTK_SCROLL_NONE' 'I' @484  0 (0x00000000)
 - public static final 'GTK_SCROLL_JUMP' 'I' @488  1 (0x00000001)
 - public static final 'GTK_SCROLL_STEP_BACKWARD' 'I' @492  2 (0x00000002)
 - public static final 'GTK_SCROLL_STEP_FORWARD' 'I' @496  3 (0x00000003)
 - public static final 'GTK_SCROLL_PAGE_BACKWARD' 'I' @500  4 (0x00000004)
 - public static final 'GTK_SCROLL_PAGE_FORWARD' 'I' @504  5 (0x00000005)
 - public static final 'GTK_SCROLL_STEP_UP' 'I' @508  6 (0x00000006)
 - public static final 'GTK_SCROLL_STEP_DOWN' 'I' @512  7 (0x00000007)
 - public static final 'GTK_SCROLL_PAGE_UP' 'I' @516  8 (0x00000008)
 - public static final 'GTK_SCROLL_PAGE_DOWN' 'I' @520  9 (0x00000009)
 - public static final 'GTK_SCROLL_STEP_LEFT' 'I' @524  10 (0x0000000a)
 - public static final 'GTK_SCROLL_STEP_RIGHT' 'I' @528  11 (0x0000000b)
 - public static final 'GTK_SCROLL_PAGE_LEFT' 'I' @532  12 (0x0000000c)
 - public static final 'GTK_SCROLL_PAGE_RIGHT' 'I' @536  13 (0x0000000d)
 - public static final 'GTK_SCROLL_START' 'I' @540  14 (0x0000000e)
 - public static final 'GTK_SCROLL_END' 'I' @544  15 (0x0000000f)
 - public static final 'GTK_SELECTION_BROWSE' 'I' @548  2 (0x00000002)
 - public static final 'GTK_SELECTION_MULTIPLE' 'I' @552  3 (0x00000003)
 - public static final 'GTK_SHADOW_ETCHED_IN' 'I' @556  3 (0x00000003)
 - public static final 'GTK_SHADOW_ETCHED_OUT' 'I' @560  4 (0x00000004)
 - public static final 'GTK_SHADOW_IN' 'I' @564  1 (0x00000001)
 - public static final 'GTK_SHADOW_NONE' 'I' @568  0 (0x00000000)
 - public static final 'GTK_SHADOW_OUT' 'I' @572  2 (0x00000002)
 - public static final 'GTK_STATE_FLAG_NORMAL' 'I' @576  0 (0x00000000)
 - public static final 'GTK_STATE_FLAG_ACTIVE' 'I' @580  1 (0x00000001)
 - public static final 'GTK_STATE_FLAG_PRELIGHT' 'I' @584  2 (0x00000002)
 - public static final 'GTK_STATE_FLAG_SELECTED' 'I' @588  4 (0x00000004)
 - public static final 'GTK_STATE_FLAG_INSENSITIVE' 'I' @592  8 (0x00000008)
 - public static final 'GTK_STATE_FLAG_INCONSISTENT' 'I' @596  16 (0x00000010)
 - public static final 'GTK_STATE_FLAG_FOCUSED' 'I' @600  32 (0x00000020)
 - public static final 'GTK_STATE_FLAG_BACKDROP' 'I' @604  64 (0x00000040)
 - public static final 'GTK_STATE_FLAG_LINK' 'I' @608  512 (0x00000200)
 - public static final 'GTK_TEXT_DIR_NONE' 'I' @612  0 (0x00000000)
 - public static final 'GTK_TEXT_DIR_LTR' 'I' @616  1 (0x00000001)
 - public static final 'GTK_TEXT_DIR_RTL' 'I' @620  2 (0x00000002)
 - public static final 'GTK_TEXT_WINDOW_TEXT' 'I' @624  2 (0x00000002)
 - public static final 'GTK_TOOLBAR_ICONS' 'I' @628  0 (0x00000000)
 - public static final 'GTK_TOOLBAR_TEXT' 'I' @632  1 (0x00000001)
 - public static final 'GTK_TOOLBAR_BOTH' 'I' @636  2 (0x00000002)
 - public static final 'GTK_TOOLBAR_BOTH_HORIZ' 'I' @640  3 (0x00000003)
 - public static final 'GTK_TREE_VIEW_COLUMN_GROW_ONLY' 'I' @644  0 (0x00000000)
 - public static final 'GTK_TREE_VIEW_COLUMN_AUTOSIZE' 'I' @648  1 (0x00000001)
 - public static final 'GTK_TREE_VIEW_COLUMN_FIXED' 'I' @652  2 (0x00000002)
 - public static final 'GTK_TREE_VIEW_DROP_BEFORE' 'I' @656  0 (0x00000000)
 - public static final 'GTK_TREE_VIEW_DROP_AFTER' 'I' @660  1 (0x00000001)
 - public static final 'GTK_TREE_VIEW_DROP_INTO_OR_BEFORE' 'I' @664  2 (0x00000002)
 - public static final 'GTK_TREE_VIEW_DROP_INTO_OR_AFTER' 'I' @668  3 (0x00000003)
 - public static final 'GTK_TREE_VIEW_GRID_LINES_NONE' 'I' @672  0 (0x00000000)
 - public static final 'GTK_TREE_VIEW_GRID_LINES_HORIZONTAL' 'I' @676  1 (0x00000001)
 - public static final 'GTK_TREE_VIEW_GRID_LINES_VERTICAL' 'I' @680  2 (0x00000002)
 - public static final 'GTK_TREE_VIEW_GRID_LINES_BOTH' 'I' @684  3 (0x00000003)
 - public static final 'GTK_STYLE_PROVIDER_PRIORITY_APPLICATION' 'I' @688  600 (0x00000258)
 - public static final 'GTK_STYLE_PROVIDER_PRIORITY_USER' 'I' @692  800 (0x00000320)
 - public static final 'GTK_UNIT_PIXEL' 'I' @696  0 (0x00000000)
 - public static final 'GTK_UNIT_POINTS' 'I' @700  1 (0x00000001)
 - public static final 'GTK_UNIT_INCH' 'I' @704  2 (0x00000002)
 - public static final 'GTK_UNIT_MM' 'I' @708  3 (0x00000003)
 - public static final 'GTK_WINDOW_POPUP' 'I' @712  1 (0x00000001)
 - public static final 'GTK_WINDOW_TOPLEVEL' 'I' @716  0 (0x00000000)
 - public static final 'GTK_WRAP_NONE' 'I' @720  0 (0x00000000)
 - public static final 'GTK_WRAP_WORD' 'I' @724  2 (0x00000002)
 - public static final 'GTK_WRAP_WORD_CHAR' 'I' @728  3 (0x00000003)
 - public static final 'GTK_SHORTCUT_SCOPE_GLOBAL' 'I' @732  2 (0x00000002)
 - public static final 'GTK_INPUT_HINT_NO_EMOJI' 'I' @736  1024 (0x00000400)
 - public static final 'GTK_STYLE_CLASS_VIEW' '[B' @120  [B{0x00000000c3d903f8} (0xc3d903f8)
 - public static final 'GTK_STYLE_CLASS_CELL' '[B' @124  [B{0x00000000c3d903e0} (0xc3d903e0)
 - public static final 'GTK_STYLE_CLASS_PANE_SEPARATOR' '[B' @128  [B{0x00000000c3d903c0} (0xc3d903c0)
 - public static final 'GTK_STYLE_CLASS_SUGGESTED_ACTION' '[B' @132  [B{0x00000000c3d90398} (0xc3d90398)
 - public static final 'GTK_STYLE_CLASS_FRAME' '[B' @136  [B{0x00000000c3d90380} (0xc3d90380)
 - public static final 'gtk_alternative_button_order' '[B' @140  [B{0x00000000c3d90350} (0xc3d90350)
 - public static final 'gtk_cursor_blink' '[B' @144  [B{0x00000000c3d90328} (0xc3d90328)
 - public static final 'gtk_cursor_blink_time' '[B' @148  [B{0x00000000c3d90300} (0xc3d90300)
 - public static final 'gtk_double_click_time' '[B' @152  [B{0x00000000c3d902d8} (0xc3d902d8)
 - public static final 'gtk_entry_select_on_focus' '[B' @156  [B{0x00000000c3d902a8} (0xc3d902a8)
 - public static final 'gtk_style_property_font' '[B' @160  [B{0x00000000c3d90290} (0xc3d90290)
 - public static final 'gtk_menu_bar_accel' '[B' @164  [B{0x00000000c3d90268} (0xc3d90268)
 - public static final 'gtk_theme_name' '[B' @168  [B{0x00000000c3d90248} (0xc3d90248)
 - public static final 'gtk_im_module' '[B' @172  [B{0x00000000c3d90228} (0xc3d90228)
 - public static final 'GTK_PRINT_SETTINGS_OUTPUT_URI' '[B' @176  [B{0x00000000c3d90208} (0xc3d90208)
 - public static final 'gtk_application_prefer_dark_theme' '[B' @180  [B{0x00000000c3d901d0} (0xc3d901d0)
 - public static final 'GTK_NAMED_ICON_GO_UP' '[B' @184  [B{0x00000000c3d901b0} (0xc3d901b0)
 - public static final 'GTK_NAMED_ICON_GO_DOWN' '[B' @188  [B{0x00000000c3d90188} (0xc3d90188)
 - public static final 'GTK_NAMED_ICON_GO_NEXT' '[B' @192  [B{0x00000000c3d90160} (0xc3d90160)
 - public static final 'GTK_NAMED_ICON_GO_PREVIOUS' '[B' @196  [B{0x00000000c3d90138} (0xc3d90138)
 - public static final 'GTK_NAMED_ICON_PAN_DOWN' '[B' @200  [B{0x00000000c3d90110} (0xc3d90110)
 - public static final 'GTK_NAMED_LABEL_OK' '[B' @204  [B{0x00000000c3d900f8} (0xc3d900f8)
 - public static final 'GTK_NAMED_LABEL_CANCEL' '[B' @208  [B{0x00000000c3d900e0} (0xc3d900e0)
R12=0x0 is null
R13=0x0000000000006465 is an unknown value
R14=0x00007032fbf01d88 is pointing into the stack for thread: 0x00007032f402e4b0
R15=0x00007032f402e4b0 is a thread

Top of Stack: (sp=0x00007032fbf01c30)
0x00007032fbf01c30:   00007032c1821758 0000000000000000   X...2p..........
0x00007032fbf01c40:   0000000000000008 c8ebe809d4d93900   .........9......
0x00007032fbf01c50:   0000000000000000 000000000000000b   ................
0x00007032fbf01c60:   00007032c18353d0 0000000000000008   .S..2p..........
0x00007032fbf01c70:   0000000000000001 0000000000000001   ................
0x00007032fbf01c80:   0000000000000000 00007032fbf01cb0   ............2p..
0x00007032fbf01c90:   00007032fbf01d38 00007032e83d8426   8...2p..&.=.2p..
0x00007032fbf01ca0:   00000000c2d97ea8 c8ebe809d4d93900   .~.......9......
0x00007032fbf01cb0:   0000000000000001 00007032c18332a0   .........2..2p..
0x00007032fbf01cc0:   0000000000000000 00007032c18332a0   .........2..2p..
0x00007032fbf01cd0:   00007032fbf01d88 00007032f402e4b0   ....2p......2p..
0x00007032fbf01ce0:   00007032fbf01d60 000070328d425e30   `...2p..0^B.2p..
0x00007032fbf01cf0:   fffffffffffffff7 00007032e83dcf05   ..........=.2p..
0x00007032fbf01d00:   00007032f4ead230 0000000000000000   0...2p..........
0x00007032fbf01d10:   0000000000000000 fffffffffffffff7   ................
0x00007032fbf01d20:   0000000000000000 0000000000000005   ................
0x00007032fbf01d30:   00007032c18353d0 0000000000000000   .S..2p..........
0x00007032fbf01d40:   00000000c3d8fdf8 00007032c18332a0   .........2..2p..
0x00007032fbf01d50:   0000000000000000 00007032fbf01d80   ............2p..
0x00007032fbf01d60:   00007032fbf01dd8 00007032e83d8426   ....2p..&.=.2p..
0x00007032fbf01d70:   00000000c3d8fdf8 00007032e83da3d7   ..........=.2p..
0x00007032fbf01d80:   00007032f4442220 0000000000000000    "D.2p..........
0x00007032fbf01d90:   fffffffffffffff7 00007032c16a0d7c   ........|.j.2p..
0x00007032fbf01da0:   0000000000000009 00007032c22a2240   ........@"*.2p..
0x00007032fbf01db0:   0000000000000000 00000000c3d95388   .........S......
0x00007032fbf01dc0:   00007032c16a0e30 fffffffffffffff5   0.j.2p..........
0x00007032fbf01dd0:   00007032fbf01e18 00007032fbf01e70   ....2p..p...2p..
0x00007032fbf01de0:   00007032e83d8426 0000000000000000   &.=.2p..........
0x00007032fbf01df0:   0000000000000000 0000000000000000   ................
0x00007032fbf01e00:   0000000000000000 0000000000000000   ................
0x00007032fbf01e10:   0000000000000000 0000000000000000   ................
0x00007032fbf01e20:   00000000c70f69f8 fffffffffffffff7   .i..............

Instructions: (pc=0x00007032e0560b73)
  0x00007032e0560a73:   49 89 c4 48 85 db 74 5a 0f 1f 44 00 00 48 8b 03
  0x00007032e0560a83:   48 85 c0 74 05 4c 39 20 74 0f 4c 89 e6 48 89 df
  0x00007032e0560a93:   e8 c8 0e d3 ff 85 c0 74 39 48 8b 43 18 f6 40 02
  0x00007032e0560aa3:   10 75 53 48 8b 80 d0 00 00 00 48 85 c0 74 5e 66
  0x00007032e0560ab3:   0f 1f 44 00 00 48 89 c2 48 8b 40 18 48 8b 80 d0
  0x00007032e0560ac3:   00 00 00 48 85 c0 75 ed 48 39 d3 74 40 48 89 d3
  0x00007032e0560ad3:   eb ab 48 8d 15 27 67 0d 00 48 8d 35 dd f5 14 00
  0x00007032e0560ae3:   48 8d 3d 2a 05 0d 00 e8 81 bb d2 ff 5b b8 01 00
  0x00007032e0560af3:   00 00 41 5c 5d c3 48 8b b8 c0 00 00 00 5b 41 5c
  0x00007032e0560b03:   5d e9 27 2a d3 ff 0f 1f 80 00 00 00 00 48 89 df
  0x00007032e0560b13:   e8 88 fb ff ff 31 f6 48 89 c7 e8 de 00 d3 ff 5b
  0x00007032e0560b23:   41 5c 48 89 c7 5d e9 12 16 d3 ff 66 90 f3 0f 1e
  0x00007032e0560b33:   fa 55 48 89 e5 41 57 41 56 41 55 41 54 53 48 89
  0x00007032e0560b43:   fb 48 81 ec 88 00 00 00 64 48 8b 04 25 28 00 00
  0x00007032e0560b53:   00 48 89 45 c8 31 c0 e8 21 2d ff ff 48 85 db 0f
  0x00007032e0560b63:   84 98 01 00 00 4c 8b 2b 48 89 c6 4d 85 ed 74 0a
=>0x00007032e0560b73:   49 39 45 00 0f 84 c3 01 00 00 48 89 df e8 db 0d
  0x00007032e0560b83:   d3 ff 85 c0 0f 84 73 01 00 00 4c 8b 63 18 41 f6
  0x00007032e0560b93:   44 24 02 02 75 21 e8 b2 fb e7 ff 4d 85 ed 0f 85
  0x00007032e0560ba3:   91 02 00 00 48 89 c6 48 89 df e8 ae 0d d3 ff 85
  0x00007032e0560bb3:   c0 0f 84 36 03 00 00 41 0f b6 44 24 02 a8 10 0f
  0x00007032e0560bc3:   85 48 02 00 00 49 8b bc 24 d0 00 00 00 48 85 ff
  0x00007032e0560bd3:   0f 84 c7 02 00 00 48 8b 47 18 f6 40 02 10 0f 84
  0x00007032e0560be3:   61 02 00 00 48 89 df e8 61 c1 06 00 8b 35 7f 86
  0x00007032e0560bf3:   46 00 31 d2 31 c0 48 89 df e8 2f dd d2 ff 48 89
  0x00007032e0560c03:   df e8 17 3e 00 00 ba 01 00 00 00 48 89 df 89 c6
  0x00007032e0560c13:   e8 e8 80 00 00 41 f6 44 24 04 40 0f 85 4c 02 00
  0x00007032e0560c23:   00 48 89 df e8 d4 28 00 00 41 f6 44 24 04 20 0f
  0x00007032e0560c33:   85 20 02 00 00 8b 35 5e b1 46 00 48 89 df e8 ca
  0x00007032e0560c43:   c6 d2 ff 48 89 c6 48 85 c0 0f 84 26 01 00 00 4c
  0x00007032e0560c53:   8d 6d a0 4c 8d bd 78 ff ff ff 4c 89 ef 4c 8d b5
  0x00007032e0560c63:   70 ff ff ff e8 c4 e5 d2 ff 48 8d 45 80 48 89 85


Stack slot to memory mapping:

stack at sp + 0 slots: {method} {0x00007032c1821758} 'gtk_box_set_homogeneous' '(JZ)V' in 'org/eclipse/swt/internal/gtk/GTK'
stack at sp + 1 slots: 0x0 is null
stack at sp + 2 slots: 0x0000000000000008 is an unknown value
stack at sp + 3 slots: 0xc8ebe809d4d93900 is an unknown value
stack at sp + 4 slots: 0x0 is null
stack at sp + 5 slots: 0x000000000000000b is an unknown value
stack at sp + 6 slots: 0x00007032c18353d0 is pointing into metadata
stack at sp + 7 slots: 0x0000000000000008 is an unknown value

Lock stack of current Java thread (top to bottom):


Compiled method (c1) 17173 1081   !   3       jdk.internal.reflect.DirectMethodHandleAccessor::invoke (92 bytes)
 total in heap  [0x00007032e0fe5108,0x00007032e0fe6f28] = 7712
 main code      [0x00007032e0fe5200,0x00007032e0fe6dd8] = 7128
 stub code      [0x00007032e0fe6dd8,0x00007032e0fe6f10] = 312
 oops           [0x00007032e0fe6f10,0x00007032e0fe6f28] = 24
 mutable data [0x00007032a46849d0,0x00007032a4684cd0] = 768
 relocation     [0x00007032a46849d0,0x00007032a4684c70] = 672
 metadata       [0x00007032a4684c70,0x00007032a4684cd0] = 96
 immutable data [0x00007032a4683ac0,0x00007032a46849c0] = 3840
 dependencies   [0x00007032a4683ac0,0x00007032a4683ae0] = 32
 nul chk table  [0x00007032a4683ae0,0x00007032a4683b78] = 152
 handler table  [0x00007032a4683b78,0x00007032a4684208] = 1680
 scopes pcs     [0x00007032a4684208,0x00007032a4684688] = 1152
 scopes data    [0x00007032a4684688,0x00007032a46849c0] = 824

[Constant Pool (empty)]

[MachCode]
[Instructions begin]
  0x00007032e0fe5200: 6666 660f | 1f84 0000 | 0000 0066 | 6666 9066 | 6690 448b | 5608 443b 

  0x00007032e0fe5218: ;   {runtime_call Shared Runtime ic_miss_blob}
  0x00007032e0fe5218: 5008 0f85 | c091 4307 
[Verified Entry Point]
  0x00007032e0fe5220: 8984 2400 | c0fe ff55 | 4881 ec20 | 0100 0090 | 4181 7f20 | 0700 0000 

  0x00007032e0fe5238: ;   {runtime_call Stub::method_entry_barrier}
  0x00007032e0fe5238: 7405 e8e1 | 0c42 0748 | 89b4 24a8 | 0000 0048 | 8994 24b8 

  0x00007032e0fe524c: ;   {metadata(method data for {method} {0x00007032c0466fd8} 'invoke' '(Ljava/lang/Object;[Ljava/lang/Object;)Ljava/lang/Object;' in 'jdk/internal/reflect/DirectMethodHandleAccessor')}
  0x00007032e0fe524c: 0000 0048 | bfd0 3bbd | c032 7000 | 008b 9f90 | 0000 0083 | c302 899f | 9000 0000 | 81e3 fe07 
  0x00007032e0fe526c: 0000 85db | 0f84 4b17 | 0000 488b 

  0x00007032e0fe5278: ;   {metadata(method data for {method} {0x00007032c0466fd8} 'invoke' '(Ljava/lang/Object;[Ljava/lang/Object;)Ljava/lang/Object;' in 'jdk/internal/reflect/DirectMethodHandleAccessor')}
  0x00007032e0fe5278: fe48 bbd0 | 3bbd c032 | 7000 0048 | 8383 d800 

  0x00007032e0fe5288: ;   {metadata(method data for {method} {0x00007032c04674e8} 'isStatic' '()Z' in 'jdk/internal/reflect/DirectMethodHandleAccessor')}
  0x00007032e0fe5288: 0000 0148 | bfc8 3ebd | c032 7000 | 008b 9f90 | 0000 0083 | c302 899f | 9000 0000 | 81e3 feff 
  0x00007032e0fe52a8: 1f00 85db | 0f84 3017 | 0000 8b7e | 1081 e700 | 0200 0081 | ff00 0200 

  0x00007032e0fe52c0: ;   {metadata(method data for {method} {0x00007032c04674e8} 'isStatic' '()Z' in 'jdk/internal/reflect/DirectMethodHandleAccessor')}
  0x00007032e0fe52c0: 0048 bfc8 | 3ebd c032 | 7000 00bb | d800 0000 | 7505 bbe8 | 0000 0048 | 8b04 1f48 | 8d40 0148 
  0x00007032e0fe52e0: 8904 1f0f | 851a 0000 

  0x00007032e0fe52e8: ;   {metadata(method data for {method} {0x00007032c04674e8} 'isStatic' '()Z' in 'jdk/internal/reflect/DirectMethodHandleAccessor')}
  0x00007032e0fe52e8: 0048 bfc8 | 3ebd c032 | 7000 00ff | 87f8 0000 | 00bf 0100 | 0000 e905 | 0000 00bf | 0000 0000 
  0x00007032e0fe5308: 83e7 0185 

  0x00007032e0fe530c: ;   {metadata(method data for {method} {0x00007032c0466fd8} 'invoke' '(Ljava/lang/Object;[Ljava/lang/Object;)Ljava/lang/Object;' in 'jdk/internal/reflect/DirectMethodHandleAccessor')}
  0x00007032e0fe530c: ff48 bfd0 | 3bbd c032 | 7000 00bb | 0801 0000 | 7505 bb18 | 0100 0048 | 8b04 1f48 | 8d40 0148 
  0x00007032e0fe532c: 8904 1f48 | 898c 24b0 | 0000 000f | 8537 0000 | 0048 8bfe 

  0x00007032e0fe5340: ;   {metadata(method data for {method} {0x00007032c0466fd8} 'invoke' '(Ljava/lang/Object;[Ljava/lang/Object;)Ljava/lang/Object;' in 'jdk/internal/reflect/DirectMethodHandleAccessor')}
  0x00007032e0fe5340: 48bb d03b | bdc0 3270 | 0000 4883 | 8328 0100 | 0001 488b | fa48 8bd7 | 488b de48 

  0x00007032e0fe535c: ;   {optimized virtual_call}
  0x00007032e0fe535c: 8bf3 90e8 

  0x00007032e0fe5360: ; ImmutableOopMap {[168]=Oop [176]=Oop [184]=Oop }
                      ;*invokevirtual checkReceiver {reexecute=0 rethrow=0 return_oop=0}
                      ; - jdk.internal.reflect.DirectMethodHandleAccessor::invoke@9
  0x00007032e0fe5360: 3cb9 ffff 

  0x00007032e0fe5364: ;   {post_call_nop}
  0x00007032e0fe5364: 0f1f 8400 | 5c02 0000 | 488b b424 | a800 0000 

  0x00007032e0fe5374: ;   {metadata(method data for {method} {0x00007032c0466fd8} 'invoke' '(Ljava/lang/Object;[Ljava/lang/Object;)Ljava/lang/Object;' in 'jdk/internal/reflect/DirectMethodHandleAccessor')}
  0x00007032e0fe5374: 8b56 0c48 | bfd0 3bbd | c032 7000 | 0048 8387 | 5801 0000 | 0148 8bf2 | 488b 9424 | b000 0000 
  0x00007032e0fe5394: ;   {static_call}
  0x00007032e0fe5394: 6666 90e8 

  0x00007032e0fe5398: ; ImmutableOopMap {[168]=Oop [176]=Oop [184]=Oop }
                      ;*invokestatic checkArgumentCount {reexecute=0 rethrow=0 return_oop=0}
                      ; - jdk.internal.reflect.DirectMethodHandleAccessor::invoke@17
  0x00007032e0fe5398: e41f 0000 

  0x00007032e0fe539c: ;   {post_call_nop}
  0x00007032e0fe539c: 0f1f 8400 | 9402 0001 | 488b b424 | a800 0000 

  0x00007032e0fe53ac: ;   {metadata(method data for {method} {0x00007032c0466fd8} 'invoke' '(Ljava/lang/Object;[Ljava/lang/Object;)Ljava/lang/Object;' in 'jdk/internal/reflect/DirectMethodHandleAccessor')}
  0x00007032e0fe53ac: 488b d648 | b9d0 3bbd | c032 7000 | 0048 8381 | 6801 0000 

  0x00007032e0fe53c0: ;   {metadata(method data for {method} {0x00007032c04672b0} 'invokeImpl' '(Ljava/lang/Object;[Ljava/lang/Object;)Ljava/lang/Object;' in 'jdk/internal/reflect/DirectMethodHandleAccessor')}
  0x00007032e0fe53c0: 0148 ba88 | 42bd c032 | 7000 008b | 8a90 0000 | 0083 c102 | 898a 9000 | 0000 81e1 | feff 1f00 
  0x00007032e0fe53e0: 85c9 0f84 | 1b16 0000 

  0x00007032e0fe53e8: ;   {metadata(method data for {method} {0x00007032c04672b0} 'invokeImpl' '(Ljava/lang/Object;[Ljava/lang/Object;)Ljava/lang/Object;' in 'jdk/internal/reflect/DirectMethodHandleAccessor')}
  0x00007032e0fe53e8: 8b56 0c48 | b988 42bd | c032 7000 | 0041 b8e0 | 0000 0085 | d249 8bf8 | 41b8 f000 | 0000 4c0f 
  0x00007032e0fe5408: 45c7 83fa | 0149 8bf8 | 41b8 0001 | 0000 4c0f | 45c7 83fa | 0249 8bf8 | 41b8 1001 | 0000 4c0f 
  0x00007032e0fe5428: 45c7 83fa | 0349 8bf8 | 41b8 2001 | 0000 4c0f | 45c7 4a8b | 3c01 41ba | 0100 0000 | 4903 fa4a 
  0x00007032e0fe5448: 893c 0185 | d20f 847f | 0c00 0083 | fa01 0f84 | 7f0a 0000 | 83fa 020f | 8405 0400 | 0083 fa03 
  0x00007032e0fe5468: 0f84 db01 | 0000 488b | 8c24 b000 | 0000 488b | 9424 b800 | 0000 8b7e | 180f 1f80 | 0000 0000 
  0x00007032e0fe5488: ;   {other}
  0x00007032e0fe5488: e9a6 1500 | 0090 9090 | 9090 483b 

  0x00007032e0fe5494: ;   {metadata(method data for {method} {0x00007032c04672b0} 'invokeImpl' '(Ljava/lang/Object;[Ljava/lang/Object;)Ljava/lang/Object;' in 'jdk/internal/reflect/DirectMethodHandleAccessor')}
  0x00007032e0fe5494: 0748 bb88 | 42bd c032 | 7000 0048 | 8d9b 3803 | 0000 4885 | d275 0ef6 | 4308 0175 | 42f0 4883 
  0x00007032e0fe54b4: 4b08 01eb | 3a8b 4208 | 4c8b d048 | 3343 0848 | a9fc ffff | ff74 28a8 | 0275 2448 | f743 08fe 
  0x00007032e0fe54d4: ffff ff74 | 1649 8bc2 | 4833 4308 | 48a9 fcff | ffff 740b | 4883 4b08 | 02eb 0448 | 8943 0848 
  0x00007032e0fe54f4: 85c9 750e | f643 1801 | 7542 f048 | 834b 1801 | eb3a 8b41 | 084c 8bd0 | 4833 4318 | 48a9 fcff 
  0x00007032e0fe5514: ffff 7428 | a802 7524 | 48f7 4318 | feff ffff | 7416 498b | c248 3343 | 1848 a9fc | ffff ff74 
  0x00007032e0fe5534: 0b48 834b | 1802 eb04 | 4889 4318 

  0x00007032e0fe5540: ;   {metadata(method data for {method} {0x00007032c04672b0} 'invokeImpl' '(Ljava/lang/Object;[Ljava/lang/Object;)Ljava/lang/Object;' in 'jdk/internal/reflect/DirectMethodHandleAccessor')}
  0x00007032e0fe5540: 488b df48 | b888 42bd | c032 7000 | 008b 5b08 | 483b 9810 | 0300 0075 | 0d48 8380 | 1803 0000 
  0x00007032e0fe5560: 01e9 6000 | 0000 483b | 9820 0300 | 0075 0d48 | 8380 2803 | 0000 01e9 | 4a00 0000 | 4883 b810 
  0x00007032e0fe5580: 0300 0000 | 7517 4889 | 9810 0300 | 0048 c780 | 1803 0000 | 0100 0000 | e929 0000 | 0048 83b8 
  0x00007032e0fe55a0: 2003 0000 | 0075 1748 | 8998 2003 | 0000 48c7 | 8028 0300 | 0001 0000 | 00e9 0800 | 0000 4883 
  0x00007032e0fe55c0: 8008 0300 | 0001 488b | f766 0f1f 

  0x00007032e0fe55cc: ;   {optimized virtual_call}
  0x00007032e0fe55cc: 4400 00e8 

  0x00007032e0fe55d0: ; ImmutableOopMap {[168]=Oop }
                      ;*invokevirtual invokeExact {reexecute=0 rethrow=0 return_oop=0}
                      ; - jdk.internal.reflect.DirectMethodHandleAccessor::invokeImpl@104
                      ; - jdk.internal.reflect.DirectMethodHandleAccessor::invoke@23
  0x00007032e0fe55d0: 0c91 4307 

  0x00007032e0fe55d4: ;   {post_call_nop}
  0x00007032e0fe55d4: 0f1f 8400 | cc04 0002 

  0x00007032e0fe55dc: ;   {metadata(method data for {method} {0x00007032c04672b0} 'invokeImpl' '(Ljava/lang/Object;[Ljava/lang/Object;)Ljava/lang/Object;' in 'jdk/internal/reflect/DirectMethodHandleAccessor')}
  0x00007032e0fe55dc: 48ba 8842 | bdc0 3270 | 0000 488d | 9258 0300 | 0048 85c0 | 750c f602 | 0175 3ff0 | 4883 0a01 
  0x00007032e0fe55fc: eb38 8b48 | 084c 8bd1 | 4833 0a48 | f7c1 fcff | ffff 7426 | f6c1 0275 | 2148 f702 | feff ffff 
  0x00007032e0fe561c: 7415 498b | ca48 330a | 48f7 c1fc | ffff ff74 | 0948 830a | 02eb 0348 | 890a 4881 | c420 0100 
  0x00007032e0fe563c: ;   {poll_return}
  0x00007032e0fe563c: 005d 493b | 6728 0f87 | fa13 0000 | c348 8b8c | 24b0 0000 | 0048 8b94 | 24b8 0000 | 008b 5e18 
  0x00007032e0fe565c: ; implicit exception: dispatches to 0x00007032e0fe6a58
  0x00007032e0fe565c: 8379 0c00 | 0f86 fc13 | 0000 448b | 4110 8379 | 0c01 0f86 | 0014 0000 | 448b 4914 | 8379 0c02 
  0x00007032e0fe567c: 0f86 0414 | 0000 8b79 | 1866 6690 

  0x00007032e0fe5688: ;   {oop(a 'java/lang/invoke/MethodType'{0x00000000c0130190} = (Ljava/lang/Object;Ljava/lang/Object;Ljava/lang/Object;Ljava/lang/Object;)Ljava/lang/Object;)}
  0x00007032e0fe5688: 48b8 9001 | 13c0 0000 | 0000 483b 

  0x00007032e0fe5694: ;   {metadata(method data for {method} {0x00007032c04672b0} 'invokeImpl' '(Ljava/lang/Object;[Ljava/lang/Object;)Ljava/lang/Object;' in 'jdk/internal/reflect/DirectMethodHandleAccessor')}
  0x00007032e0fe5694: 0348 b988 | 42bd c032 | 7000 0048 | 8d89 c002 | 0000 4885 | d275 0ef6 | 4108 0175 | 47f0 4883 
  0x00007032e0fe56b4: 4908 01eb | 3f44 8b5a | 084d 8bd3 | 4c33 5908 | 49f7 c3fc | ffff ff74 | 2b41 f6c3 | 0275 2548 
  0x00007032e0fe56d4: f741 08fe | ffff ff74 | 174d 8bda | 4c33 5908 | 49f7 c3fc | ffff ff74 | 0b48 8349 | 0802 eb04 
  0x00007032e0fe56f4: 4c89 5908 | 4d85 c075 | 0ef6 4118 | 0175 47f0 | 4883 4918 | 01eb 3f45 | 8b58 084d | 8bd3 4c33 
  0x00007032e0fe5714: 5918 49f7 | c3fc ffff | ff74 2b41 | f6c3 0275 | 2548 f741 | 18fe ffff | ff74 174d | 8bda 4c33 
  0x00007032e0fe5734: 5918 49f7 | c3fc ffff | ff74 0b48 | 8349 1802 | eb04 4c89 | 5918 488b 

  0x00007032e0fe574c: ;   {metadata(method data for {method} {0x00007032c04672b0} 'invokeImpl' '(Ljava/lang/Object;[Ljava/lang/Object;)Ljava/lang/Object;' in 'jdk/internal/reflect/DirectMethodHandleAccessor')}
  0x00007032e0fe574c: cb49 bb88 | 42bd c032 | 7000 008b | 4908 493b | 8b98 0200 | 0075 0d49 | 8383 a002 | 0000 01e9 
  0x00007032e0fe576c: 6000 0000 | 493b 8ba8 | 0200 0075 | 0d49 8383 | b002 0000 | 01e9 4a00 | 0000 4983 | bb98 0200 
  0x00007032e0fe578c: 0000 7517 | 4989 8b98 | 0200 0049 | c783 a002 | 0000 0100 | 0000 e929 | 0000 0049 | 83bb a802 
  0x00007032e0fe57ac: 0000 0075 | 1749 898b | a802 0000 | 49c7 83b0 | 0200 0001 | 0000 00e9 | 0800 0000 | 4983 8390 
  0x00007032e0fe57cc: 0200 0001 | 498b c84d | 8bc1 4c8b | cf48 8bf8 

  0x00007032e0fe57dc: ;   {optimized virtual_call}
  0x00007032e0fe57dc: 488b f3e8 

  0x00007032e0fe57e0: ; ImmutableOopMap {[168]=Oop }
                      ;*invokevirtual invokeExact {reexecute=0 rethrow=0 return_oop=0}
                      ; - jdk.internal.reflect.DirectMethodHandleAccessor::invokeImpl@92
                      ; - jdk.internal.reflect.DirectMethodHandleAccessor::invoke@23
  0x00007032e0fe57e0: 0916 0000 

  0x00007032e0fe57e4: ;   {post_call_nop}
  0x00007032e0fe57e4: 0f1f 8400 | dc06 0003 

  0x00007032e0fe57ec: ;   {metadata(method data for {method} {0x00007032c04672b0} 'invokeImpl' '(Ljava/lang/Object;[Ljava/lang/Object;)Ljava/lang/Object;' in 'jdk/internal/reflect/DirectMethodHandleAccessor')}
  0x00007032e0fe57ec: 48be 8842 | bdc0 3270 | 0000 488d | b6e0 0200 | 0048 85c0 | 750c f606 | 0175 40f0 | 4883 0e01 
  0x00007032e0fe580c: eb39 8b78 | 084c 8bd7 | 4833 3e48 | f7c7 fcff | ffff 7427 | 40f6 c702 | 7521 48f7 | 06fe ffff 
  0x00007032e0fe582c: ff74 1549 | 8bfa 4833 | 3e48 f7c7 | fcff ffff | 7409 4883 | 0e02 eb03 

  0x00007032e0fe5844: ;   {metadata(method data for {method} {0x00007032c04672b0} 'invokeImpl' '(Ljava/lang/Object;[Ljava/lang/Object;)Ljava/lang/Object;' in 'jdk/internal/reflect/DirectMethodHandleAccessor')}
  0x00007032e0fe5844: 4889 3e48 | be88 42bd | c032 7000 | 00ff 86f0 | 0200 0048 | 81c4 2001 

  0x00007032e0fe585c: ;   {poll_return}
  0x00007032e0fe585c: 0000 5d49 | 3b67 280f | 874d 1200 | 00c3 488b | 8c24 b000 | 0000 488b | 9424 b800 | 0000 8b7e 
  0x00007032e0fe587c: 1848 89bc | 24c8 0000 | 0083 790c | 000f 8647 | 1200 008b | 5910 4889 | 9c24 c000 | 0000 8379 
  0x00007032e0fe589c: 0c01 0f86 | 4412 0000 | 8b41 1448 | 8984 24d0 

  0x00007032e0fe58ac: ;   {metadata(method data for {method} {0x00007032c04672b0} 'invokeImpl' '(Ljava/lang/Object;[Ljava/lang/Object;)Ljava/lang/Object;' in 'jdk/internal/reflect/DirectMethodHandleAccessor')}
  0x00007032e0fe58ac: 0000 0048 | b988 42bd | c032 7000 | 0048 8d89 | 4802 0000 | 4885 d275 | 0ef6 4108 | 0175 47f0 
  0x00007032e0fe58cc: 4883 4908 | 01eb 3f44 | 8b42 084d | 8bd0 4c33 | 4108 49f7 | c0fc ffff | ff74 2b41 | f6c0 0275 
  0x00007032e0fe58ec: 2548 f741 | 08fe ffff | ff74 174d | 8bc2 4c33 | 4108 49f7 | c0fc ffff | ff74 0b48 | 8349 0802 
  0x00007032e0fe590c: eb04 4c89 

  0x00007032e0fe5910: ;   {metadata(method data for {method} {0x00007032c0b19ab0} 'invokeExact_MT' '(Ljava/lang/Object;Ljava/lang/Object;Ljava/lang/Object;Ljava/lang/Object;Ljava/lang/Object;)Ljava/lang/Object;' in 'java/lang/invoke/LambdaForm$MH+0x000000000e146c00')}
  0x00007032e0fe5910: 4108 48b9 | 209d b1c0 | 3270 0000 | 488d 8970 | 0200 0048 | 85ff 750c | f601 0175 | 41f0 4883 
  0x00007032e0fe5930: 0901 eb3a | 448b 4708 | 4d8b d04c | 3301 49f7 | c0fc ffff | ff74 2741 | f6c0 0275 | 2148 f701 
  0x00007032e0fe5950: feff ffff | 7415 4d8b | c24c 3301 | 49f7 c0fc | ffff ff74 | 0948 8309 | 02eb 034c | 8901 4885 
  0x00007032e0fe5970: d275 0ef6 | 4110 0175 | 47f0 4883 | 4910 01eb | 3f44 8b42 | 084d 8bd0 | 4c33 4110 | 49f7 c0fc 
  0x00007032e0fe5990: ffff ff74 | 2b41 f6c0 | 0275 2548 | f741 10fe | ffff ff74 | 174d 8bc2 | 4c33 4110 | 49f7 c0fc 
  0x00007032e0fe59b0: ffff ff74 | 0b48 8349 | 1002 eb04 | 4c89 4110 

  0x00007032e0fe59c0: ;   {metadata(method data for {method} {0x00007032c04672b0} 'invokeImpl' '(Ljava/lang/Object;[Ljava/lang/Object;)Ljava/lang/Object;' in 'jdk/internal/reflect/DirectMethodHandleAccessor')}
  0x00007032e0fe59c0: 48b9 8842 | bdc0 3270 | 0000 4883 | 8118 0200 

  0x00007032e0fe59d0: ;   {metadata(method data for {method} {0x00007032c0b19ab0} 'invokeExact_MT' '(Ljava/lang/Object;Ljava/lang/Object;Ljava/lang/Object;Ljava/lang/Object;Ljava/lang/Object;)Ljava/lang/Object;' in 'java/lang/invoke/LambdaForm$MH+0x000000000e146c00')}
  0x00007032e0fe59d0: 0001 48b9 | 209d b1c0 | 3270 0000 | 448b 8190 | 0000 0041 | 83c0 0244 | 8981 9000 | 0000 4181 
  0x00007032e0fe59f0: e0fe ff1f | 0045 85c0 | 0f84 fc10 

  0x00007032e0fe59fc: ;   {metadata(method data for {method} {0x00007032c0b19ab0} 'invokeExact_MT' '(Ljava/lang/Object;Ljava/lang/Object;Ljava/lang/Object;Ljava/lang/Object;Ljava/lang/Object;)Ljava/lang/Object;' in 'java/lang/invoke/LambdaForm$MH+0x000000000e146c00')}
  0x00007032e0fe59fc: 0000 48b9 | 209d b1c0 | 3270 0000 | 488d 8948 | 0100 0048 | 85ff 750e | f641 0801 | 7547 f048 
  0x00007032e0fe5a1c: 8349 0801 | eb3f 448b | 4708 4d8b | d04c 3341 | 0849 f7c0 | fcff ffff | 742b 41f6 | c002 7525 
  0x00007032e0fe5a3c: 48f7 4108 | feff ffff | 7417 4d8b | c24c 3341 | 0849 f7c0 | fcff ffff | 740b 4883 | 4908 02eb 
  0x00007032e0fe5a5c: 044c 8941 

  0x00007032e0fe5a60: ;   {metadata(method data for {method} {0x00007032c0b19ab0} 'invokeExact_MT' '(Ljava/lang/Object;Ljava/lang/Object;Ljava/lang/Object;Ljava/lang/Object;Ljava/lang/Object;)Ljava/lang/Object;' in 'java/lang/invoke/LambdaForm$MH+0x000000000e146c00')}
  0x00007032e0fe5a60: 0848 b920 | 9db1 c032 | 7000 0048 | 8381 3801 

  0x00007032e0fe5a70: ;   {metadata(method data for {method} {0x00007032c036ac58} 'checkExactType' '(Ljava/lang/invoke/MethodHandle;Ljava/lang/invoke/MethodType;)V' in 'java/lang/invoke/Invokers')}
  0x00007032e0fe5a70: 0000 0148 | b928 1dbd | c032 7000 | 0044 8b81 | 9000 0000 | 4183 c002 | 4489 8190 | 0000 0041 
  0x00007032e0fe5a90: 81e0 feff | 1f00 4585 | c00f 847c | 1000 0048 | 3b07 488b 

  0x00007032e0fe5aa4: ;   {metadata(method data for {method} {0x00007032c036ac58} 'checkExactType' '(Ljava/lang/invoke/MethodHandle;Ljava/lang/invoke/MethodType;)V' in 'java/lang/invoke/Invokers')}
  0x00007032e0fe5aa4: cf49 b828 | 1dbd c032 | 7000 008b | 4908 493b | 88e0 0000 | 0075 0d49 | 8380 e800 | 0000 01e9 
  0x00007032e0fe5ac4: 6000 0000 | 493b 88f0 | 0000 0075 | 0d49 8380 | f800 0000 | 01e9 4a00 | 0000 4983 | b8e0 0000 
  0x00007032e0fe5ae4: 0000 7517 | 4989 88e0 | 0000 0049 | c780 e800 | 0000 0100 | 0000 e929 | 0000 0049 | 83b8 f000 
  0x00007032e0fe5b04: 0000 0075 | 1749 8988 | f000 0000 | 49c7 80f8 | 0000 0001 | 0000 00e9 | 0800 0000 | 4983 80d8 
  0x00007032e0fe5b24: 0000 0001 

  0x00007032e0fe5b28: ;   {oop(a 'java/lang/invoke/MethodType'{0x00000000c0122bb0} = (Ljava/lang/Object;Ljava/lang/Object;Ljava/lang/Object;)Ljava/lang/Object;)}
  0x00007032e0fe5b28: 8b4f 1049 | b8b0 2b12 | c000 0000 | 0049 3bc8 

  0x00007032e0fe5b38: ;   {metadata(method data for {method} {0x00007032c036ac58} 'checkExactType' '(Ljava/lang/invoke/MethodHandle;Ljava/lang/invoke/MethodType;)V' in 'java/lang/invoke/Invokers')}
  0x00007032e0fe5b38: 49b8 281d | bdc0 3270 | 0000 41b9 | 1801 0000 | 7506 41b9 | 0801 0000 | 4f8b 1c08 | 4d8d 5b01 
  0x00007032e0fe5b58: 4f89 1c08 | 0f85 7d09 

  0x00007032e0fe5b60: ;   {metadata(method data for {method} {0x00007032c0b19ab0} 'invokeExact_MT' '(Ljava/lang/Object;Ljava/lang/Object;Ljava/lang/Object;Ljava/lang/Object;Ljava/lang/Object;)Ljava/lang/Object;' in 'java/lang/invoke/LambdaForm$MH+0x000000000e146c00')}
  0x00007032e0fe5b60: 0000 48b9 | 209d b1c0 | 3270 0000 | 488d 8980 | 0100 0044 | 8b47 084d | 8bd0 4c33 | 4108 49f7 
  0x00007032e0fe5b80: c0fc ffff | ff74 2b41 | f6c0 0275 | 2548 f741 | 08fe ffff | ff74 174d | 8bc2 4c33 | 4108 49f7 
  0x00007032e0fe5ba0: c0fc ffff | ff74 0b48 | 8349 0802 | eb04 4c89 

  0x00007032e0fe5bb0: ;   {metadata(method data for {method} {0x00007032c0b19ab0} 'invokeExact_MT' '(Ljava/lang/Object;Ljava/lang/Object;Ljava/lang/Object;Ljava/lang/Object;Ljava/lang/Object;)Ljava/lang/Object;' in 'java/lang/invoke/LambdaForm$MH+0x000000000e146c00')}
  0x00007032e0fe5bb0: 4108 48b9 | 209d b1c0 | 3270 0000 | 4883 8170 | 0100 0001 

  0x00007032e0fe5bc4: ;   {metadata(method data for {method} {0x00007032c036b2a0} 'checkCustomized' '(Ljava/lang/invoke/MethodHandle;)V' in 'java/lang/invoke/Invokers')}
  0x00007032e0fe5bc4: 48b9 506a | bcc0 3270 | 0000 448b | 8190 0000 | 0041 83c0 | 0244 8981 | 9000 0000 | 4181 e0fe 
  0x00007032e0fe5be4: ff1f 0045 | 85c0 0f84 | 510f 0000 

  0x00007032e0fe5bf0: ;   {metadata(method data for {method} {0x00007032c036b2a0} 'checkCustomized' '(Ljava/lang/invoke/MethodHandle;)V' in 'java/lang/invoke/Invokers')}
  0x00007032e0fe5bf0: 48b9 506a | bcc0 3270 | 0000 4883 | 81d8 0000 

  0x00007032e0fe5c00: ;   {metadata(method data for {method} {0x00007032c008fb80} 'isCompileConstant' '(Ljava/lang/Object;)Z' in 'java/lang/invoke/MethodHandleImpl')}
  0x00007032e0fe5c00: 0001 48b9 | c86b bcc0 | 3270 0000 | 448b 8190 | 0000 0041 | 83c0 0244 | 8981 9000 | 0000 4181 
  0x00007032e0fe5c20: e0fe ff1f | 0045 85c0 | 0f84 340f 

  0x00007032e0fe5c2c: ;   {metadata(method data for {method} {0x00007032c036b2a0} 'checkCustomized' '(Ljava/lang/invoke/MethodHandle;)V' in 'java/lang/invoke/Invokers')}
  0x00007032e0fe5c2c: 0000 48b9 | 506a bcc0 | 3270 0000 | ff81 e800 | 0000 8b4f | 148b 491c 

  0x00007032e0fe5c44: ;   {metadata(method data for {method} {0x00007032c036b2a0} 'checkCustomized' '(Ljava/lang/invoke/MethodHandle;)V' in 'java/lang/invoke/Invokers')}
  0x00007032e0fe5c44: 4885 c948 | b950 6abc | c032 7000 | 0041 b808 | 0100 0075 | 0641 b818 | 0100 004e | 8b0c 014d 
  0x00007032e0fe5c64: 8d49 014e | 890c 010f | 8523 0000 

  0x00007032e0fe5c70: ;   {metadata(method data for {method} {0x00007032c036b2a0} 'checkCustomized' '(Ljava/lang/invoke/MethodHandle;)V' in 'java/lang/invoke/Invokers')}
  0x00007032e0fe5c70: 0048 b950 | 6abc c032 | 7000 0048 | 8381 2801 | 0000 0148 

  0x00007032e0fe5c84: ;   {static_call}
  0x00007032e0fe5c84: 8bf7 90e8 

  0x00007032e0fe5c88: ; ImmutableOopMap {[168]=Oop [184]=Oop [192]=Oop [200]=Oop [208]=Oop }
                      ;*invokestatic maybeCustomize {reexecute=0 rethrow=0 return_oop=0}
                      ; - java.lang.invoke.Invokers::checkCustomized@19
                      ; - java.lang.invoke.LambdaForm$MH/0x000000000e146c00::invokeExact_MT@15
                      ; - jdk.internal.reflect.DirectMethodHandleAccessor::invokeImpl@72
                      ; - jdk.internal.reflect.DirectMethodHandleAccessor::invoke@23
  0x00007032e0fe5c88: f48e ffff 

  0x00007032e0fe5c8c: ;   {post_call_nop}
  0x00007032e0fe5c8c: 0f1f 8400 | 840b 0004 | 488b 9c24 | c000 0000 | 488b 9424 | b800 0000 

  0x00007032e0fe5ca4: ;   {metadata(method data for {method} {0x00007032c0b19ab0} 'invokeExact_MT' '(Ljava/lang/Object;Ljava/lang/Object;Ljava/lang/Object;Ljava/lang/Object;Ljava/lang/Object;)Ljava/lang/Object;' in 'java/lang/invoke/LambdaForm$MH+0x000000000e146c00')}
  0x00007032e0fe5ca4: 48b9 209d | b1c0 3270 | 0000 488d | 89c8 0100 | 0048 85d2 | 750e f641 | 0801 7547 | f048 8349 
  0x00007032e0fe5cc4: 0801 eb3f | 448b 4208 | 4d8b d04c | 3341 0849 | f7c0 fcff | ffff 742b | 41f6 c002 | 7525 48f7 
  0x00007032e0fe5ce4: 4108 feff | ffff 7417 | 4d8b c24c | 3341 0849 | f7c0 fcff | ffff 740b | 4883 4908 | 02eb 044c 
  0x00007032e0fe5d04: 8941 0848 | 85db 750e | f641 1801 | 7547 f048 | 8349 1801 | eb3f 448b | 4308 4d8b | d04c 3341 
  0x00007032e0fe5d24: 1849 f7c0 | fcff ffff | 742b 41f6 | c002 7525 | 48f7 4118 | feff ffff | 7417 4d8b | c24c 3341 
  0x00007032e0fe5d44: 1849 f7c0 | fcff ffff | 740b 4883 | 4918 02eb | 044c 8941 | 1848 8bbc | 24c8 0000 

  0x00007032e0fe5d60: ;   {metadata(method data for {method} {0x00007032c0b19ab0} 'invokeExact_MT' '(Ljava/lang/Object;Ljava/lang/Object;Ljava/lang/Object;Ljava/lang/Object;Ljava/lang/Object;)Ljava/lang/Object;' in 'java/lang/invoke/LambdaForm$MH+0x000000000e146c00')}
  0x00007032e0fe5d60: 0048 b920 | 9db1 c032 | 7000 008b | 7f08 483b | b9a0 0100 | 0075 0d48 | 8381 a801 | 0000 01e9 
  0x00007032e0fe5d80: 6000 0000 | 483b b9b0 | 0100 0075 | 0d48 8381 | b801 0000 | 01e9 4a00 | 0000 4883 | b9a0 0100 
  0x00007032e0fe5da0: 0000 7517 | 4889 b9a0 | 0100 0048 | c781 a801 | 0000 0100 | 0000 e929 | 0000 0048 | 83b9 b001 
  0x00007032e0fe5dc0: 0000 0075 | 1748 89b9 | b001 0000 | 48c7 81b8 | 0100 0001 | 0000 00e9 | 0800 0000 | 4883 8198 
  0x00007032e0fe5de0: 0100 0001 | 488b cb4c | 8b84 24d0 | 0000 0048 | 8bb4 24c8 

  0x00007032e0fe5df4: ;   {optimized virtual_call}
  0x00007032e0fe5df4: 0000 00e8 

  0x00007032e0fe5df8: ; ImmutableOopMap {[168]=Oop }
                      ;*invokevirtual invokeBasic {reexecute=0 rethrow=0 return_oop=0}
                      ; - java.lang.invoke.LambdaForm$MH/0x000000000e146c00::invokeExact_MT@22
                      ; - jdk.internal.reflect.DirectMethodHandleAccessor::invokeImpl@72
                      ; - jdk.internal.reflect.DirectMethodHandleAccessor::invoke@23
  0x00007032e0fe5df8: 84f3 9807 

  0x00007032e0fe5dfc: ;   {post_call_nop}
  0x00007032e0fe5dfc: 0f1f 8400 | f40c 0005 

  0x00007032e0fe5e04: ;   {metadata(method data for {method} {0x00007032c0b19ab0} 'invokeExact_MT' '(Ljava/lang/Object;Ljava/lang/Object;Ljava/lang/Object;Ljava/lang/Object;Ljava/lang/Object;)Ljava/lang/Object;' in 'java/lang/invoke/LambdaForm$MH+0x000000000e146c00')}
  0x00007032e0fe5e04: 48ba 209d | b1c0 3270 | 0000 488d | 92e8 0100 | 0048 85c0 | 750c f602 | 0175 3ff0 | 4883 0a01 
  0x00007032e0fe5e24: eb38 8b48 | 084c 8bd1 | 4833 0a48 | f7c1 fcff | ffff 7426 | f6c1 0275 | 2148 f702 | feff ffff 
  0x00007032e0fe5e44: 7415 498b | ca48 330a | 48f7 c1fc | ffff ff74 | 0948 830a | 02eb 0348 

  0x00007032e0fe5e5c: ;   {metadata(method data for {method} {0x00007032c04672b0} 'invokeImpl' '(Ljava/lang/Object;[Ljava/lang/Object;)Ljava/lang/Object;' in 'jdk/internal/reflect/DirectMethodHandleAccessor')}
  0x00007032e0fe5e5c: 890a 48ba | 8842 bdc0 | 3270 0000 | 488d 9268 | 0200 0048 | 85c0 750c | f602 0175 | 3ff0 4883 
  0x00007032e0fe5e7c: 0a01 eb38 | 8b48 084c | 8bd1 4833 | 0a48 f7c1 | fcff ffff | 7426 f6c1 | 0275 2148 | f702 feff 
  0x00007032e0fe5e9c: ffff 7415 | 498b ca48 | 330a 48f7 | c1fc ffff | ff74 0948 | 830a 02eb | 0348 890a 

  0x00007032e0fe5eb8: ;   {metadata(method data for {method} {0x00007032c04672b0} 'invokeImpl' '(Ljava/lang/Object;[Ljava/lang/Object;)Ljava/lang/Object;' in 'jdk/internal/reflect/DirectMethodHandleAccessor')}
  0x00007032e0fe5eb8: 48ba 8842 | bdc0 3270 | 0000 ff82 | 7802 0000 | 4881 c420 | 0100 005d 

  0x00007032e0fe5ed0: ;   {poll_return}
  0x00007032e0fe5ed0: 493b 6728 | 0f87 ae0c | 0000 c348 | 8b8c 24b0 | 0000 0048 | 8b94 24b8 | 0000 008b | 7e18 8379 
  0x00007032e0fe5ef0: 0c00 0f86 | b00c 0000 | 8b49 100f | 1f44 0000 

  0x00007032e0fe5f00: ;   {oop(a 'java/lang/invoke/MethodType'{0x00000000c0127ee0} = (Ljava/lang/Object;Ljava/lang/Object;)Ljava/lang/Object;)}
  0x00007032e0fe5f00: 49b8 e07e | 12c0 0000 | 0000 483b 

  0x00007032e0fe5f0c: ;   {metadata(method data for {method} {0x00007032c04672b0} 'invokeImpl' '(Ljava/lang/Object;[Ljava/lang/Object;)Ljava/lang/Object;' in 'jdk/internal/reflect/DirectMethodHandleAccessor')}
  0x00007032e0fe5f0c: 0748 bb88 | 42bd c032 | 7000 0048 | 8d9b d001 | 0000 4885 | d275 0ef6 | 4308 0175 | 42f0 4883 
  0x00007032e0fe5f2c: 4b08 01eb | 3a8b 4208 | 4c8b d048 | 3343 0848 | a9fc ffff | ff74 28a8 | 0275 2448 | f743 08fe 
  0x00007032e0fe5f4c: ffff ff74 | 1649 8bc2 | 4833 4308 | 48a9 fcff | ffff 740b | 4883 4b08 | 02eb 0448 | 8943 0848 
  0x00007032e0fe5f6c: 85c9 750e | f643 1801 | 7542 f048 | 834b 1801 | eb3a 8b41 | 084c 8bd0 | 4833 4318 | 48a9 fcff 
  0x00007032e0fe5f8c: ffff 7428 | a802 7524 | 48f7 4318 | feff ffff | 7416 498b | c248 3343 | 1848 a9fc | ffff ff74 
  0x00007032e0fe5fac: 0b48 834b | 1802 eb04 | 4889 4318 

  0x00007032e0fe5fb8: ;   {metadata(method data for {method} {0x00007032c04672b0} 'invokeImpl' '(Ljava/lang/Object;[Ljava/lang/Object;)Ljava/lang/Object;' in 'jdk/internal/reflect/DirectMethodHandleAccessor')}
  0x00007032e0fe5fb8: 488b df48 | b888 42bd | c032 7000 | 008b 5b08 | 483b 98a8 | 0100 0075 | 0d48 8380 | b001 0000 
  0x00007032e0fe5fd8: 01e9 6000 | 0000 483b | 98b8 0100 | 0075 0d48 | 8380 c001 | 0000 01e9 | 4a00 0000 | 4883 b8a8 
  0x00007032e0fe5ff8: 0100 0000 | 7517 4889 | 98a8 0100 | 0048 c780 | b001 0000 | 0100 0000 | e929 0000 | 0048 83b8 
  0x00007032e0fe6018: b801 0000 | 0075 1748 | 8998 b801 | 0000 48c7 | 80c0 0100 | 0001 0000 | 00e9 0800 | 0000 4883 
  0x00007032e0fe6038: 80a0 0100 | 0001 488b | f766 0f1f 

  0x00007032e0fe6044: ;   {optimized virtual_call}
  0x00007032e0fe6044: 4400 00e8 

  0x00007032e0fe6048: ; ImmutableOopMap {[168]=Oop }
                      ;*invokevirtual invokeExact {reexecute=0 rethrow=0 return_oop=0}
                      ; - jdk.internal.reflect.DirectMethodHandleAccessor::invokeImpl@55
                      ; - jdk.internal.reflect.DirectMethodHandleAccessor::invoke@23
  0x00007032e0fe6048: b10d 0000 

  0x00007032e0fe604c: ;   {post_call_nop}
  0x00007032e0fe604c: 0f1f 8400 | 440f 0006 

  0x00007032e0fe6054: ;   {metadata(method data for {method} {0x00007032c04672b0} 'invokeImpl' '(Ljava/lang/Object;[Ljava/lang/Object;)Ljava/lang/Object;' in 'jdk/internal/reflect/DirectMethodHandleAccessor')}
  0x00007032e0fe6054: 48be 8842 | bdc0 3270 | 0000 488d | b6f0 0100 | 0048 85c0 | 750c f606 | 0175 40f0 | 4883 0e01 
  0x00007032e0fe6074: eb39 8b78 | 084c 8bd7 | 4833 3e48 | f7c7 fcff | ffff 7427 | 40f6 c702 | 7521 48f7 | 06fe ffff 
  0x00007032e0fe6094: ff74 1549 | 8bfa 4833 | 3e48 f7c7 | fcff ffff | 7409 4883 | 0e02 eb03 

  0x00007032e0fe60ac: ;   {metadata(method data for {method} {0x00007032c04672b0} 'invokeImpl' '(Ljava/lang/Object;[Ljava/lang/Object;)Ljava/lang/Object;' in 'jdk/internal/reflect/DirectMethodHandleAccessor')}
  0x00007032e0fe60ac: 4889 3e48 | be88 42bd | c032 7000 | 00ff 8600 | 0200 0048 | 81c4 2001 

  0x00007032e0fe60c4: ;   {poll_return}
  0x00007032e0fe60c4: 0000 5d49 | 3b67 280f | 8707 0b00 | 00c3 488b | 9424 b800 | 0000 8b7e | 1848 89bc | 24d8 0000 
  0x00007032e0fe60e4: ;   {metadata(method data for {method} {0x00007032c04672b0} 'invokeImpl' '(Ljava/lang/Object;[Ljava/lang/Object;)Ljava/lang/Object;' in 'jdk/internal/reflect/DirectMethodHandleAccessor')}
  0x00007032e0fe60e4: 0048 bb88 | 42bd c032 | 7000 0048 | 8d9b 6801 | 0000 4885 | d275 0cf6 | 4308 0175 | 06f0 4883 
  0x00007032e0fe6104: ;   {metadata(method data for {method} {0x00007032c03c25d8} 'invokeExact_MT' '(Ljava/lang/Object;Ljava/lang/Object;Ljava/lang/Object;)Ljava/lang/Object;' in 'java/lang/invoke/Invokers$Holder')}
  0x00007032e0fe6104: 4b08 0148 | bb40 46bd | c032 7000 | 0048 8d9b | 5002 0000 | 4885 ff75 | 0af6 0301 | 7505 f048 
  0x00007032e0fe6124: 830b 0148 | 85d2 750c | f643 1001 | 7506 f048 | 834b 1001 

  0x00007032e0fe6138: ;   {metadata(method data for {method} {0x00007032c04672b0} 'invokeImpl' '(Ljava/lang/Object;[Ljava/lang/Object;)Ljava/lang/Object;' in 'jdk/internal/reflect/DirectMethodHandleAccessor')}
  0x00007032e0fe6138: 48bb 8842 | bdc0 3270 | 0000 4883 | 8338 0100 

  0x00007032e0fe6148: ;   {metadata(method data for {method} {0x00007032c03c25d8} 'invokeExact_MT' '(Ljava/lang/Object;Ljava/lang/Object;Ljava/lang/Object;)Ljava/lang/Object;' in 'java/lang/invoke/Invokers$Holder')}
  0x00007032e0fe6148: 0001 48bb | 4046 bdc0 | 3270 0000 | 8b83 9000 | 0000 83c0 | 0289 8390 | 0000 0025 | feff 1f00 
  0x00007032e0fe6168: 85c0 0f84 | 7e0a 0000 

  0x00007032e0fe6170: ;   {metadata(method data for {method} {0x00007032c03c25d8} 'invokeExact_MT' '(Ljava/lang/Object;Ljava/lang/Object;Ljava/lang/Object;)Ljava/lang/Object;' in 'java/lang/invoke/Invokers$Holder')}
  0x00007032e0fe6170: 48bb 4046 | bdc0 3270 | 0000 488d | 9b48 0100 | 0048 85ff | 750c f643 | 0801 7506 | f048 834b 
  0x00007032e0fe6190: ;   {metadata(method data for {method} {0x00007032c03c25d8} 'invokeExact_MT' '(Ljava/lang/Object;Ljava/lang/Object;Ljava/lang/Object;)Ljava/lang/Object;' in 'java/lang/invoke/Invokers$Holder')}
  0x00007032e0fe6190: 0801 48bb | 4046 bdc0 | 3270 0000 | 4883 8338 | 0100 0001 

  0x00007032e0fe61a4: ;   {metadata(method data for {method} {0x00007032c036ac58} 'checkExactType' '(Ljava/lang/invoke/MethodHandle;Ljava/lang/invoke/MethodType;)V' in 'java/lang/invoke/Invokers')}
  0x00007032e0fe61a4: 48bb 281d | bdc0 3270 | 0000 8b83 | 9000 0000 | 83c0 0289 | 8390 0000 | 0025 feff | 1f00 85c0 
  0x00007032e0fe61c4: 0f84 450a | 0000 483b | 0748 8bdf 

  0x00007032e0fe61d0: ;   {metadata(method data for {method} {0x00007032c036ac58} 'checkExactType' '(Ljava/lang/invoke/MethodHandle;Ljava/lang/invoke/MethodType;)V' in 'java/lang/invoke/Invokers')}
  0x00007032e0fe61d0: 48b8 281d | bdc0 3270 | 0000 8b5b | 0848 3b98 | e000 0000 | 750d 4883 | 80e8 0000 | 0001 e960 
  0x00007032e0fe61f0: 0000 0048 | 3b98 f000 | 0000 750d | 4883 80f8 | 0000 0001 | e94a 0000 | 0048 83b8 | e000 0000 
  0x00007032e0fe6210: 0075 1748 | 8998 e000 | 0000 48c7 | 80e8 0000 | 0001 0000 | 00e9 2900 | 0000 4883 | b8f0 0000 
  0x00007032e0fe6230: 0000 7517 | 4889 98f0 | 0000 0048 | c780 f800 | 0000 0100 | 0000 e908 | 0000 0048 | 8380 d800 
  0x00007032e0fe6250: 0000 018b 

  0x00007032e0fe6254: ;   {oop(a 'java/lang/invoke/MethodType'{0x00000000c0127dc8} = (Ljava/lang/Object;)Ljava/lang/Object;)}
  0x00007032e0fe6254: 5f10 48b8 | c87d 12c0 | 0000 0000 

  0x00007032e0fe6260: ;   {metadata(method data for {method} {0x00007032c036ac58} 'checkExactType' '(Ljava/lang/invoke/MethodHandle;Ljava/lang/invoke/MethodType;)V' in 'java/lang/invoke/Invokers')}
  0x00007032e0fe6260: 483b d848 | b828 1dbd | c032 7000 | 00b9 1801 | 0000 7505 | b908 0100 | 004c 8b04 | 084d 8d40 
  0x00007032e0fe6280: 014c 8904 | 080f 850c 

  0x00007032e0fe6288: ;   {metadata(method data for {method} {0x00007032c03c25d8} 'invokeExact_MT' '(Ljava/lang/Object;Ljava/lang/Object;Ljava/lang/Object;)Ljava/lang/Object;' in 'java/lang/invoke/Invokers$Holder')}
  0x00007032e0fe6288: 0200 0048 | bb40 46bd | c032 7000 | 0048 8383 | 7001 0000 

  0x00007032e0fe629c: ;   {metadata(method data for {method} {0x00007032c036b2a0} 'checkCustomized' '(Ljava/lang/invoke/MethodHandle;)V' in 'java/lang/invoke/Invokers')}
  0x00007032e0fe629c: 0148 bb50 | 6abc c032 | 7000 008b | 8390 0000 | 0083 c002 | 8983 9000 | 0000 25fe | ff1f 0085 
  0x00007032e0fe62bc: c00f 8472 

  0x00007032e0fe62c0: ;   {metadata(method data for {method} {0x00007032c036b2a0} 'checkCustomized' '(Ljava/lang/invoke/MethodHandle;)V' in 'java/lang/invoke/Invokers')}
  0x00007032e0fe62c0: 0900 0048 | bb50 6abc | c032 7000 | 0048 8383 | d800 0000 

  0x00007032e0fe62d4: ;   {metadata(method data for {method} {0x00007032c008fb80} 'isCompileConstant' '(Ljava/lang/Object;)Z' in 'java/lang/invoke/MethodHandleImpl')}
  0x00007032e0fe62d4: 0148 bbc8 | 6bbc c032 | 7000 008b | 8390 0000 | 0083 c002 | 8983 9000 | 0000 25fe | ff1f 0085 
  0x00007032e0fe62f4: c00f 845b 

  0x00007032e0fe62f8: ;   {metadata(method data for {method} {0x00007032c036b2a0} 'checkCustomized' '(Ljava/lang/invoke/MethodHandle;)V' in 'java/lang/invoke/Invokers')}
  0x00007032e0fe62f8: 0900 0048 | bb50 6abc | c032 7000 | 00ff 83e8 | 0000 008b | 5f14 8b5b | 1c48 85db 

  0x00007032e0fe6314: ;   {metadata(method data for {method} {0x00007032c036b2a0} 'checkCustomized' '(Ljava/lang/invoke/MethodHandle;)V' in 'java/lang/invoke/Invokers')}
  0x00007032e0fe6314: 48bb 506a | bcc0 3270 | 0000 b808 | 0100 0075 | 05b8 1801 | 0000 488b | 0c03 488d | 4901 4889 
  0x00007032e0fe6334: 0c03 0f85 | 2800 0000 

  0x00007032e0fe633c: ;   {metadata(method data for {method} {0x00007032c036b2a0} 'checkCustomized' '(Ljava/lang/invoke/MethodHandle;)V' in 'java/lang/invoke/Invokers')}
  0x00007032e0fe633c: 48bb 506a | bcc0 3270 | 0000 4883 | 8328 0100 | 0001 488b | f766 0f1f 

  0x00007032e0fe6354: ;   {static_call}
  0x00007032e0fe6354: 4400 00e8 

  0x00007032e0fe6358: ; ImmutableOopMap {[168]=Oop [184]=Oop [216]=Oop }
                      ;*invokestatic maybeCustomize {reexecute=0 rethrow=0 return_oop=0}
                      ; - java.lang.invoke.Invokers::checkCustomized@19
                      ; - java.lang.invoke.Invokers$Holder::invokeExact_MT@14
                      ; - jdk.internal.reflect.DirectMethodHandleAccessor::invokeImpl@41
                      ; - jdk.internal.reflect.DirectMethodHandleAccessor::invoke@23
  0x00007032e0fe6358: 2488 ffff 

  0x00007032e0fe635c: ;   {post_call_nop}
  0x00007032e0fe635c: 0f1f 8400 | 5412 0007 | 488b 9424 | b800 0000 

  0x00007032e0fe636c: ;   {metadata(method data for {method} {0x00007032c03c25d8} 'invokeExact_MT' '(Ljava/lang/Object;Ljava/lang/Object;Ljava/lang/Object;)Ljava/lang/Object;' in 'java/lang/invoke/Invokers$Holder')}
  0x00007032e0fe636c: 48be 4046 | bdc0 3270 | 0000 488d | b6c8 0100 | 0048 85d2 | 750c f646 | 0801 7506 | f048 834e 
  0x00007032e0fe638c: 0801 488b | bc24 d800 

  0x00007032e0fe6394: ;   {metadata(method data for {method} {0x00007032c03c25d8} 'invokeExact_MT' '(Ljava/lang/Object;Ljava/lang/Object;Ljava/lang/Object;)Ljava/lang/Object;' in 'java/lang/invoke/Invokers$Holder')}
  0x00007032e0fe6394: 0000 48be | 4046 bdc0 | 3270 0000 | 8b7f 0848 | 3bbe a001 | 0000 750d | 4883 86a8 | 0100 0001 
  0x00007032e0fe63b4: e960 0000 | 0048 3bbe | b001 0000 | 750d 4883 | 86b8 0100 | 0001 e94a | 0000 0048 | 83be a001 
  0x00007032e0fe63d4: 0000 0075 | 1748 89be | a001 0000 | 48c7 86a8 | 0100 0001 | 0000 00e9 | 2900 0000 | 4883 beb0 
  0x00007032e0fe63f4: 0100 0000 | 7517 4889 | beb0 0100 | 0048 c786 | b801 0000 | 0100 0000 | e908 0000 | 0048 8386 
  0x00007032e0fe6414: 9801 0000 | 0148 8bb4 | 24d8 0000 | 0066 0f1f 

  0x00007032e0fe6424: ;   {optimized virtual_call}
  0x00007032e0fe6424: 4400 00e8 

  0x00007032e0fe6428: ; ImmutableOopMap {[168]=Oop }
                      ;*invokevirtual invokeBasic {reexecute=0 rethrow=0 return_oop=0}
                      ; - java.lang.invoke.Invokers$Holder::invokeExact_MT@19
                      ; - jdk.internal.reflect.DirectMethodHandleAccessor::invokeImpl@41
                      ; - jdk.internal.reflect.DirectMethodHandleAccessor::invoke@23
  0x00007032e0fe6428: 54db 9707 

  0x00007032e0fe642c: ;   {post_call_nop}
  0x00007032e0fe642c: 0f1f 8400 | 2413 0008 

  0x00007032e0fe6434: ;   {metadata(method data for {method} {0x00007032c03c25d8} 'invokeExact_MT' '(Ljava/lang/Object;Ljava/lang/Object;Ljava/lang/Object;)Ljava/lang/Object;' in 'java/lang/invoke/Invokers$Holder')}
  0x00007032e0fe6434: 48be 4046 | bdc0 3270 | 0000 488d | b6d8 0100 | 0048 85c0 | 750a f606 | 0175 05f0 | 4883 0e01 
  0x00007032e0fe6454: ;   {metadata(method data for {method} {0x00007032c04672b0} 'invokeImpl' '(Ljava/lang/Object;[Ljava/lang/Object;)Ljava/lang/Object;' in 'jdk/internal/reflect/DirectMethodHandleAccessor')}
  0x00007032e0fe6454: 48be 8842 | bdc0 3270 | 0000 488d | b678 0100 | 0048 85c0 | 750a f606 | 0175 05f0 | 4883 0e01 
  0x00007032e0fe6474: ;   {metadata(method data for {method} {0x00007032c04672b0} 'invokeImpl' '(Ljava/lang/Object;[Ljava/lang/Object;)Ljava/lang/Object;' in 'jdk/internal/reflect/DirectMethodHandleAccessor')}
  0x00007032e0fe6474: 48be 8842 | bdc0 3270 | 0000 ff86 | 8801 0000 | 4881 c420 | 0100 005d 

  0x00007032e0fe648c: ;   {poll_return}
  0x00007032e0fe648c: 493b 6728 | 0f87 e607 

  0x00007032e0fe6494: ;   {metadata(method data for {method} {0x00007032c036ac58} 'checkExactType' '(Ljava/lang/invoke/MethodHandle;Ljava/lang/invoke/MethodType;)V' in 'java/lang/invoke/Invokers')}
  0x00007032e0fe6494: 0000 c348 | be28 1dbd | c032 7000 | 0048 8386 | 2801 0000 

  0x00007032e0fe64a8: ;   {oop(a 'java/lang/invoke/MethodType'{0x00000000c0127dc8} = (Ljava/lang/Object;)Ljava/lang/Object;)}
  0x00007032e0fe64a8: 0148 b8c8 | 7d12 c000 | 0000 0048 | 8bf3 488b | d066 0f1f 

  0x00007032e0fe64bc: ;   {static_call}
  0x00007032e0fe64bc: 4400 00e8 

  0x00007032e0fe64c0: ; ImmutableOopMap {[168]=Oop [184]=Oop [216]=Oop }
                      ;*invokestatic newWrongMethodTypeException {reexecute=0 rethrow=0 return_oop=0}
                      ; - java.lang.invoke.Invokers::checkExactType@12
                      ; - java.lang.invoke.Invokers$Holder::invokeExact_MT@10
                      ; - jdk.internal.reflect.DirectMethodHandleAccessor::invokeImpl@41
                      ; - jdk.internal.reflect.DirectMethodHandleAccessor::invoke@23
  0x00007032e0fe64c0: 1c88 4307 

  0x00007032e0fe64c4: ;   {post_call_nop}
  0x00007032e0fe64c4: 0f1f 8400 | bc13 0009 

  0x00007032e0fe64cc: ; implicit exception: dispatches to 0x00007032e0fe6c92
                      ; ImmutableOopMap {rax=Oop [168]=Oop [184]=Oop [216]=Oop }
                      ;*athrow {reexecute=1 rethrow=0 return_oop=0}
                      ; - (reexecute) java.lang.invoke.Invokers::checkExactType@15
                      ; - java.lang.invoke.Invokers$Holder::invokeExact_MT@10
                      ; - jdk.internal.reflect.DirectMethodHandleAccessor::invokeImpl@41
                      ; - jdk.internal.reflect.DirectMethodHandleAccessor::invoke@23
                      ;   {section_word}
  0x00007032e0fe64cc: 483b 0048 | bacf 64fe | e032 7000 

  0x00007032e0fe64d8: ;   {runtime_call C1 Runtime handle_exception_nofpu_blob}
  0x00007032e0fe64d8: 00e8 8293 

  0x00007032e0fe64dc: ;   {metadata(method data for {method} {0x00007032c036ac58} 'checkExactType' '(Ljava/lang/invoke/MethodHandle;Ljava/lang/invoke/MethodType;)V' in 'java/lang/invoke/Invokers')}
  0x00007032e0fe64dc: 4e07 9048 | be28 1dbd | c032 7000 | 0048 8386 | 2801 0000 

  0x00007032e0fe64f0: ;   {oop(a 'java/lang/invoke/MethodType'{0x00000000c0122bb0} = (Ljava/lang/Object;Ljava/lang/Object;Ljava/lang/Object;)Ljava/lang/Object;)}
  0x00007032e0fe64f0: 0149 b8b0 | 2b12 c000 | 0000 0048 | 8bf1 498b | d066 0f1f 

  0x00007032e0fe6504: ;   {static_call}
  0x00007032e0fe6504: 4400 00e8 

  0x00007032e0fe6508: ; ImmutableOopMap {[168]=Oop [184]=Oop [192]=Oop [200]=Oop [208]=Oop }
                      ;*invokestatic newWrongMethodTypeException {reexecute=0 rethrow=0 return_oop=0}
                      ; - java.lang.invoke.Invokers::checkExactType@12
                      ; - java.lang.invoke.LambdaForm$MH/0x000000000e146c00::invokeExact_MT@11
                      ; - jdk.internal.reflect.DirectMethodHandleAccessor::invokeImpl@72
                      ; - jdk.internal.reflect.DirectMethodHandleAccessor::invoke@23
  0x00007032e0fe6508: d487 4307 

  0x00007032e0fe650c: ;   {post_call_nop}
  0x00007032e0fe650c: 0f1f 8400 | 0414 000b 

  0x00007032e0fe6514: ; implicit exception: dispatches to 0x00007032e0fe6c97
                      ; ImmutableOopMap {rax=Oop [168]=Oop [184]=Oop [192]=Oop [200]=Oop [208]=Oop }
                      ;*athrow {reexecute=1 rethrow=0 return_oop=0}
                      ; - (reexecute) java.lang.invoke.Invokers::checkExactType@15
                      ; - java.lang.invoke.LambdaForm$MH/0x000000000e146c00::invokeExact_MT@11
                      ; - jdk.internal.reflect.DirectMethodHandleAccessor::invokeImpl@72
                      ; - jdk.internal.reflect.DirectMethodHandleAccessor::invoke@23
                      ;   {section_word}
  0x00007032e0fe6514: 483b 0048 | ba17 65fe | e032 7000 

  0x00007032e0fe6520: ;   {runtime_call C1 Runtime handle_exception_nofpu_blob}
  0x00007032e0fe6520: 00e8 3a93 | 4e07 9049 | 8b87 e005 | 0000 4d33 | d24d 8997 | e005 0000 | 4d33 d24d | 8997 e805 
  0x00007032e0fe6540: 0000 488b | b424 a800 

  0x00007032e0fe6548: ;   {metadata(method data for {method} {0x00007032c0466fd8} 'invoke' '(Ljava/lang/Object;[Ljava/lang/Object;)Ljava/lang/Object;' in 'jdk/internal/reflect/DirectMethodHandleAccessor')}
  0x00007032e0fe6548: 0000 48ba | d03b bdc0 | 3270 0000 | 4883 8208 | 0200 0001 

  0x00007032e0fe655c: ;   {metadata(method data for {method} {0x00007032c0467648} 'isIllegalArgument' '(Ljava/lang/RuntimeException;)Z' in 'jdk/internal/reflect/DirectMethodHandleAccessor')}
  0x00007032e0fe655c: 48be e896 | bdc0 3270 | 0000 8b96 | 9000 0000 | 83c2 0289 | 9690 0000 | 0081 e2fe | ff1f 0085 
  0x00007032e0fe657c: d20f 8419 

  0x00007032e0fe6580: ;   {oop(a 'java/lang/Class'{0x00000000c02682e8} = 'jdk/internal/reflect/DirectMethodHandleAccessor')}
  0x00007032e0fe6580: 0700 0048 | bee8 8226 | c000 0000 | 0048 8bd0 | 4889 8424 | e000 0000 | 0f1f 8000 

  0x00007032e0fe659c: ;   {static_call}
  0x00007032e0fe659c: 0000 00e8 

  0x00007032e0fe65a0: ; ImmutableOopMap {[224]=Oop }
                      ;*invokestatic isIllegalArgument {reexecute=0 rethrow=0 return_oop=0}
                      ; - jdk.internal.reflect.DirectMethodHandleAccessor::isIllegalArgument@3
                      ; - jdk.internal.reflect.DirectMethodHandleAccessor::invoke@58
  0x00007032e0fe65a0: 3c87 4307 

  0x00007032e0fe65a4: ;   {post_call_nop}
  0x00007032e0fe65a4: 0f1f 8400 | 9c14 000d | 83e0 0185 

  0x00007032e0fe65b0: ;   {metadata(method data for {method} {0x00007032c0466fd8} 'invoke' '(Ljava/lang/Object;[Ljava/lang/Object;)Ljava/lang/Object;' in 'jdk/internal/reflect/DirectMethodHandleAccessor')}
  0x00007032e0fe65b0: c048 b8d0 | 3bbd c032 | 7000 00be | 3802 0000 | 7405 be48 | 0200 0048 | 8b14 3048 | 8d52 0148 
  0x00007032e0fe65d0: 8914 300f | 8488 0200 | 00e9 eb01 | 0000 488b | b424 a800 | 0000 498b | 87e0 0500 | 004d 33d2 
  0x00007032e0fe65f0: 4d89 97e0 | 0500 004d | 33d2 4d89 | 97e8 0500 

  0x00007032e0fe6600: ;   {metadata(method data for {method} {0x00007032c0466fd8} 'invoke' '(Ljava/lang/Object;[Ljava/lang/Object;)Ljava/lang/Object;' in 'jdk/internal/reflect/DirectMethodHandleAccessor')}
  0x00007032e0fe6600: 0048 bad0 | 3bbd c032 | 7000 0048 | 8382 9801 

  0x00007032e0fe6610: ;   {metadata(method data for {method} {0x00007032c0467648} 'isIllegalArgument' '(Ljava/lang/RuntimeException;)Z' in 'jdk/internal/reflect/DirectMethodHandleAccessor')}
  0x00007032e0fe6610: 0000 0148 | bee8 96bd | c032 7000 | 008b 9690 | 0000 0083 | c202 8996 | 9000 0000 | 81e2 feff 
  0x00007032e0fe6630: 1f00 85d2 | 0f84 8306 

  0x00007032e0fe6638: ;   {oop(a 'java/lang/Class'{0x00000000c02682e8} = 'jdk/internal/reflect/DirectMethodHandleAccessor')}
  0x00007032e0fe6638: 0000 48be | e882 26c0 | 0000 0000 | 488b d048 | 8984 24e8 

  0x00007032e0fe664c: ;   {static_call}
  0x00007032e0fe664c: 0000 00e8 

  0x00007032e0fe6650: ; ImmutableOopMap {[232]=Oop }
                      ;*invokestatic isIllegalArgument {reexecute=0 rethrow=0 return_oop=0}
                      ; - jdk.internal.reflect.DirectMethodHandleAccessor::isIllegalArgument@3
                      ; - jdk.internal.reflect.DirectMethodHandleAccessor::invoke@30
  0x00007032e0fe6650: 8c86 4307 

  0x00007032e0fe6654: ;   {post_call_nop}
  0x00007032e0fe6654: 0f1f 8400 | 4c15 000e | 83e0 0185 

  0x00007032e0fe6660: ;   {metadata(method data for {method} {0x00007032c0466fd8} 'invoke' '(Ljava/lang/Object;[Ljava/lang/Object;)Ljava/lang/Object;' in 'jdk/internal/reflect/DirectMethodHandleAccessor')}
  0x00007032e0fe6660: c048 bad0 | 3bbd c032 | 7000 00be | c801 0000 | 7405 bed8 | 0100 0048 | 8b3c 3248 | 8d7f 0148 
  0x00007032e0fe6680: 893c 320f | 8498 0000 | 000f 1f80 | 0000 0000 

  0x00007032e0fe6690: ;   {other}
  0x00007032e0fe6690: e958 0600 | 0000 0000 | 0000 498b | 87c8 0100 | 0048 8d78 | 2849 3bbf | d801 0000 | 0f87 4506 
  0x00007032e0fe66b0: 0000 4989 | bfc8 0100 | 0048 c700 | 0100 0000 | 488b ca89 | 4808 4833 | c989 480c | 4833 c948 
  0x00007032e0fe66d0: 8948 1048 | 8948 1848 | 8948 2048 

  0x00007032e0fe66dc: ;   {metadata(method data for {method} {0x00007032c0466fd8} 'invoke' '(Ljava/lang/Object;[Ljava/lang/Object;)Ljava/lang/Object;' in 'jdk/internal/reflect/DirectMethodHandleAccessor')}
  0x00007032e0fe66dc: 8bd0 48be | d03b bdc0 | 3270 0000 | 4883 86e8 | 0100 0001 

  0x00007032e0fe66f0: ;   {oop("argument type mismatch"{0x00000000c0248cf8})}
  0x00007032e0fe66f0: 48ba f88c | 24c0 0000 | 0000 488b | f048 8984 | 24f0 0000 

  0x00007032e0fe6704: ;   {optimized virtual_call}
  0x00007032e0fe6704: 0066 90e8 

  0x00007032e0fe6708: ; ImmutableOopMap {[240]=Oop }
                      ;*invokespecial <init> {reexecute=0 rethrow=0 return_oop=0}
                      ; - jdk.internal.reflect.DirectMethodHandleAccessor::invoke@42
  0x00007032e0fe6708: d47f 4307 

  0x00007032e0fe670c: ;   {post_call_nop}
  0x00007032e0fe670c: 0f1f 8400 | 0416 000f | 488b 8424 | f000 0000 | e9a7 0600 | 0048 8b9c | 24e8 0000 | 000f 1f80 
  0x00007032e0fe672c: 0000 0000 

  0x00007032e0fe6730: ;   {other}
  0x00007032e0fe6730: e9de 0500 | 0000 0000 | 0000 80ba | 3001 0000 | 040f 85db | 0500 0049 | 8b87 c801 | 0000 488d 
  0x00007032e0fe6750: 7828 493b | bfd8 0100 | 000f 87c3 | 0500 0049 | 89bf c801 | 0000 48c7 | 0001 0000 | 0048 8bca 
  0x00007032e0fe6770: 8948 0848 | 33c9 8948 | 0c48 33c9 | 4889 4810 | 4889 4818 | 4889 4820 

  0x00007032e0fe6788: ;   {metadata(method data for {method} {0x00007032c0466fd8} 'invoke' '(Ljava/lang/Object;[Ljava/lang/Object;)Ljava/lang/Object;' in 'jdk/internal/reflect/DirectMethodHandleAccessor')}
  0x00007032e0fe6788: 488b d048 | bed0 3bbd | c032 7000 | 0048 8386 | f801 0000 | 0148 8bd3 | 488b f048 | 8984 24f8 
  0x00007032e0fe67a8: 0000 000f 

  0x00007032e0fe67ac: ;   {optimized virtual_call}
  0x00007032e0fe67ac: 1f40 00e8 

  0x00007032e0fe67b0: ; ImmutableOopMap {[248]=Oop }
                      ;*invokespecial <init> {reexecute=0 rethrow=0 return_oop=0}
                      ; - jdk.internal.reflect.DirectMethodHandleAccessor::invoke@51
  0x00007032e0fe67b0: 2c7f 4307 

  0x00007032e0fe67b4: ;   {post_call_nop}
  0x00007032e0fe67b4: 0f1f 8400 | ac16 0010 | 488b 8424 | f800 0000 | e9ff 0500 | 000f 1f80 | 0000 0000 

  0x00007032e0fe67d0: ;   {other}
  0x00007032e0fe67d0: e969 0500 | 0000 0000 | 0000 498b | 87c8 0100 | 0048 8d78 | 2849 3bbf | d801 0000 | 0f87 5605 
  0x00007032e0fe67f0: 0000 4989 | bfc8 0100 | 0048 c700 | 0100 0000 | 488b ca89 | 4808 4833 | c989 480c | 4833 c948 
  0x00007032e0fe6810: 8948 1048 | 8948 1848 | 8948 2048 

  0x00007032e0fe681c: ;   {metadata(method data for {method} {0x00007032c0466fd8} 'invoke' '(Ljava/lang/Object;[Ljava/lang/Object;)Ljava/lang/Object;' in 'jdk/internal/reflect/DirectMethodHandleAccessor')}
  0x00007032e0fe681c: 8bd0 48be | d03b bdc0 | 3270 0000 | 4883 8658 | 0200 0001 | 488b 9424 | e000 0000 | 488b f048 
  0x00007032e0fe683c: 8984 2400 | 0100 000f 

  0x00007032e0fe6844: ;   {optimized virtual_call}
  0x00007032e0fe6844: 1f40 00e8 

  0x00007032e0fe6848: ; ImmutableOopMap {[256]=Oop }
                      ;*invokespecial <init> {reexecute=0 rethrow=0 return_oop=0}
                      ; - jdk.internal.reflect.DirectMethodHandleAccessor::invoke@69
  0x00007032e0fe6848: 947e 4307 

  0x00007032e0fe684c: ;   {post_call_nop}
  0x00007032e0fe684c: 0f1f 8400 | 4417 0011 | 488b 8424 | 0001 0000 | e967 0500 | 0048 8b9c | 24e0 0000 | 000f 1f80 
  0x00007032e0fe686c: 0000 0000 

  0x00007032e0fe6870: ;   {other}
  0x00007032e0fe6870: e9ef 0400 | 0000 0000 | 0000 80ba | 3001 0000 | 040f 85ec | 0400 0049 | 8b87 c801 | 0000 488d 
  0x00007032e0fe6890: 7828 493b | bfd8 0100 | 000f 87d4 | 0400 0049 | 89bf c801 | 0000 48c7 | 0001 0000 | 0048 8bca 
  0x00007032e0fe68b0: 8948 0848 | 33c9 8948 | 0c48 33c9 | 4889 4810 | 4889 4818 | 4889 4820 

  0x00007032e0fe68c8: ;   {metadata(method data for {method} {0x00007032c0466fd8} 'invoke' '(Ljava/lang/Object;[Ljava/lang/Object;)Ljava/lang/Object;' in 'jdk/internal/reflect/DirectMethodHandleAccessor')}
  0x00007032e0fe68c8: 488b d048 | bed0 3bbd | c032 7000 | 0048 8386 | 6802 0000 | 0148 8bd3 | 488b f048 | 8984 2408 
  0x00007032e0fe68e8: 0100 000f 

  0x00007032e0fe68ec: ;   {optimized virtual_call}
  0x00007032e0fe68ec: 1f40 00e8 

  0x00007032e0fe68f0: ; ImmutableOopMap {[264]=Oop }
                      ;*invokespecial <init> {reexecute=0 rethrow=0 return_oop=0}
                      ; - jdk.internal.reflect.DirectMethodHandleAccessor::invoke@78
  0x00007032e0fe68f0: ec7d 4307 

  0x00007032e0fe68f4: ;   {post_call_nop}
  0x00007032e0fe68f4: 0f1f 8400 | ec17 0012 | 488b 8424 | 0801 0000 | e9bf 0400 | 0049 8b87 | e005 0000 | 4d33 d24d 
  0x00007032e0fe6914: 8997 e005 | 0000 4d33 | d24d 8997 | e805 0000 | 488b d890 

  0x00007032e0fe6928: ;   {metadata('java/lang/reflect/InvocationTargetException')}
  0x00007032e0fe6928: 48ba a85d | 0d0e 0000 | 0000 80ba | 3001 0000 | 040f 855f | 0400 0049 | 8b87 c801 | 0000 488d 
  0x00007032e0fe6948: 7828 493b | bfd8 0100 | 000f 8747 | 0400 0049 | 89bf c801 | 0000 48c7 | 0001 0000 | 0048 8bca 
  0x00007032e0fe6968: 8948 0848 | 33c9 8948 | 0c48 33c9 | 4889 4810 | 4889 4818 | 4889 4820 

  0x00007032e0fe6980: ;   {metadata(method data for {method} {0x00007032c0466fd8} 'invoke' '(Ljava/lang/Object;[Ljava/lang/Object;)Ljava/lang/Object;' in 'jdk/internal/reflect/DirectMethodHandleAccessor')}
  0x00007032e0fe6980: 488b d048 | bed0 3bbd | c032 7000 | 0048 8386 | 7802 0000 | 0148 8bd3 | 488b f048 | 8984 2410 
  0x00007032e0fe69a0: 0100 000f 

  0x00007032e0fe69a4: ;   {optimized virtual_call}
  0x00007032e0fe69a4: 1f40 00e8 

  0x00007032e0fe69a8: ; ImmutableOopMap {[272]=Oop }
                      ;*invokespecial <init> {reexecute=0 rethrow=0 return_oop=0}
                      ; - jdk.internal.reflect.DirectMethodHandleAccessor::invoke@88
  0x00007032e0fe69a8: a104 0000 

  0x00007032e0fe69ac: ;   {post_call_nop}
  0x00007032e0fe69ac: 0f1f 8400 | a418 0013 | 488b 8424 | 1001 0000 | e907 0400 

  0x00007032e0fe69c0: ;   {metadata({method} {0x00007032c0466fd8} 'invoke' '(Ljava/lang/Object;[Ljava/lang/Object;)Ljava/lang/Object;' in 'jdk/internal/reflect/DirectMethodHandleAccessor')}
  0x00007032e0fe69c0: 0049 bad8 | 6f46 c032 | 7000 004c | 8954 2408 | 48c7 0424 | ffff ffff 

  0x00007032e0fe69d8: ;   {runtime_call C1 Runtime counter_overflow_blob}
  0x00007032e0fe69d8: e883 c84e 

  0x00007032e0fe69dc: ; ImmutableOopMap {rsi=Oop rdx=Oop rcx=Oop [168]=Oop [184]=Oop }
                      ;*synchronization entry
                      ; - jdk.internal.reflect.DirectMethodHandleAccessor::invoke@-1
  0x00007032e0fe69dc: 07e9 94e8 

  0x00007032e0fe69e0: ;   {metadata({method} {0x00007032c04674e8} 'isStatic' '()Z' in 'jdk/internal/reflect/DirectMethodHandleAccessor')}
  0x00007032e0fe69e0: ffff 49ba | e874 46c0 | 3270 0000 | 4c89 5424 | 0848 c704 | 24ff ffff 

  0x00007032e0fe69f8: ;   {runtime_call C1 Runtime counter_overflow_blob}
  0x00007032e0fe69f8: ffe8 62c8 

  0x00007032e0fe69fc: ; ImmutableOopMap {rsi=Oop rdx=Oop rcx=Oop [168]=Oop [184]=Oop }
                      ;*synchronization entry
                      ; - jdk.internal.reflect.DirectMethodHandleAccessor::isStatic@-1
                      ; - jdk.internal.reflect.DirectMethodHandleAccessor::invoke@1
  0x00007032e0fe69fc: 4e07 e9af 

  0x00007032e0fe6a00: ;   {metadata({method} {0x00007032c04672b0} 'invokeImpl' '(Ljava/lang/Object;[Ljava/lang/Object;)Ljava/lang/Object;' in 'jdk/internal/reflect/DirectMethodHandleAccessor')}
  0x00007032e0fe6a00: e8ff ff49 | bab0 7246 | c032 7000 | 004c 8954 | 2408 48c7 | 0424 ffff 

  0x00007032e0fe6a18: ;   {runtime_call C1 Runtime counter_overflow_blob}
  0x00007032e0fe6a18: ffff e841 

  0x00007032e0fe6a1c: ; ImmutableOopMap {rsi=Oop [168]=Oop [176]=Oop [184]=Oop }
                      ;*synchronization entry
                      ; - jdk.internal.reflect.DirectMethodHandleAccessor::invokeImpl@-1
                      ; - jdk.internal.reflect.DirectMethodHandleAccessor::invoke@23
  0x00007032e0fe6a1c: c84e 07e9 | c4e9 ffff | 49b8 0000 | 0000 0000 | 0000 b800 

  0x00007032e0fe6a30: ;   {runtime_call C1 Runtime load_appendix_patching_blob}
  0x00007032e0fe6a30: 0f05 0ae8 

  0x00007032e0fe6a34: ; ImmutableOopMap {rsi=Oop rdx=Oop rcx=Oop rdi=Oop [168]=Oop [184]=Oop }
                      ;*invokevirtual invokeExact {reexecute=1 rethrow=0 return_oop=0}
                      ; - (reexecute) jdk.internal.reflect.DirectMethodHandleAccessor::invokeImpl@104
                      ; - jdk.internal.reflect.DirectMethodHandleAccessor::invoke@23
  0x00007032e0fe6a34: 28c1 4e07 | e94b eaff 

  0x00007032e0fe6a3c: ;   {runtime_call C1 Runtime throw_null_pointer_exception_blob}
  0x00007032e0fe6a3c: ffe8 1e76 

  0x00007032e0fe6a40: ; ImmutableOopMap {rsi=Oop rdx=Oop rcx=Oop rdi=Oop r8=Oop [168]=Oop [184]=Oop }
                      ;*invokevirtual invokeExact {reexecute=0 rethrow=0 return_oop=0}
                      ; - jdk.internal.reflect.DirectMethodHandleAccessor::invokeImpl@104
                      ; - jdk.internal.reflect.DirectMethodHandleAccessor::invoke@23
                      ;   {internal_word}
  0x00007032e0fe6a40: 4e07 49ba | 3e56 fee0 | 3270 0000 | 4d89 9738 

  0x00007032e0fe6a50: ;   {runtime_call SafepointBlob}
  0x00007032e0fe6a50: 0500 00e9 | 089e 4307 

  0x00007032e0fe6a58: ;   {runtime_call C1 Runtime throw_null_pointer_exception_blob}
  0x00007032e0fe6a58: e803 764e 

  0x00007032e0fe6a5c: ; ImmutableOopMap {rsi=Oop rdx=Oop rcx=Oop rbx=Oop [168]=Oop [184]=Oop }
                      ;*aaload {reexecute=0 rethrow=0 return_oop=0}
                      ; - jdk.internal.reflect.DirectMethodHandleAccessor::invokeImpl@85
                      ; - jdk.internal.reflect.DirectMethodHandleAccessor::invoke@23
                      ;   {runtime_call C1 Runtime throw_null_pointer_exception_blob}
  0x00007032e0fe6a5c: 07e8 fe75 

  0x00007032e0fe6a60: ; ImmutableOopMap {rsi=Oop rdx=Oop rcx=Oop rbx=Oop [168]=Oop [184]=Oop }
                      ;*aaload {reexecute=0 rethrow=0 return_oop=0}
                      ; - jdk.internal.reflect.DirectMethodHandleAccessor::invokeImpl@85
                      ; - jdk.internal.reflect.DirectMethodHandleAccessor::invoke@23
  0x00007032e0fe6a60: 4e07 48c7 | 0424 0000 | 0000 4889 

  0x00007032e0fe6a6c: ;   {runtime_call C1 Runtime throw_range_check_failed_blob}
  0x00007032e0fe6a6c: 4c24 08e8 

  0x00007032e0fe6a70: ; ImmutableOopMap {rsi=Oop rdx=Oop rcx=Oop rbx=Oop [168]=Oop [184]=Oop }
                      ;*aaload {reexecute=0 rethrow=0 return_oop=0}
                      ; - jdk.internal.reflect.DirectMethodHandleAccessor::invokeImpl@85
                      ; - jdk.internal.reflect.DirectMethodHandleAccessor::invoke@23
  0x00007032e0fe6a70: ec6c 4e07 | 48c7 0424 | 0100 0000 | 4889 4c24 

  0x00007032e0fe6a80: ;   {runtime_call C1 Runtime throw_range_check_failed_blob}
  0x00007032e0fe6a80: 08e8 da6c 

  0x00007032e0fe6a84: ; ImmutableOopMap {rsi=Oop rdx=Oop rcx=Oop rbx=Oop r8=Oop [168]=Oop [184]=Oop }
                      ;*aaload {reexecute=0 rethrow=0 return_oop=0}
                      ; - jdk.internal.reflect.DirectMethodHandleAccessor::invokeImpl@88
                      ; - jdk.internal.reflect.DirectMethodHandleAccessor::invoke@23
  0x00007032e0fe6a84: 4e07 48c7 | 0424 0200 | 0000 4889 

  0x00007032e0fe6a90: ;   {runtime_call C1 Runtime throw_range_check_failed_blob}
  0x00007032e0fe6a90: 4c24 08e8 

  0x00007032e0fe6a94: ; ImmutableOopMap {rsi=Oop rdx=Oop rcx=Oop rbx=Oop r8=Oop r9=Oop [168]=Oop [184]=Oop }
                      ;*aaload {reexecute=0 rethrow=0 return_oop=0}
                      ; - jdk.internal.reflect.DirectMethodHandleAccessor::invokeImpl@91
                      ; - jdk.internal.reflect.DirectMethodHandleAccessor::invoke@23
  0x00007032e0fe6a94: c86c 4e07 | 48b8 9001 | 13c0 0000 | 0000 b800 

  0x00007032e0fe6aa4: ;   {runtime_call C1 Runtime load_appendix_patching_blob}
  0x00007032e0fe6aa4: 0f05 0ae8 

  0x00007032e0fe6aa8: ; ImmutableOopMap {rsi=Oop rdx=Oop rbx=Oop r8=Oop r9=Oop rdi=Oop [168]=Oop [184]=Oop }
                      ;*invokevirtual invokeExact {reexecute=1 rethrow=0 return_oop=0}
                      ; - (reexecute) jdk.internal.reflect.DirectMethodHandleAccessor::invokeImpl@92
                      ; - jdk.internal.reflect.DirectMethodHandleAccessor::invoke@23
  0x00007032e0fe6aa8: b4c0 4e07 | e9d7 ebff 

  0x00007032e0fe6ab0: ;   {runtime_call C1 Runtime throw_null_pointer_exception_blob}
  0x00007032e0fe6ab0: ffe8 aa75 

  0x00007032e0fe6ab4: ; ImmutableOopMap {rsi=Oop rdx=Oop rbx=Oop r8=Oop r9=Oop rdi=Oop rax=Oop [168]=Oop [184]=Oop }
                      ;*invokevirtual invokeExact {reexecute=0 rethrow=0 return_oop=0}
                      ; - jdk.internal.reflect.DirectMethodHandleAccessor::invokeImpl@92
                      ; - jdk.internal.reflect.DirectMethodHandleAccessor::invoke@23
                      ;   {internal_word}
  0x00007032e0fe6ab4: 4e07 49ba | 5f58 fee0 | 3270 0000 | 4d89 9738 

  0x00007032e0fe6ac4: ;   {runtime_call SafepointBlob}
  0x00007032e0fe6ac4: 0500 00e9 | 949d 4307 

  0x00007032e0fe6acc: ;   {runtime_call C1 Runtime throw_null_pointer_exception_blob}
  0x00007032e0fe6acc: e88f 754e 

  0x00007032e0fe6ad0: ; ImmutableOopMap {rsi=Oop rcx=Oop rdx=Oop rdi=Oop [168]=Oop [184]=Oop [200]=Oop }
                      ;*aaload {reexecute=0 rethrow=0 return_oop=0}
                      ; - jdk.internal.reflect.DirectMethodHandleAccessor::invokeImpl@68
                      ; - jdk.internal.reflect.DirectMethodHandleAccessor::invoke@23
                      ;   {runtime_call C1 Runtime throw_null_pointer_exception_blob}
  0x00007032e0fe6ad0: 07e8 8a75 

  0x00007032e0fe6ad4: ; ImmutableOopMap {rsi=Oop rcx=Oop rdx=Oop rdi=Oop [168]=Oop [184]=Oop [200]=Oop }
                      ;*aaload {reexecute=0 rethrow=0 return_oop=0}
                      ; - jdk.internal.reflect.DirectMethodHandleAccessor::invokeImpl@68
                      ; - jdk.internal.reflect.DirectMethodHandleAccessor::invoke@23
  0x00007032e0fe6ad4: 4e07 48c7 | 0424 0000 | 0000 4889 

  0x00007032e0fe6ae0: ;   {runtime_call C1 Runtime throw_range_check_failed_blob}
  0x00007032e0fe6ae0: 4c24 08e8 

  0x00007032e0fe6ae4: ; ImmutableOopMap {rsi=Oop rcx=Oop rdx=Oop rdi=Oop [168]=Oop [184]=Oop [200]=Oop }
                      ;*aaload {reexecute=0 rethrow=0 return_oop=0}
                      ; - jdk.internal.reflect.DirectMethodHandleAccessor::invokeImpl@68
                      ; - jdk.internal.reflect.DirectMethodHandleAccessor::invoke@23
  0x00007032e0fe6ae4: 786c 4e07 | 48c7 0424 | 0100 0000 | 4889 4c24 

  0x00007032e0fe6af4: ;   {runtime_call C1 Runtime throw_range_check_failed_blob}
  0x00007032e0fe6af4: 08e8 666c 

  0x00007032e0fe6af8: ; ImmutableOopMap {rsi=Oop rcx=Oop rdx=Oop rdi=Oop rbx=Oop [168]=Oop [184]=Oop [192]=Oop [200]=Oop }
                      ;*aaload {reexecute=0 rethrow=0 return_oop=0}
                      ; - jdk.internal.reflect.DirectMethodHandleAccessor::invokeImpl@71
                      ; - jdk.internal.reflect.DirectMethodHandleAccessor::invoke@23
                      ;   {metadata({method} {0x00007032c0b19ab0} 'invokeExact_MT' '(Ljava/lang/Object;Ljava/lang/Object;Ljava/lang/Object;Ljava/lang/Object;Ljava/lang/Object;)Ljava/lang/Object;' in 'java/lang/invoke/LambdaForm$MH+0x000000000e146c00')}
  0x00007032e0fe6af8: 4e07 49ba | b09a b1c0 | 3270 0000 | 4c89 5424 | 0848 c704 | 24ff ffff 

  0x00007032e0fe6b10: ;   {runtime_call C1 Runtime counter_overflow_blob}
  0x00007032e0fe6b10: ffe8 4ac7 

  0x00007032e0fe6b14: ; ImmutableOopMap {rsi=Oop rdx=Oop rdi=Oop rbx=Oop rax=Oop [168]=Oop [184]=Oop [192]=Oop [200]=Oop [208]=Oop }
                      ;*synchronization entry
                      ; - java.lang.invoke.LambdaForm$MH/0x000000000e146c00::invokeExact_MT@-1
                      ; - jdk.internal.reflect.DirectMethodHandleAccessor::invokeImpl@72
                      ; - jdk.internal.reflect.DirectMethodHandleAccessor::invoke@23
  0x00007032e0fe6b14: 4e07 e9e3 

  0x00007032e0fe6b18: ;   {metadata({method} {0x00007032c036ac58} 'checkExactType' '(Ljava/lang/invoke/MethodHandle;Ljava/lang/invoke/MethodType;)V' in 'java/lang/invoke/Invokers')}
  0x00007032e0fe6b18: eeff ff49 | ba58 ac36 | c032 7000 | 004c 8954 | 2408 48c7 | 0424 ffff 

  0x00007032e0fe6b30: ;   {runtime_call C1 Runtime counter_overflow_blob}
  0x00007032e0fe6b30: ffff e829 

  0x00007032e0fe6b34: ; ImmutableOopMap {rsi=Oop rdx=Oop rdi=Oop rbx=Oop rax=Oop [168]=Oop [184]=Oop [192]=Oop [200]=Oop [208]=Oop }
                      ;*synchronization entry
                      ; - java.lang.invoke.Invokers::checkExactType@-1
                      ; - java.lang.invoke.LambdaForm$MH/0x000000000e146c00::invokeExact_MT@11
                      ; - jdk.internal.reflect.DirectMethodHandleAccessor::invokeImpl@72
                      ; - jdk.internal.reflect.DirectMethodHandleAccessor::invoke@23
  0x00007032e0fe6b34: c74e 07e9 | 63ef ffff 

  0x00007032e0fe6b3c: ;   {runtime_call C1 Runtime throw_null_pointer_exception_blob}
  0x00007032e0fe6b3c: e81f 754e 

  0x00007032e0fe6b40: ; ImmutableOopMap {rsi=Oop rdx=Oop rdi=Oop rbx=Oop rax=Oop [168]=Oop [184]=Oop [192]=Oop [200]=Oop [208]=Oop }
                      ;*invokevirtual type {reexecute=0 rethrow=0 return_oop=0}
                      ; - java.lang.invoke.Invokers::checkExactType@1
                      ; - java.lang.invoke.LambdaForm$MH/0x000000000e146c00::invokeExact_MT@11
                      ; - jdk.internal.reflect.DirectMethodHandleAccessor::invokeImpl@72
                      ; - jdk.internal.reflect.DirectMethodHandleAccessor::invoke@23
                      ;   {metadata({method} {0x00007032c036b2a0} 'checkCustomized' '(Ljava/lang/invoke/MethodHandle;)V' in 'java/lang/invoke/Invokers')}
  0x00007032e0fe6b40: 0749 baa0 | b236 c032 | 7000 004c | 8954 2408 | 48c7 0424 | ffff ffff 

  0x00007032e0fe6b58: ;   {runtime_call C1 Runtime counter_overflow_blob}
  0x00007032e0fe6b58: e803 c74e 

  0x00007032e0fe6b5c: ; ImmutableOopMap {rsi=Oop rdx=Oop rdi=Oop rbx=Oop rax=Oop [168]=Oop [184]=Oop [192]=Oop [200]=Oop [208]=Oop }
                      ;*synchronization entry
                      ; - java.lang.invoke.Invokers::checkCustomized@-1
                      ; - java.lang.invoke.LambdaForm$MH/0x000000000e146c00::invokeExact_MT@15
                      ; - jdk.internal.reflect.DirectMethodHandleAccessor::invokeImpl@72
                      ; - jdk.internal.reflect.DirectMethodHandleAccessor::invoke@23
  0x00007032e0fe6b5c: 07e9 8ef0 

  0x00007032e0fe6b60: ;   {metadata({method} {0x00007032c008fb80} 'isCompileConstant' '(Ljava/lang/Object;)Z' in 'java/lang/invoke/MethodHandleImpl')}
  0x00007032e0fe6b60: ffff 49ba | 80fb 08c0 | 3270 0000 | 4c89 5424 | 0848 c704 | 24ff ffff 

  0x00007032e0fe6b78: ;   {runtime_call C1 Runtime counter_overflow_blob}
  0x00007032e0fe6b78: ffe8 e2c6 

  0x00007032e0fe6b7c: ; ImmutableOopMap {rsi=Oop rdx=Oop rdi=Oop rbx=Oop rax=Oop [168]=Oop [184]=Oop [192]=Oop [200]=Oop [208]=Oop }
                      ;*synchronization entry
                      ; - java.lang.invoke.MethodHandleImpl::isCompileConstant@-1
                      ; - java.lang.invoke.Invokers::checkCustomized@1
                      ; - java.lang.invoke.LambdaForm$MH/0x000000000e146c00::invokeExact_MT@15
                      ; - jdk.internal.reflect.DirectMethodHandleAccessor::invokeImpl@72
                      ; - jdk.internal.reflect.DirectMethodHandleAccessor::invoke@23
  0x00007032e0fe6b7c: 4e07 e9ab 

  0x00007032e0fe6b80: ;   {runtime_call C1 Runtime throw_null_pointer_exception_blob}
  0x00007032e0fe6b80: f0ff ffe8 

  0x00007032e0fe6b84: ; ImmutableOopMap {rsi=Oop rdx=Oop rdi=Oop rbx=Oop rax=Oop [168]=Oop [184]=Oop [192]=Oop [200]=Oop [208]=Oop }
                      ;*getfield customized {reexecute=1 rethrow=0 return_oop=0}
                      ; - (reexecute) java.lang.invoke.Invokers::checkCustomized@12
                      ; - java.lang.invoke.LambdaForm$MH/0x000000000e146c00::invokeExact_MT@15
                      ; - jdk.internal.reflect.DirectMethodHandleAccessor::invokeImpl@72
                      ; - jdk.internal.reflect.DirectMethodHandleAccessor::invoke@23
  0x00007032e0fe6b84: d874 4e07 

  0x00007032e0fe6b88: ;   {internal_word}
  0x00007032e0fe6b88: 49ba d05e | fee0 3270 | 0000 4d89 | 9738 0500 

  0x00007032e0fe6b98: ;   {runtime_call SafepointBlob}
  0x00007032e0fe6b98: 00e9 c29c 

  0x00007032e0fe6b9c: ;   {runtime_call C1 Runtime throw_null_pointer_exception_blob}
  0x00007032e0fe6b9c: 4307 e8bd 

  0x00007032e0fe6ba0: ; ImmutableOopMap {rsi=Oop rcx=Oop rdx=Oop rdi=Oop [168]=Oop [184]=Oop }
                      ;*aaload {reexecute=0 rethrow=0 return_oop=0}
                      ; - jdk.internal.reflect.DirectMethodHandleAccessor::invokeImpl@54
                      ; - jdk.internal.reflect.DirectMethodHandleAccessor::invoke@23
                      ;   {runtime_call C1 Runtime throw_null_pointer_exception_blob}
  0x00007032e0fe6ba0: 744e 07e8 

  0x00007032e0fe6ba4: ; ImmutableOopMap {rsi=Oop rcx=Oop rdx=Oop rdi=Oop [168]=Oop [184]=Oop }
                      ;*aaload {reexecute=0 rethrow=0 return_oop=0}
                      ; - jdk.internal.reflect.DirectMethodHandleAccessor::invokeImpl@54
                      ; - jdk.internal.reflect.DirectMethodHandleAccessor::invoke@23
  0x00007032e0fe6ba4: b874 4e07 | 48c7 0424 | 0000 0000 | 4889 4c24 

  0x00007032e0fe6bb4: ;   {runtime_call C1 Runtime throw_range_check_failed_blob}
  0x00007032e0fe6bb4: 08e8 a66b 

  0x00007032e0fe6bb8: ; ImmutableOopMap {rsi=Oop rcx=Oop rdx=Oop rdi=Oop [168]=Oop [184]=Oop }
                      ;*aaload {reexecute=0 rethrow=0 return_oop=0}
                      ; - jdk.internal.reflect.DirectMethodHandleAccessor::invokeImpl@54
                      ; - jdk.internal.reflect.DirectMethodHandleAccessor::invoke@23
  0x00007032e0fe6bb8: 4e07 49b8 | 70c4 f5c3 | 0000 0000 | b800 0f05 

  0x00007032e0fe6bc8: ;   {runtime_call C1 Runtime load_appendix_patching_blob}
  0x00007032e0fe6bc8: 0ae8 92bf 

  0x00007032e0fe6bcc: ; ImmutableOopMap {rsi=Oop rdx=Oop rdi=Oop rcx=Oop [168]=Oop [184]=Oop }
                      ;*invokevirtual invokeExact {reexecute=1 rethrow=0 return_oop=0}
                      ; - (reexecute) jdk.internal.reflect.DirectMethodHandleAccessor::invokeImpl@55
                      ; - jdk.internal.reflect.DirectMethodHandleAccessor::invoke@23
  0x00007032e0fe6bcc: 4e07 e92d 

  0x00007032e0fe6bd0: ;   {runtime_call C1 Runtime throw_null_pointer_exception_blob}
  0x00007032e0fe6bd0: f3ff ffe8 

  0x00007032e0fe6bd4: ; ImmutableOopMap {rsi=Oop rdx=Oop rdi=Oop rcx=Oop r8=Oop [168]=Oop [184]=Oop }
                      ;*invokevirtual invokeExact {reexecute=0 rethrow=0 return_oop=0}
                      ; - jdk.internal.reflect.DirectMethodHandleAccessor::invokeImpl@55
                      ; - jdk.internal.reflect.DirectMethodHandleAccessor::invoke@23
  0x00007032e0fe6bd4: 8874 4e07 

  0x00007032e0fe6bd8: ;   {internal_word}
  0x00007032e0fe6bd8: 49ba c760 | fee0 3270 | 0000 4d89 | 9738 0500 

  0x00007032e0fe6be8: ;   {runtime_call SafepointBlob}
  0x00007032e0fe6be8: 00e9 729c 

  0x00007032e0fe6bec: ;   {metadata({method} {0x00007032c03c25d8} 'invokeExact_MT' '(Ljava/lang/Object;Ljava/lang/Object;Ljava/lang/Object;)Ljava/lang/Object;' in 'java/lang/invoke/Invokers$Holder')}
  0x00007032e0fe6bec: 4307 49ba | d825 3cc0 | 3270 0000 | 4c89 5424 | 0848 c704 | 24ff ffff 

  0x00007032e0fe6c04: ;   {runtime_call C1 Runtime counter_overflow_blob}
  0x00007032e0fe6c04: ffe8 56c6 

  0x00007032e0fe6c08: ; ImmutableOopMap {rsi=Oop rdx=Oop rdi=Oop [168]=Oop [184]=Oop [216]=Oop }
                      ;*synchronization entry
                      ; - java.lang.invoke.Invokers$Holder::invokeExact_MT@-1
                      ; - jdk.internal.reflect.DirectMethodHandleAccessor::invokeImpl@41
                      ; - jdk.internal.reflect.DirectMethodHandleAccessor::invoke@23
  0x00007032e0fe6c08: 4e07 e961 

  0x00007032e0fe6c0c: ;   {metadata({method} {0x00007032c036ac58} 'checkExactType' '(Ljava/lang/invoke/MethodHandle;Ljava/lang/invoke/MethodType;)V' in 'java/lang/invoke/Invokers')}
  0x00007032e0fe6c0c: f5ff ff49 | ba58 ac36 | c032 7000 | 004c 8954 | 2408 48c7 | 0424 ffff 

  0x00007032e0fe6c24: ;   {runtime_call C1 Runtime counter_overflow_blob}
  0x00007032e0fe6c24: ffff e835 

  0x00007032e0fe6c28: ; ImmutableOopMap {rsi=Oop rdx=Oop rdi=Oop [168]=Oop [184]=Oop [216]=Oop }
                      ;*synchronization entry
                      ; - java.lang.invoke.Invokers::checkExactType@-1
                      ; - java.lang.invoke.Invokers$Holder::invokeExact_MT@10
                      ; - jdk.internal.reflect.DirectMethodHandleAccessor::invokeImpl@41
                      ; - jdk.internal.reflect.DirectMethodHandleAccessor::invoke@23
  0x00007032e0fe6c28: c64e 07e9 | 9af5 ffff 

  0x00007032e0fe6c30: ;   {runtime_call C1 Runtime throw_null_pointer_exception_blob}
  0x00007032e0fe6c30: e82b 744e 

  0x00007032e0fe6c34: ; ImmutableOopMap {rsi=Oop rdx=Oop rdi=Oop [168]=Oop [184]=Oop [216]=Oop }
                      ;*invokevirtual type {reexecute=0 rethrow=0 return_oop=0}
                      ; - java.lang.invoke.Invokers::checkExactType@1
                      ; - java.lang.invoke.Invokers$Holder::invokeExact_MT@10
                      ; - jdk.internal.reflect.DirectMethodHandleAccessor::invokeImpl@41
                      ; - jdk.internal.reflect.DirectMethodHandleAccessor::invoke@23
                      ;   {metadata({method} {0x00007032c036b2a0} 'checkCustomized' '(Ljava/lang/invoke/MethodHandle;)V' in 'java/lang/invoke/Invokers')}
  0x00007032e0fe6c34: 0749 baa0 | b236 c032 | 7000 004c | 8954 2408 | 48c7 0424 | ffff ffff 

  0x00007032e0fe6c4c: ;   {runtime_call C1 Runtime counter_overflow_blob}
  0x00007032e0fe6c4c: e80f c64e 

  0x00007032e0fe6c50: ; ImmutableOopMap {rsi=Oop rdx=Oop rdi=Oop [168]=Oop [184]=Oop [216]=Oop }
                      ;*synchronization entry
                      ; - java.lang.invoke.Invokers::checkCustomized@-1
                      ; - java.lang.invoke.Invokers$Holder::invokeExact_MT@14
                      ; - jdk.internal.reflect.DirectMethodHandleAccessor::invokeImpl@41
                      ; - jdk.internal.reflect.DirectMethodHandleAccessor::invoke@23
  0x00007032e0fe6c50: 07e9 6df6 

  0x00007032e0fe6c54: ;   {metadata({method} {0x00007032c008fb80} 'isCompileConstant' '(Ljava/lang/Object;)Z' in 'java/lang/invoke/MethodHandleImpl')}
  0x00007032e0fe6c54: ffff 49ba | 80fb 08c0 | 3270 0000 | 4c89 5424 | 0848 c704 | 24ff ffff 

  0x00007032e0fe6c6c: ;   {runtime_call C1 Runtime counter_overflow_blob}
  0x00007032e0fe6c6c: ffe8 eec5 

  0x00007032e0fe6c70: ; ImmutableOopMap {rsi=Oop rdx=Oop rdi=Oop [168]=Oop [184]=Oop [216]=Oop }
                      ;*synchronization entry
                      ; - java.lang.invoke.MethodHandleImpl::isCompileConstant@-1
                      ; - java.lang.invoke.Invokers::checkCustomized@1
                      ; - java.lang.invoke.Invokers$Holder::invokeExact_MT@14
                      ; - jdk.internal.reflect.DirectMethodHandleAccessor::invokeImpl@41
                      ; - jdk.internal.reflect.DirectMethodHandleAccessor::invoke@23
  0x00007032e0fe6c70: 4e07 e984 

  0x00007032e0fe6c74: ;   {runtime_call C1 Runtime throw_null_pointer_exception_blob}
  0x00007032e0fe6c74: f6ff ffe8 

  0x00007032e0fe6c78: ; ImmutableOopMap {rsi=Oop rdx=Oop rdi=Oop [168]=Oop [184]=Oop [216]=Oop }
                      ;*getfield customized {reexecute=1 rethrow=0 return_oop=0}
                      ; - (reexecute) java.lang.invoke.Invokers::checkCustomized@12
                      ; - java.lang.invoke.Invokers$Holder::invokeExact_MT@14
                      ; - jdk.internal.reflect.DirectMethodHandleAccessor::invokeImpl@41
                      ; - jdk.internal.reflect.DirectMethodHandleAccessor::invoke@23
  0x00007032e0fe6c78: e473 4e07 

  0x00007032e0fe6c7c: ;   {internal_word}
  0x00007032e0fe6c7c: 49ba 8c64 | fee0 3270 | 0000 4d89 | 9738 0500 

  0x00007032e0fe6c8c: ;   {runtime_call SafepointBlob}
  0x00007032e0fe6c8c: 00e9 ce9b 

  0x00007032e0fe6c90: ;   {runtime_call C1 Runtime throw_null_pointer_exception_blob}
  0x00007032e0fe6c90: 4307 e8c9 

  0x00007032e0fe6c94: ; ImmutableOopMap {rax=Oop [168]=Oop [184]=Oop [216]=Oop }
                      ;*athrow {reexecute=1 rethrow=0 return_oop=0}
                      ; - (reexecute) java.lang.invoke.Invokers::checkExactType@15
                      ; - java.lang.invoke.Invokers$Holder::invokeExact_MT@10
                      ; - jdk.internal.reflect.DirectMethodHandleAccessor::invokeImpl@41
                      ; - jdk.internal.reflect.DirectMethodHandleAccessor::invoke@23
                      ;   {runtime_call C1 Runtime throw_null_pointer_exception_blob}
  0x00007032e0fe6c94: 734e 07e8 

  0x00007032e0fe6c98: ; ImmutableOopMap {rax=Oop [168]=Oop [184]=Oop [192]=Oop [200]=Oop [208]=Oop }
                      ;*athrow {reexecute=1 rethrow=0 return_oop=0}
                      ; - (reexecute) java.lang.invoke.Invokers::checkExactType@15
                      ; - java.lang.invoke.LambdaForm$MH/0x000000000e146c00::invokeExact_MT@11
                      ; - jdk.internal.reflect.DirectMethodHandleAccessor::invokeImpl@72
                      ; - jdk.internal.reflect.DirectMethodHandleAccessor::invoke@23
  0x00007032e0fe6c98: c473 4e07 

  0x00007032e0fe6c9c: ;   {metadata({method} {0x00007032c0467648} 'isIllegalArgument' '(Ljava/lang/RuntimeException;)Z' in 'jdk/internal/reflect/DirectMethodHandleAccessor')}
  0x00007032e0fe6c9c: 49ba 4876 | 46c0 3270 | 0000 4c89 | 5424 0848 | c704 24ff 

  0x00007032e0fe6cb0: ;   {runtime_call C1 Runtime counter_overflow_blob}
  0x00007032e0fe6cb0: ffff ffe8 

  0x00007032e0fe6cb4: ; ImmutableOopMap {rax=Oop }
                      ;*synchronization entry
                      ; - jdk.internal.reflect.DirectMethodHandleAccessor::isIllegalArgument@-1
                      ; - jdk.internal.reflect.DirectMethodHandleAccessor::invoke@58
  0x00007032e0fe6cb4: a8c5 4e07 | e9c6 f8ff 

  0x00007032e0fe6cbc: ;   {metadata({method} {0x00007032c0467648} 'isIllegalArgument' '(Ljava/lang/RuntimeException;)Z' in 'jdk/internal/reflect/DirectMethodHandleAccessor')}
  0x00007032e0fe6cbc: ff49 ba48 | 7646 c032 | 7000 004c | 8954 2408 | 48c7 0424 | ffff ffff 

  0x00007032e0fe6cd4: ;   {runtime_call C1 Runtime counter_overflow_blob}
  0x00007032e0fe6cd4: e887 c54e 

  0x00007032e0fe6cd8: ; ImmutableOopMap {rax=Oop }
                      ;*synchronization entry
                      ; - jdk.internal.reflect.DirectMethodHandleAccessor::isIllegalArgument@-1
                      ; - jdk.internal.reflect.DirectMethodHandleAccessor::invoke@30
  0x00007032e0fe6cd8: 07e9 5cf9 

  0x00007032e0fe6cdc: ;   {metadata(nullptr)}
  0x00007032e0fe6cdc: ffff 48ba | 0000 0000 | 0000 0000 | b800 0f05 

  0x00007032e0fe6cec: ;   {runtime_call C1 Runtime load_klass_patching_blob}
  0x00007032e0fe6cec: 0ae8 6eb6 

  0x00007032e0fe6cf0: ; ImmutableOopMap {}
                      ;*new {reexecute=1 rethrow=0 return_oop=0}
                      ; - (reexecute) jdk.internal.reflect.DirectMethodHandleAccessor::invoke@36
  0x00007032e0fe6cf0: 4e07 e999 | f9ff ff48 

  0x00007032e0fe6cf8: ;   {runtime_call C1 Runtime fast_new_instance_blob}
  0x00007032e0fe6cf8: 8bd2 e861 

  0x00007032e0fe6cfc: ; ImmutableOopMap {}
                      ;*new {reexecute=0 rethrow=0 return_oop=0}
                      ; - jdk.internal.reflect.DirectMethodHandleAccessor::invoke@36
  0x00007032e0fe6cfc: 7c4e 07e9 | d7f9 ffff 

  0x00007032e0fe6d04: ;   {metadata(nullptr)}
  0x00007032e0fe6d04: 48ba 0000 | 0000 0000 | 0000 b800 

  0x00007032e0fe6d10: ;   {runtime_call C1 Runtime load_klass_patching_blob}
  0x00007032e0fe6d10: 0f05 0ae8 

  0x00007032e0fe6d14: ; ImmutableOopMap {rbx=Oop }
                      ;*new {reexecute=1 rethrow=0 return_oop=0}
                      ; - (reexecute) jdk.internal.reflect.DirectMethodHandleAccessor::invoke@46
  0x00007032e0fe6d14: 48b6 4e07 | e913 faff 

  0x00007032e0fe6d1c: ;   {runtime_call C1 Runtime throw_null_pointer_exception_blob}
  0x00007032e0fe6d1c: ffe8 3e73 

  0x00007032e0fe6d20: ; ImmutableOopMap {rbx=Oop }
                      ;*new {reexecute=0 rethrow=0 return_oop=0}
                      ; - jdk.internal.reflect.DirectMethodHandleAccessor::invoke@46
  0x00007032e0fe6d20: 4e07 488b 

  0x00007032e0fe6d24: ;   {runtime_call C1 Runtime fast_new_instance_init_check_blob}
  0x00007032e0fe6d24: d2e8 367f 

  0x00007032e0fe6d28: ; ImmutableOopMap {rbx=Oop }
                      ;*new {reexecute=0 rethrow=0 return_oop=0}
                      ; - jdk.internal.reflect.DirectMethodHandleAccessor::invoke@46
  0x00007032e0fe6d28: 4e07 e959 

  0x00007032e0fe6d2c: ;   {metadata(nullptr)}
  0x00007032e0fe6d2c: faff ff48 | ba00 0000 | 0000 0000 | 00b8 000f 

  0x00007032e0fe6d3c: ;   {runtime_call C1 Runtime load_klass_patching_blob}
  0x00007032e0fe6d3c: 050a e81d 

  0x00007032e0fe6d40: ; ImmutableOopMap {[224]=Oop }
                      ;*new {reexecute=1 rethrow=0 return_oop=0}
                      ; - (reexecute) jdk.internal.reflect.DirectMethodHandleAccessor::invoke@64
  0x00007032e0fe6d40: b64e 07e9 | 88fa ffff 

  0x00007032e0fe6d48: ;   {runtime_call C1 Runtime fast_new_instance_blob}
  0x00007032e0fe6d48: 488b d2e8 

  0x00007032e0fe6d4c: ; ImmutableOopMap {[224]=Oop }
                      ;*new {reexecute=0 rethrow=0 return_oop=0}
                      ; - jdk.internal.reflect.DirectMethodHandleAccessor::invoke@64
  0x00007032e0fe6d4c: 107c 4e07 | e9c6 faff 

  0x00007032e0fe6d54: ;   {metadata(nullptr)}
  0x00007032e0fe6d54: ff48 ba00 | 0000 0000 | 0000 00b8 | 000f 050a 

  0x00007032e0fe6d64: ;   {runtime_call C1 Runtime load_klass_patching_blob}
  0x00007032e0fe6d64: e8f7 b54e 

  0x00007032e0fe6d68: ; ImmutableOopMap {rbx=Oop }
                      ;*new {reexecute=1 rethrow=0 return_oop=0}
                      ; - (reexecute) jdk.internal.reflect.DirectMethodHandleAccessor::invoke@73
  0x00007032e0fe6d68: 07e9 02fb 

  0x00007032e0fe6d6c: ;   {runtime_call C1 Runtime throw_null_pointer_exception_blob}
  0x00007032e0fe6d6c: ffff e8ed 

  0x00007032e0fe6d70: ; ImmutableOopMap {rbx=Oop }
                      ;*new {reexecute=0 rethrow=0 return_oop=0}
                      ; - jdk.internal.reflect.DirectMethodHandleAccessor::invoke@73
  0x00007032e0fe6d70: 724e 0748 

  0x00007032e0fe6d74: ;   {runtime_call C1 Runtime fast_new_instance_init_check_blob}
  0x00007032e0fe6d74: 8bd2 e8e5 

  0x00007032e0fe6d78: ; ImmutableOopMap {rbx=Oop }
                      ;*new {reexecute=0 rethrow=0 return_oop=0}
                      ; - jdk.internal.reflect.DirectMethodHandleAccessor::invoke@73
  0x00007032e0fe6d78: 7e4e 07e9 | 48fb ffff 

  0x00007032e0fe6d80: ;   {metadata('java/lang/reflect/InvocationTargetException')}
  0x00007032e0fe6d80: 48ba a85d | 0d0e 0000 | 0000 b800 

  0x00007032e0fe6d8c: ;   {runtime_call C1 Runtime load_klass_patching_blob}
  0x00007032e0fe6d8c: 0f05 0ae8 

  0x00007032e0fe6d90: ; ImmutableOopMap {rbx=Oop }
                      ;*new {reexecute=1 rethrow=0 return_oop=0}
                      ; - (reexecute) jdk.internal.reflect.DirectMethodHandleAccessor::invoke@83
  0x00007032e0fe6d90: ccb5 4e07 | e98f fbff 

  0x00007032e0fe6d98: ;   {runtime_call C1 Runtime throw_null_pointer_exception_blob}
  0x00007032e0fe6d98: ffe8 c272 

  0x00007032e0fe6d9c: ; ImmutableOopMap {rbx=Oop }
                      ;*new {reexecute=0 rethrow=0 return_oop=0}
                      ; - jdk.internal.reflect.DirectMethodHandleAccessor::invoke@83
  0x00007032e0fe6d9c: 4e07 488b 

  0x00007032e0fe6da0: ;   {runtime_call C1 Runtime fast_new_instance_init_check_blob}
  0x00007032e0fe6da0: d2e8 ba7e 

  0x00007032e0fe6da4: ; ImmutableOopMap {rbx=Oop }
                      ;*new {reexecute=0 rethrow=0 return_oop=0}
                      ; - jdk.internal.reflect.DirectMethodHandleAccessor::invoke@83
  0x00007032e0fe6da4: 4e07 e9d5 | fbff ff49 | 8b87 e005 | 0000 49c7 | 87e0 0500 | 0000 0000 | 0049 c787 | e805 0000 
  0x00007032e0fe6dc4: 0000 0000 | 4881 c420 | 0100 005d 

  0x00007032e0fe6dd0: ;   {runtime_call C1 Runtime unwind_exception_blob}
  0x00007032e0fe6dd0: e98b 634e | 07f4 f4f4 
[Stub Code]
  0x00007032e0fe6dd8: ;   {other}
  0x00007032e0fe6dd8: 0f1f 4400 

  0x00007032e0fe6ddc: ;   {static_stub}
  0x00007032e0fe6ddc: 0048 bb00 | 0000 0000 

  0x00007032e0fe6de4: ;   {runtime_call nmethod}
  0x00007032e0fe6de4: 0000 00e9 | fbff ffff 

  0x00007032e0fe6dec: ;   {static_stub}
  0x00007032e0fe6dec: 9048 bbb0 | 8a76 c232 

  0x00007032e0fe6df4: ;   {runtime_call I2C/C2I adapters}
  0x00007032e0fe6df4: 7000 00e9 | ca5e 4307 

  0x00007032e0fe6dfc: ;   {static_stub}
  0x00007032e0fe6dfc: 9048 bb68 | 273c c032 

  0x00007032e0fe6e04: ;   {runtime_call I2C/C2I adapters}
  0x00007032e0fe6e04: 7000 00e9 | b2ce 4207 

  0x00007032e0fe6e0c: ;   {static_stub}
  0x00007032e0fe6e0c: 9048 bb00 | 0000 0000 

  0x00007032e0fe6e14: ;   {runtime_call nmethod}
  0x00007032e0fe6e14: 0000 00e9 | fbff ffff 

  0x00007032e0fe6e1c: ;   {static_stub}
  0x00007032e0fe6e1c: 9048 bb00 | 0000 0000 

  0x00007032e0fe6e24: ;   {runtime_call nmethod}
  0x00007032e0fe6e24: 0000 00e9 | fbff ffff 

  0x00007032e0fe6e2c: ;   {static_stub}
  0x00007032e0fe6e2c: 9048 bb00 | 0000 0000 

  0x00007032e0fe6e34: ;   {runtime_call nmethod}
  0x00007032e0fe6e34: 0000 00e9 | fbff ffff 

  0x00007032e0fe6e3c: ;   {static_stub}
  0x00007032e0fe6e3c: 9048 bb00 | 0000 0000 

  0x00007032e0fe6e44: ;   {runtime_call nmethod}
  0x00007032e0fe6e44: 0000 00e9 | fbff ffff 

  0x00007032e0fe6e4c: ;   {static_stub}
  0x00007032e0fe6e4c: 9048 bb20 | 3f52 c032 

  0x00007032e0fe6e54: ;   {runtime_call I2C/C2I adapters}
  0x00007032e0fe6e54: 7000 00e9 | daeb 4307 

  0x00007032e0fe6e5c: ;   {static_stub}
  0x00007032e0fe6e5c: 48bb 0000 | 0000 0000 

  0x00007032e0fe6e64: ;   {runtime_call nmethod}
  0x00007032e0fe6e64: 0000 e9fb 

  0x00007032e0fe6e68: ;   {static_stub}
  0x00007032e0fe6e68: ffff ff48 | bb00 0000 | 0000 0000 

  0x00007032e0fe6e74: ;   {runtime_call nmethod}
  0x00007032e0fe6e74: 00e9 fbff 

  0x00007032e0fe6e78: ;   {static_stub}
  0x00007032e0fe6e78: ffff 48bb | 0000 0000 | 0000 0000 

  0x00007032e0fe6e84: ;   {runtime_call nmethod}
  0x00007032e0fe6e84: e9fb ffff 

  0x00007032e0fe6e88: ;   {static_stub}
  0x00007032e0fe6e88: ff48 bb00 | 0000 0000 

  0x00007032e0fe6e90: ;   {runtime_call nmethod}
  0x00007032e0fe6e90: 0000 00e9 | fbff ffff 

  0x00007032e0fe6e98: ;   {static_stub}
  0x00007032e0fe6e98: 48bb 0000 | 0000 0000 

  0x00007032e0fe6ea0: ;   {runtime_call nmethod}
  0x00007032e0fe6ea0: 0000 e9fb 

  0x00007032e0fe6ea4: ;   {static_stub}
  0x00007032e0fe6ea4: ffff ff48 | bb00 0000 | 0000 0000 

  0x00007032e0fe6eb0: ;   {runtime_call nmethod}
  0x00007032e0fe6eb0: 00e9 fbff 

  0x00007032e0fe6eb4: ;   {static_stub}
  0x00007032e0fe6eb4: ffff 48bb | 0000 0000 | 0000 0000 

  0x00007032e0fe6ec0: ;   {runtime_call nmethod}
  0x00007032e0fe6ec0: e9fb ffff 

  0x00007032e0fe6ec4: ;   {static_stub}
  0x00007032e0fe6ec4: ff48 bb00 | 0000 0000 

  0x00007032e0fe6ecc: ;   {runtime_call nmethod}
  0x00007032e0fe6ecc: 0000 00e9 | fbff ffff 
[Exception Handler]
  0x00007032e0fe6ed4: ;   {runtime_call C1 Runtime handle_exception_from_callee_blob}
  0x00007032e0fe6ed4: e887 8f4e 

  0x00007032e0fe6ed8: ;   {external_word}
  0x00007032e0fe6ed8: 0748 bf3c | 7736 fd32 | 7000 0048 

  0x00007032e0fe6ee4: ;   {runtime_call MacroAssembler::debug64(char*, long, long*)}
  0x00007032e0fe6ee4: 83e4 f0e8 | d436 d51b 

  0x00007032e0fe6eec: ;   {section_word}
  0x00007032e0fe6eec: f449 baed | 6efe e032 | 7000 0041 

  0x00007032e0fe6ef8: ;   {runtime_call DeoptimizationBlob}
  0x00007032e0fe6ef8: 52e9 629c 

  0x00007032e0fe6efc: ;   {section_word}
  0x00007032e0fe6efc: 4307 49ba | fe6e fee0 | 3270 0000 

  0x00007032e0fe6f08: ;   {runtime_call DeoptimizationBlob}
  0x00007032e0fe6f08: 4152 e951 | 9c43 07f4 
[/MachCode]


Compiled method (c1) 23408 1080       3       java.lang.reflect.Method::invoke (108 bytes)
 total in heap  [0x00007032e0fe4408,0x00007032e0fe4bf8] = 2032
 main code      [0x00007032e0fe4500,0x00007032e0fe4b68] = 1640
 stub code      [0x00007032e0fe4b68,0x00007032e0fe4bf8] = 144
 mutable data [0x00007032a4682b20,0x00007032a4682bf8] = 216
 relocation     [0x00007032a4682b20,0x00007032a4682be0] = 192
 metadata       [0x00007032a4682be0,0x00007032a4682bf8] = 24
 immutable data [0x00007032a4682960,0x00007032a4682b18] = 440
 dependencies   [0x00007032a4682960,0x00007032a4682968] = 8
 nul chk table  [0x00007032a4682968,0x00007032a4682988] = 32
 scopes pcs     [0x00007032a4682988,0x00007032a4682a58] = 208
 scopes data    [0x00007032a4682a58,0x00007032a4682b18] = 192

[Constant Pool (empty)]

[MachCode]
[Instructions begin]
  0x00007032e0fe4500: 6666 660f | 1f84 0000 | 0000 0066 | 6666 9066 | 6690 448b | 5608 443b 

  0x00007032e0fe4518: ;   {runtime_call Shared Runtime ic_miss_blob}
  0x00007032e0fe4518: 5008 0f85 | c09e 4307 
[Verified Entry Point]
  0x00007032e0fe4520: 8984 2400 | c0fe ff55 | 4881 ec80 | 0000 0090 | 4181 7f20 | 0700 0000 

  0x00007032e0fe4538: ;   {runtime_call Stub::method_entry_barrier}
  0x00007032e0fe4538: 7405 e8e1 | 1942 0748 | 8974 2448 | 4889 5424 

  0x00007032e0fe4548: ;   {metadata(method data for {method} {0x00007032c0066808} 'invoke' '(Ljava/lang/Object;[Ljava/lang/Object;)Ljava/lang/Object;' in 'java/lang/reflect/Method')}
  0x00007032e0fe4548: 5048 bf78 | 38bd c032 | 7000 008b | 9f90 0000 | 0083 c302 | 899f 9000 | 0000 81e3 | fe07 0000 
  0x00007032e0fe4568: 85db 0f84 | 4f05 0000 | 4889 4c24 | 5848 8bfe 

  0x00007032e0fe4578: ;   {metadata(method data for {method} {0x00007032c0066808} 'invoke' '(Ljava/lang/Object;[Ljava/lang/Object;)Ljava/lang/Object;' in 'java/lang/reflect/Method')}
  0x00007032e0fe4578: 48bb 7838 | bdc0 3270 | 0000 4883 | 83d8 0000 | 0001 488b | fe48 8bf7 | 0f1f 8000 

  0x00007032e0fe4594: ;   {optimized virtual_call}
  0x00007032e0fe4594: 0000 00e8 

  0x00007032e0fe4598: ; ImmutableOopMap {[72]=Oop [80]=Oop [88]=Oop }
                      ;*invokevirtual isCallerSensitive {reexecute=0 rethrow=0 return_oop=0}
                      ; - java.lang.reflect.Method::invoke@1
  0x00007032e0fe4598: 84f6 ffff 

  0x00007032e0fe459c: ;   {post_call_nop}
  0x00007032e0fe459c: 0f1f 8400 | 9401 0000 | 488b 7424 | 480f be7e 

  0x00007032e0fe45ac: ;   {metadata(method data for {method} {0x00007032c0066808} 'invoke' '(Ljava/lang/Object;[Ljava/lang/Object;)Ljava/lang/Object;' in 'java/lang/reflect/Method')}
  0x00007032e0fe45ac: 0c85 ff48 | bf78 38bd | c032 7000 | 00bb 0801 | 0000 7405 | bb18 0100 | 0048 8b14 | 1f48 8d52 
  0x00007032e0fe45cc: 0148 8914 | 1f0f 843d | 0000 0085 

  0x00007032e0fe45d8: ;   {metadata(method data for {method} {0x00007032c0066808} 'invoke' '(Ljava/lang/Object;[Ljava/lang/Object;)Ljava/lang/Object;' in 'java/lang/reflect/Method')}
  0x00007032e0fe45d8: c048 bf78 | 38bd c032 | 7000 00bb | 3801 0000 | 7505 bb28 | 0100 0048 | 8b14 1f48 | 8d52 0148 
  0x00007032e0fe45f8: 8914 1f0f | 8513 0000 

  0x00007032e0fe4600: ;   {oop(nullptr)}
  0x00007032e0fe4600: 0048 bf00 | 0000 0000 | 0000 0089 | 4424 60e9 | 3000 0000 | 8944 2460 

  0x00007032e0fe4618: ;   {metadata(method data for {method} {0x00007032c0066808} 'invoke' '(Ljava/lang/Object;[Ljava/lang/Object;)Ljava/lang/Object;' in 'java/lang/reflect/Method')}
  0x00007032e0fe4618: 48bf 7838 | bdc0 3270 | 0000 4883 | 8748 0100 | 0001 0f1f 

  0x00007032e0fe462c: ;   {static_call}
  0x00007032e0fe462c: 4400 00e8 

  0x00007032e0fe4630: ; ImmutableOopMap {[72]=Oop [80]=Oop [88]=Oop }
                      ;*invokestatic getCallerClass {reexecute=0 rethrow=0 return_oop=0}
                      ; - java.lang.reflect.Method::invoke@19
  0x00007032e0fe4630: dc82 9b07 

  0x00007032e0fe4634: ;   {post_call_nop}
  0x00007032e0fe4634: 0f1f 8400 | 2c02 0001 | 488b f848 | 8b74 2448 | 0fbe 560c 

  0x00007032e0fe4648: ;   {metadata(method data for {method} {0x00007032c0066808} 'invoke' '(Ljava/lang/Object;[Ljava/lang/Object;)Ljava/lang/Object;' in 'java/lang/reflect/Method')}
  0x00007032e0fe4648: 85d2 48ba | 7838 bdc0 | 3270 0000 | b968 0100 | 0074 05b9 | 5801 0000 | 4c8b 040a | 4d8d 4001 
  0x00007032e0fe4668: 4c89 040a | 0f84 0a00 | 0000 4889 | 7c24 68e9 | 2502 0000 | 8b4e 1c44 

  0x00007032e0fe4680: ;   {metadata(method data for {method} {0x00007032c0066808} 'invoke' '(Ljava/lang/Object;[Ljava/lang/Object;)Ljava/lang/Object;' in 'java/lang/reflect/Method')}
  0x00007032e0fe4680: 8b4e 5048 | ba78 38bd | c032 7000 | 0048 8382 | 7801 0000 

  0x00007032e0fe4694: ;   {metadata(method data for {method} {0x00007032c02703b0} 'isStatic' '(I)Z' in 'java/lang/reflect/Modifier')}
  0x00007032e0fe4694: 0148 bab8 | ffa4 c032 | 7000 0044 | 8b82 9000 | 0000 4183 | c002 4489 | 8290 0000 | 0041 81e0 
  0x00007032e0fe46b4: feff 1f00 | 4585 c00f | 841f 0400 | 0049 8bd1 | 83e2 0885 

  0x00007032e0fe46c8: ;   {metadata(method data for {method} {0x00007032c02703b0} 'isStatic' '(I)Z' in 'java/lang/reflect/Modifier')}
  0x00007032e0fe46c8: d248 bab8 | ffa4 c032 | 7000 0041 | b8d8 0000 | 0074 0641 | b8e8 0000 | 004a 8b1c | 0248 8d5b 
  0x00007032e0fe46e8: 014a 891c | 020f 841a 

  0x00007032e0fe46f0: ;   {metadata(method data for {method} {0x00007032c02703b0} 'isStatic' '(I)Z' in 'java/lang/reflect/Modifier')}
  0x00007032e0fe46f0: 0000 0048 | bab8 ffa4 | c032 7000 | 00ff 82f8 | 0000 00ba | 0100 0000 | e905 0000 | 00ba 0000 
  0x00007032e0fe4710: 0000 83e2 

  0x00007032e0fe4714: ;   {metadata(method data for {method} {0x00007032c0066808} 'invoke' '(Ljava/lang/Object;[Ljava/lang/Object;)Ljava/lang/Object;' in 'java/lang/reflect/Method')}
  0x00007032e0fe4714: 0185 d248 | ba78 38bd | c032 7000 | 0041 b888 | 0100 0074 | 0641 b898 | 0100 004a | 8b1c 0248 
  0x00007032e0fe4734: 8d5b 014a | 891c 020f | 841f 0000 

  0x00007032e0fe4740: ;   {metadata(method data for {method} {0x00007032c0066808} 'invoke' '(Ljava/lang/Object;[Ljava/lang/Object;)Ljava/lang/Object;' in 'java/lang/reflect/Method')}
  0x00007032e0fe4740: 0048 ba78 | 38bd c032 | 7000 00ff | 82a8 0100 

  0x00007032e0fe4750: ;   {oop(nullptr)}
  0x00007032e0fe4750: 0049 b800 | 0000 0000 | 0000 00e9 | 9a00 0000 | 488b 5424 | 5048 3b02 

  0x00007032e0fe4768: ;   {metadata(method data for {method} {0x00007032c0066808} 'invoke' '(Ljava/lang/Object;[Ljava/lang/Object;)Ljava/lang/Object;' in 'java/lang/reflect/Method')}
  0x00007032e0fe4768: 4c8b c248 | bb78 38bd | c032 7000 | 0045 8b40 | 084c 3b83 | c801 0000 | 750d 4883 | 83d0 0100 
  0x00007032e0fe4788: 0001 e960 | 0000 004c | 3b83 d801 | 0000 750d | 4883 83e0 | 0100 0001 | e94a 0000 | 0048 83bb 
  0x00007032e0fe47a8: c801 0000 | 0075 174c | 8983 c801 | 0000 48c7 | 83d0 0100 | 0001 0000 | 00e9 2900 | 0000 4883 
  0x00007032e0fe47c8: bbd8 0100 | 0000 7517 | 4c89 83d8 | 0100 0048 | c783 e001 | 0000 0100 | 0000 e908 | 0000 0048 
  0x00007032e0fe47e8: 8383 c001 | 0000 0144 | 8b42 084d | 8b40 704d | 8b00 488b 

  0x00007032e0fe47fc: ;   {metadata(method data for {method} {0x00007032c0066808} 'invoke' '(Ljava/lang/Object;[Ljava/lang/Object;)Ljava/lang/Object;' in 'java/lang/reflect/Method')}
  0x00007032e0fe47fc: de48 b878 | 38bd c032 | 7000 008b | 5b08 483b | 98f8 0100 | 0075 0d48 | 8380 0002 | 0000 01e9 
  0x00007032e0fe481c: 6000 0000 | 483b 9808 | 0200 0075 | 0d48 8380 | 1002 0000 | 01e9 4a00 | 0000 4883 | b8f8 0100 
  0x00007032e0fe483c: 0000 7517 | 4889 98f8 | 0100 0048 | c780 0002 | 0000 0100 | 0000 e929 | 0000 0048 | 83b8 0802 
  0x00007032e0fe485c: 0000 0075 | 1748 8998 | 0802 0000 | 48c7 8010 | 0200 0001 | 0000 00e9 | 0800 0000 | 4883 80f0 
  0x00007032e0fe487c: 0100 0001 | 488b d748 | 8bc6 488b | f048 897c 

  0x00007032e0fe488c: ;   {optimized virtual_call}
  0x00007032e0fe488c: 2468 90e8 

  0x00007032e0fe4890: ; ImmutableOopMap {[72]=Oop [80]=Oop [88]=Oop [104]=Oop }
                      ;*invokevirtual checkAccess {reexecute=0 rethrow=0 return_oop=0}
                      ; - java.lang.reflect.Method::invoke@60
  0x00007032e0fe4890: 0caf ffff 

  0x00007032e0fe4894: ;   {post_call_nop}
  0x00007032e0fe4894: 0f1f 8400 | 8c04 0002 | 488b 7424 | 488b 7e48 

  0x00007032e0fe48a4: ;   {metadata(method data for {method} {0x00007032c0066808} 'invoke' '(Ljava/lang/Object;[Ljava/lang/Object;)Ljava/lang/Object;' in 'java/lang/reflect/Method')}
  0x00007032e0fe48a4: 4885 ff48 | bb78 38bd | c032 7000 | 00b8 2002 | 0000 7505 | b830 0200 | 0048 8b14 | 0348 8d52 
  0x00007032e0fe48c4: 0148 8914 | 030f 8528 | 0000 0048 

  0x00007032e0fe48d0: ;   {metadata(method data for {method} {0x00007032c0066808} 'invoke' '(Ljava/lang/Object;[Ljava/lang/Object;)Ljava/lang/Object;' in 'java/lang/reflect/Method')}
  0x00007032e0fe48d0: 8bfe 48bb | 7838 bdc0 | 3270 0000 | 4883 8340 | 0200 0001 

  0x00007032e0fe48e4: ;   {optimized virtual_call}
  0x00007032e0fe48e4: 6666 90e8 

  0x00007032e0fe48e8: ; ImmutableOopMap {[80]=Oop [88]=Oop [104]=Oop }
                      ;*invokevirtual acquireMethodAccessor {reexecute=0 rethrow=0 return_oop=0}
                      ; - java.lang.reflect.Method::invoke@75
  0x00007032e0fe48e8: cd02 0000 

  0x00007032e0fe48ec: ;   {post_call_nop}
  0x00007032e0fe48ec: 0f1f 8400 | e404 0003 | 488b f88b | 4424 6085 

  0x00007032e0fe48fc: ;   {metadata(method data for {method} {0x00007032c0066808} 'invoke' '(Ljava/lang/Object;[Ljava/lang/Object;)Ljava/lang/Object;' in 'java/lang/reflect/Method')}
  0x00007032e0fe48fc: c048 ba78 | 38bd c032 | 7000 00b9 | 7002 0000 | 7405 b980 | 0200 004c | 8b04 0a4d | 8d40 014c 
  0x00007032e0fe491c: 8904 0a0f | 84da 0000 | 004c 8b44 | 2468 483b | 0748 8bd7 

  0x00007032e0fe4930: ;   {metadata(method data for {method} {0x00007032c0066808} 'invoke' '(Ljava/lang/Object;[Ljava/lang/Object;)Ljava/lang/Object;' in 'java/lang/reflect/Method')}
  0x00007032e0fe4930: 48b9 7838 | bdc0 3270 | 0000 8b52 | 0848 3b91 | 9802 0000 | 750d 4883 | 81a0 0200 | 0001 e960 
  0x00007032e0fe4950: 0000 0048 | 3b91 a802 | 0000 750d | 4883 81b0 | 0200 0001 | e94a 0000 | 0048 83b9 | 9802 0000 
  0x00007032e0fe4970: 0075 1748 | 8991 9802 | 0000 48c7 | 81a0 0200 | 0001 0000 | 00e9 2900 | 0000 4883 | b9a8 0200 
  0x00007032e0fe4990: 0000 7517 | 4889 91a8 | 0200 0048 | c781 b002 | 0000 0100 | 0000 e908 | 0000 0048 | 8381 9002 
  0x00007032e0fe49b0: 0000 0148 | 8b54 2450 | 488b 4c24 | 5848 8bf7 | 0f1f 4400 | 0048 b880 | 2d68 a432 

  0x00007032e0fe49cc: ;   {virtual_call}
  0x00007032e0fe49cc: 7000 00e8 

  0x00007032e0fe49d0: ; ImmutableOopMap {}
                      ;*invokeinterface invoke {reexecute=0 rethrow=0 return_oop=0}
                      ; - java.lang.reflect.Method::invoke@90
  0x00007032e0fe49d0: 0ca0 4307 

  0x00007032e0fe49d4: ;   {post_call_nop}
  0x00007032e0fe49d4: 0f1f 8400 | cc05 0004 

  0x00007032e0fe49dc: ;   {metadata(method data for {method} {0x00007032c0066808} 'invoke' '(Ljava/lang/Object;[Ljava/lang/Object;)Ljava/lang/Object;' in 'java/lang/reflect/Method')}
  0x00007032e0fe49dc: 48ba 7838 | bdc0 3270 | 0000 ff82 | c002 0000 | 4881 c480 | 0000 005d 

  0x00007032e0fe49f4: ;   {poll_return}
  0x00007032e0fe49f4: 493b 6728 | 0f87 0d01 | 0000 c348 | 8b4c 2458 | 488b 5424 | 5048 3b07 

  0x00007032e0fe4a0c: ;   {metadata(method data for {method} {0x00007032c0066808} 'invoke' '(Ljava/lang/Object;[Ljava/lang/Object;)Ljava/lang/Object;' in 'java/lang/reflect/Method')}
  0x00007032e0fe4a0c: 488b f748 | bb78 38bd | c032 7000 | 008b 7608 | 483b b3e0 | 0200 0075 | 0d48 8383 | e802 0000 
  0x00007032e0fe4a2c: 01e9 6000 | 0000 483b | b3f0 0200 | 0075 0d48 | 8383 f802 | 0000 01e9 | 4a00 0000 | 4883 bbe0 
  0x00007032e0fe4a4c: 0200 0000 | 7517 4889 | b3e0 0200 | 0048 c783 | e802 0000 | 0100 0000 | e929 0000 | 0048 83bb 
  0x00007032e0fe4a6c: f002 0000 | 0075 1748 | 89b3 f002 | 0000 48c7 | 83f8 0200 | 0001 0000 | 00e9 0800 | 0000 4883 
  0x00007032e0fe4a8c: 83d8 0200 | 0001 488b | f748 b8a8 | 2d68 a432 

  0x00007032e0fe4a9c: ;   {virtual_call}
  0x00007032e0fe4a9c: 7000 00e8 

  0x00007032e0fe4aa0: ; ImmutableOopMap {}
                      ;*invokeinterface invoke {reexecute=0 rethrow=0 return_oop=0}
                      ; - java.lang.reflect.Method::invoke@102
  0x00007032e0fe4aa0: 6e07 0000 

  0x00007032e0fe4aa4: ;   {post_call_nop}
  0x00007032e0fe4aa4: 0f1f 8400 | 9c06 0005 | 4881 c480 | 0000 005d 

  0x00007032e0fe4ab4: ;   {poll_return}
  0x00007032e0fe4ab4: 493b 6728 | 0f87 6800 

  0x00007032e0fe4abc: ;   {metadata({method} {0x00007032c0066808} 'invoke' '(Ljava/lang/Object;[Ljava/lang/Object;)Ljava/lang/Object;' in 'java/lang/reflect/Method')}
  0x00007032e0fe4abc: 0000 c349 | ba08 6806 | c032 7000 | 004c 8954 | 2408 48c7 | 0424 ffff 

  0x00007032e0fe4ad4: ;   {runtime_call C1 Runtime counter_overflow_blob}
  0x00007032e0fe4ad4: ffff e885 

  0x00007032e0fe4ad8: ; ImmutableOopMap {rsi=Oop rdx=Oop rcx=Oop [72]=Oop [80]=Oop }
                      ;*synchronization entry
                      ; - java.lang.reflect.Method::invoke@-1
  0x00007032e0fe4ad8: e74e 07e9 | 90fa ffff 

  0x00007032e0fe4ae0: ;   {metadata({method} {0x00007032c02703b0} 'isStatic' '(I)Z' in 'java/lang/reflect/Modifier')}
  0x00007032e0fe4ae0: 49ba b003 | 27c0 3270 | 0000 4c89 | 5424 0848 | c704 24ff 

  0x00007032e0fe4af4: ;   {runtime_call C1 Runtime counter_overflow_blob}
  0x00007032e0fe4af4: ffff ffe8 

  0x00007032e0fe4af8: ; ImmutableOopMap {rdi=Oop rsi=Oop rcx=Oop [72]=Oop [80]=Oop [88]=Oop }
                      ;*synchronization entry
                      ; - java.lang.reflect.Modifier::isStatic@-1
                      ; - java.lang.reflect.Method::invoke@42
  0x00007032e0fe4af8: 64e7 4e07 | e9c0 fbff 

  0x00007032e0fe4b00: ;   {runtime_call C1 Runtime throw_null_pointer_exception_blob}
  0x00007032e0fe4b00: ffe8 5a95 

  0x00007032e0fe4b04: ; ImmutableOopMap {rdi=Oop rsi=Oop rcx=Oop rdx=Oop [72]=Oop [80]=Oop [88]=Oop }
                      ;*invokevirtual getClass {reexecute=0 rethrow=0 return_oop=0}
                      ; - java.lang.reflect.Method::invoke@53
                      ;   {runtime_call C1 Runtime throw_null_pointer_exception_blob}
  0x00007032e0fe4b04: 4e07 e855 

  0x00007032e0fe4b08: ; ImmutableOopMap {rdi=Oop r8=Oop [80]=Oop [88]=Oop }
                      ;*invokeinterface invoke {reexecute=0 rethrow=0 return_oop=0}
                      ; - java.lang.reflect.Method::invoke@90
                      ;   {internal_word}
  0x00007032e0fe4b08: 954e 0749 | baf4 49fe | e032 7000 | 004d 8997 | 3805 0000 

  0x00007032e0fe4b1c: ;   {runtime_call SafepointBlob}
  0x00007032e0fe4b1c: e93f bd43 

  0x00007032e0fe4b20: ;   {runtime_call C1 Runtime throw_null_pointer_exception_blob}
  0x00007032e0fe4b20: 07e8 3a95 

  0x00007032e0fe4b24: ; ImmutableOopMap {rdx=Oop rcx=Oop rdi=Oop [80]=Oop }
                      ;*invokeinterface invoke {reexecute=0 rethrow=0 return_oop=0}
                      ; - java.lang.reflect.Method::invoke@102
                      ;   {internal_word}
  0x00007032e0fe4b24: 4e07 49ba | b44a fee0 | 3270 0000 | 4d89 9738 

  0x00007032e0fe4b34: ;   {runtime_call SafepointBlob}
  0x00007032e0fe4b34: 0500 00e9 | 24bd 4307 | 498b 87e0 | 0500 0049 | c787 e005 | 0000 0000 | 0000 49c7 | 87e8 0500 
  0x00007032e0fe4b54: 0000 0000 | 0048 81c4 | 8000 0000 

  0x00007032e0fe4b60: ;   {runtime_call C1 Runtime unwind_exception_blob}
  0x00007032e0fe4b60: 5de9 fa85 | 4e07 f4f4 
[Stub Code]
  0x00007032e0fe4b68: ;   {other}
  0x00007032e0fe4b68: 0f1f 4400 

  0x00007032e0fe4b6c: ;   {static_stub}
  0x00007032e0fe4b6c: 0048 bb00 | 0000 0000 

  0x00007032e0fe4b74: ;   {runtime_call nmethod}
  0x00007032e0fe4b74: 0000 00e9 | fbff ffff 

  0x00007032e0fe4b7c: ;   {static_stub}
  0x00007032e0fe4b7c: 9048 bb00 | 0000 0000 

  0x00007032e0fe4b84: ;   {runtime_call nmethod}
  0x00007032e0fe4b84: 0000 00e9 | fbff ffff 

  0x00007032e0fe4b8c: ;   {static_stub}
  0x00007032e0fe4b8c: 48bb 0000 | 0000 0000 

  0x00007032e0fe4b94: ;   {runtime_call nmethod}
  0x00007032e0fe4b94: 0000 e9fb 

  0x00007032e0fe4b98: ;   {static_stub}
  0x00007032e0fe4b98: ffff ff48 | bb00 0000 | 0000 0000 

  0x00007032e0fe4ba4: ;   {runtime_call nmethod}
  0x00007032e0fe4ba4: 00e9 fbff 

  0x00007032e0fe4ba8: ;   {static_stub}
  0x00007032e0fe4ba8: ffff 48bb | 0000 0000 | 0000 0000 

  0x00007032e0fe4bb4: ;   {runtime_call nmethod}
  0x00007032e0fe4bb4: e9fb ffff 

  0x00007032e0fe4bb8: ;   {static_stub}
  0x00007032e0fe4bb8: ff48 bb20 | 6e06 c032 

  0x00007032e0fe4bc0: ;   {runtime_call I2C/C2I adapters}
  0x00007032e0fe4bc0: 7000 00e9 | 6ab0 4307 
[Exception Handler]
  0x00007032e0fe4bc8: ;   {runtime_call C1 Runtime handle_exception_from_callee_blob}
  0x00007032e0fe4bc8: e893 b24e 

  0x00007032e0fe4bcc: ;   {external_word}
  0x00007032e0fe4bcc: 0748 bf3c | 7736 fd32 | 7000 0048 

  0x00007032e0fe4bd8: ;   {runtime_call MacroAssembler::debug64(char*, long, long*)}
  0x00007032e0fe4bd8: 83e4 f0e8 | e059 d51b 

  0x00007032e0fe4be0: ;   {section_word}
  0x00007032e0fe4be0: f449 bae1 | 4bfe e032 | 7000 0041 

  0x00007032e0fe4bec: ;   {runtime_call DeoptimizationBlob}
  0x00007032e0fe4bec: 52e9 6ebf | 4307 f4f4 | f4f4 f4f4 
[/MachCode]


Compiled method (c1) 24620  482       3       java.lang.invoke.DirectMethodHandle$Holder::invokeStatic (15 bytes)
 total in heap  [0x00007032e0f23d88,0x00007032e0f24248] = 1216
 main code      [0x00007032e0f23e80,0x00007032e0f241f8] = 888
 stub code      [0x00007032e0f241f8,0x00007032e0f24248] = 80
 mutable data [0x00007032a410bdc0,0x00007032a410be30] = 112
 relocation     [0x00007032a410bdc0,0x00007032a410be20] = 96
 metadata       [0x00007032a410be20,0x00007032a410be30] = 16
 immutable data [0x00007032a410bce0,0x00007032a410bdb0] = 208
 dependencies   [0x00007032a410bce0,0x00007032a410bce8] = 8
 nul chk table  [0x00007032a410bce8,0x00007032a410bcf8] = 16
 scopes pcs     [0x00007032a410bcf8,0x00007032a410bd68] = 112
 scopes data    [0x00007032a410bd68,0x00007032a410bdb0] = 72

[Constant Pool (empty)]

[MachCode]
[Verified Entry Point]
  # {method} {0x00007032c0357cb8} 'invokeStatic' '(Ljava/lang/Object;Ljava/lang/Object;Ljava/lang/Object;)Ljava/lang/Object;' in 'java/lang/invoke/DirectMethodHandle$Holder'
  # parm0:    rsi:rsi   = 'java/lang/Object'
  # parm1:    rdx:rdx   = 'java/lang/Object'
  # parm2:    rcx:rcx   = 'java/lang/Object'
  #           [sp+0x50]  (sp of caller)
  0x00007032e0f23e80: 8984 2400 | c0fe ff55 | 4883 ec40 | 4181 7f20 | 0700 0000 

  0x00007032e0f23e94: ;   {runtime_call Stub::method_entry_barrier}
  0x00007032e0f23e94: 7405 e885 

  0x00007032e0f23e98: ;   {metadata(method data for {method} {0x00007032c0357cb8} 'invokeStatic' '(Ljava/lang/Object;Ljava/lang/Object;Ljava/lang/Object;)Ljava/lang/Object;' in 'java/lang/invoke/DirectMethodHandle$Holder')}
  0x00007032e0f23e98: 204e 0748 | bfd0 b28c | c032 7000 | 0048 8dbf | e001 0000 | 4885 f675 | 0cf6 0701 | 7522 f048 
  0x00007032e0f23eb8: 830f 01eb | 1b8b 5e08 | 4c8b d348 | 331f 48f7 | c3fc ffff | ff74 09f6 | c302 7504 | 4883 0f02 
  0x00007032e0f23ed8: 4885 d275 | 0ef6 4710 | 0175 25f0 | 4883 4f10 | 01eb 1d8b | 5a08 4c8b | d348 335f | 1048 f7c3 
  0x00007032e0f23ef8: fcff ffff | 740a f6c3 | 0275 0548 | 834f 1002 

  0x00007032e0f23f08: ;   {metadata(method data for {method} {0x00007032c0357cb8} 'invokeStatic' '(Ljava/lang/Object;Ljava/lang/Object;Ljava/lang/Object;)Ljava/lang/Object;' in 'java/lang/invoke/DirectMethodHandle$Holder')}
  0x00007032e0f23f08: 48bf d0b2 | 8cc0 3270 | 0000 8b9f | 9000 0000 | 83c3 0289 | 9f90 0000 | 0081 e3fe | 0700 0085 
  0x00007032e0f23f28: db0f 843b 

  0x00007032e0f23f2c: ;   {metadata(method data for {method} {0x00007032c0357cb8} 'invokeStatic' '(Ljava/lang/Object;Ljava/lang/Object;Ljava/lang/Object;)Ljava/lang/Object;' in 'java/lang/invoke/DirectMethodHandle$Holder')}
  0x00007032e0f23f2c: 0200 0048 | bfd0 b28c | c032 7000 | 0048 8dbf | e800 0000 | 4885 f675 | 0ef6 4708 | 0175 25f0 
  0x00007032e0f23f4c: 4883 4f08 | 01eb 1d8b | 5e08 4c8b | d348 335f | 0848 f7c3 | fcff ffff | 740a f6c3 | 0275 0548 
  0x00007032e0f23f6c: 834f 0802 

  0x00007032e0f23f70: ;   {metadata(method data for {method} {0x00007032c0357cb8} 'invokeStatic' '(Ljava/lang/Object;Ljava/lang/Object;Ljava/lang/Object;)Ljava/lang/Object;' in 'java/lang/invoke/DirectMethodHandle$Holder')}
  0x00007032e0f23f70: 48bf d0b2 | 8cc0 3270 | 0000 4883 | 87d8 0000 

  0x00007032e0f23f80: ;   {metadata(method data for {method} {0x00007032c0079a70} 'internalMemberName' '(Ljava/lang/Object;)Ljava/lang/Object;' in 'java/lang/invoke/DirectMethodHandle')}
  0x00007032e0f23f80: 0001 48bf | 783a 8bc0 | 3270 0000 | 8b9f 9000 | 0000 83c3 | 0289 9f90 | 0000 0081 | e3fe ff1f 
  0x00007032e0f23fa0: 0085 db0f | 84e2 0100 | 0048 85f6 

  0x00007032e0f23fac: ;   {metadata(method data for {method} {0x00007032c0079a70} 'internalMemberName' '(Ljava/lang/Object;)Ljava/lang/Object;' in 'java/lang/invoke/DirectMethodHandle')}
  0x00007032e0f23fac: 48bb 783a | 8bc0 3270 | 0000 750c | 808b d100 | 0000 01e9 | 9500 0000 | 8b46 0848 | 3b83 e000 
  0x00007032e0f23fcc: 0000 750d | 4883 83e8 | 0000 0001 | e960 0000 | 0048 3b83 | f000 0000 | 750d 4883 | 83f8 0000 
  0x00007032e0f23fec: 0001 e94a | 0000 0048 | 83bb e000 | 0000 0075 | 1748 8983 | e000 0000 | 48c7 83e8 | 0000 0001 
  0x00007032e0f2400c: 0000 00e9 | 2900 0000 | 4883 bbf0 | 0000 0000 | 7517 4889 | 83f0 0000 | 0048 c783 | f800 0000 
  0x00007032e0f2402c: 0100 0000 | e908 0000 | 0048 8383 | d800 0000 

  0x00007032e0f2403c: ;   {metadata('java/lang/invoke/DirectMethodHandle')}
  0x00007032e0f2403c: 0148 b850 | cb00 0e00 | 0000 008b | 5e08 483b | 4340 0f85 | 5801 0000 | e900 0000 | 008b 7e20 
  0x00007032e0f2405c: ;   {metadata(method data for {method} {0x00007032c0357cb8} 'invokeStatic' '(Ljava/lang/Object;Ljava/lang/Object;Ljava/lang/Object;)Ljava/lang/Object;' in 'java/lang/invoke/DirectMethodHandle$Holder')}
  0x00007032e0f2405c: 48be d0b2 | 8cc0 3270 | 0000 488d | b6f8 0000 | 0048 85ff | 750a f606 | 0175 05f0 | 4883 0e01 
  0x00007032e0f2407c: ;   {metadata(method data for {method} {0x00007032c0357cb8} 'invokeStatic' '(Ljava/lang/Object;Ljava/lang/Object;Ljava/lang/Object;)Ljava/lang/Object;' in 'java/lang/invoke/DirectMethodHandle$Holder')}
  0x00007032e0f2407c: 48be d0b2 | 8cc0 3270 | 0000 488d | b648 0100 | 0048 85d2 | 750e f646 | 0801 7525 | f048 834e 
  0x00007032e0f2409c: 0801 eb1d | 8b5a 084c | 8bd3 4833 | 5e08 48f7 | c3fc ffff | ff74 0af6 | c302 7505 | 4883 4e08 
  0x00007032e0f240bc: 0248 85c9 | 750e f646 | 1801 7525 | f048 834e | 1801 eb1d | 8b59 084c | 8bd3 4833 | 5e18 48f7 
  0x00007032e0f240dc: c3fc ffff | ff74 0af6 | c302 7505 | 4883 4e18 

  0x00007032e0f240ec: ;   {metadata(method data for {method} {0x00007032c0357cb8} 'invokeStatic' '(Ljava/lang/Object;Ljava/lang/Object;Ljava/lang/Object;)Ljava/lang/Object;' in 'java/lang/invoke/DirectMethodHandle$Holder')}
  0x00007032e0f240ec: 0248 bed0 | b28c c032 | 7000 0048 | 8386 3801 | 0000 0148 | 8bf2 488b | d148 8bcf | 0f1f 8000 
  0x00007032e0f2410c: ;   {static_call}
  0x00007032e0f2410c: 0000 00e8 

  0x00007032e0f24110: ; ImmutableOopMap {}
                      ;*invokestatic linkToStatic {reexecute=0 rethrow=0 return_oop=0}
                      ; - java.lang.invoke.DirectMethodHandle$Holder::invokeStatic@11
  0x00007032e0f24110: 6cef a307 

  0x00007032e0f24114: ;   {post_call_nop}
  0x00007032e0f24114: 0f1f 8400 | 8c03 0000 

  0x00007032e0f2411c: ;   {metadata(method data for {method} {0x00007032c0357cb8} 'invokeStatic' '(Ljava/lang/Object;Ljava/lang/Object;Ljava/lang/Object;)Ljava/lang/Object;' in 'java/lang/invoke/DirectMethodHandle$Holder')}
  0x00007032e0f2411c: 48be d0b2 | 8cc0 3270 | 0000 488d | b668 0100 | 0048 85c0 | 750c f606 | 0175 23f0 | 4883 0e01 
  0x00007032e0f2413c: eb1c 8b78 | 084c 8bd7 | 4833 3e48 | f7c7 fcff | ffff 740a | 40f6 c702 | 7504 4883 | 0e02 4883 
  0x00007032e0f2415c: ;   {poll_return}
  0x00007032e0f2415c: c440 5d49 | 3b67 280f | 8751 0000 

  0x00007032e0f24168: ;   {metadata({method} {0x00007032c0357cb8} 'invokeStatic' '(Ljava/lang/Object;Ljava/lang/Object;Ljava/lang/Object;)Ljava/lang/Object;' in 'java/lang/invoke/DirectMethodHandle$Holder')}
  0x00007032e0f24168: 00c3 49ba | b87c 35c0 | 3270 0000 | 4c89 5424 | 0848 c704 | 24ff ffff 

  0x00007032e0f24180: ;   {runtime_call C1 Runtime counter_overflow_blob}
  0x00007032e0f24180: ffe8 daf0 

  0x00007032e0f24184: ; ImmutableOopMap {rsi=Oop rdx=Oop rcx=Oop }
                      ;*synchronization entry
                      ; - java.lang.invoke.DirectMethodHandle$Holder::invokeStatic@-1
  0x00007032e0f24184: 5a07 e9a4 

  0x00007032e0f24188: ;   {metadata({method} {0x00007032c0079a70} 'internalMemberName' '(Ljava/lang/Object;)Ljava/lang/Object;' in 'java/lang/invoke/DirectMethodHandle')}
  0x00007032e0f24188: fdff ff49 | ba70 9a07 | c032 7000 | 004c 8954 | 2408 48c7 | 0424 ffff 

  0x00007032e0f241a0: ;   {runtime_call C1 Runtime counter_overflow_blob}
  0x00007032e0f241a0: ffff e8b9 

  0x00007032e0f241a4: ; ImmutableOopMap {rsi=Oop rdx=Oop rcx=Oop }
                      ;*synchronization entry
                      ; - java.lang.invoke.DirectMethodHandle::internalMemberName@-1
                      ; - java.lang.invoke.DirectMethodHandle$Holder::invokeStatic@1
  0x00007032e0f241a4: f05a 07e9 | fdfd ffff | 4889 3424 

  0x00007032e0f241b0: ;   {runtime_call C1 Runtime throw_class_cast_exception_blob}
  0x00007032e0f241b0: e8ab c25a 

  0x00007032e0f241b4: ; ImmutableOopMap {rdx=Oop rcx=Oop }
                      ;*checkcast {reexecute=0 rethrow=0 return_oop=0}
                      ; - java.lang.invoke.DirectMethodHandle::internalMemberName@1
                      ; - java.lang.invoke.DirectMethodHandle$Holder::invokeStatic@1
                      ;   {runtime_call C1 Runtime throw_null_pointer_exception_blob}
  0x00007032e0f241b4: 07e8 a69e 

  0x00007032e0f241b8: ; ImmutableOopMap {rdx=Oop rcx=Oop }
                      ;*getfield member {reexecute=1 rethrow=0 return_oop=0}
                      ; - (reexecute) java.lang.invoke.DirectMethodHandle::internalMemberName@4
                      ; - java.lang.invoke.DirectMethodHandle$Holder::invokeStatic@1
                      ;   {internal_word}
  0x00007032e0f241b8: 5a07 49ba | 5f41 f2e0 | 3270 0000 | 4d89 9738 

  0x00007032e0f241c8: ;   {runtime_call SafepointBlob}
  0x00007032e0f241c8: 0500 00e9 | 90c6 4f07 | 498b 87e0 | 0500 0049 | c787 e005 | 0000 0000 | 0000 49c7 | 87e8 0500 
  0x00007032e0f241e8: 0000 0000 | 0048 83c4 

  0x00007032e0f241f0: ;   {runtime_call C1 Runtime unwind_exception_blob}
  0x00007032e0f241f0: 405d e969 | 8f5a 07f4 
[Stub Code]
  0x00007032e0f241f8: ;   {static_stub}
  0x00007032e0f241f8: 48bb 0000 | 0000 0000 

  0x00007032e0f24200: ;   {runtime_call nmethod}
  0x00007032e0f24200: 0000 e9fb 

  0x00007032e0f24204: ;   {runtime_call C1 Runtime handle_exception_from_callee_blob}
  0x00007032e0f24204: ffff ffe8 | 54bc 5a07 

  0x00007032e0f2420c: ;   {external_word}
  0x00007032e0f2420c: 48bf 3c77 | 36fd 3270 | 0000 4883 

  0x00007032e0f24218: ;   {runtime_call MacroAssembler::debug64(char*, long, long*)}
  0x00007032e0f24218: e4f0 e8a1 | 63e1 1bf4 
[Deopt Handler Code]
  0x00007032e0f24220: ;   {section_word}
  0x00007032e0f24220: 49ba 2042 | f2e0 3270 | 0000 4152 

  0x00007032e0f2422c: ;   {runtime_call DeoptimizationBlob}
  0x00007032e0f2422c: e92f c94f 

  0x00007032e0f24230: ;   {section_word}
  0x00007032e0f24230: 0749 ba31 | 42f2 e032 | 7000 0041 

  0x00007032e0f2423c: ;   {runtime_call DeoptimizationBlob}
  0x00007032e0f2423c: 52e9 1ec9 | 4f07 f4f4 | f4f4 f4f4 
[/MachCode]


---------------  P R O C E S S  ---------------

Threads class SMR info:
_java_thread_list=0x000070326c0114b0, length=33, elements={
0x00007032f402e4b0, 0x00007032f4121950, 0x00007032f4123100, 0x00007032f4124b30,
0x00007032f4126380, 0x00007032f4127b30, 0x00007032f4129860, 0x00007032f412b180,
0x00007032f41ee3e0, 0x00007032f41f0a40, 0x00007032f45ea880, 0x00007032f4625040,
0x00007032f4626830, 0x00007032f4633430, 0x00007032f4ab7290, 0x000070326002fe00,
0x00007032602adbd0, 0x00007032f42c6b50, 0x000070326804f750, 0x00007032f477c640,
0x00007032f49a7070, 0x00007032f49aa320, 0x00007032f4c2cc00, 0x0000703294008e80,
0x00007032900013a0, 0x00007032f48e1950, 0x00007032f48e5000, 0x0000703290002af0,
0x00007032f50cf830, 0x000070329400a5e0, 0x00007032f519d540, 0x00007032b00044c0,
0x00007032b0008230
}

Java Threads: ( => current thread )
=>0x00007032f402e4b0 JavaThread "main"                              [_thread_in_native, id=7226, stack(0x00007032fbe05000,0x00007032fbf05000) (1024K)]
  0x00007032f4121950 JavaThread "Reference Handler"          daemon [_thread_blocked, id=7234, stack(0x00007032f9719000,0x00007032f9819000) (1024K)]
  0x00007032f4123100 JavaThread "Finalizer"                  daemon [_thread_blocked, id=7235, stack(0x00007032f9300000,0x00007032f9400000) (1024K)]
  0x00007032f4124b30 JavaThread "Signal Dispatcher"          daemon [_thread_blocked, id=7236, stack(0x00007032f9200000,0x00007032f9300000) (1024K)]
  0x00007032f4126380 JavaThread "Service Thread"             daemon [_thread_blocked, id=7237, stack(0x00007032f9100000,0x00007032f9200000) (1024K)]
  0x00007032f4127b30 JavaThread "Monitor Deflation Thread"   daemon [_thread_blocked, id=7238, stack(0x00007032f9000000,0x00007032f9100000) (1024K)]
  0x00007032f4129860 JavaThread "C2 CompilerThread0"         daemon [_thread_blocked, id=7239, stack(0x00007032f8f00000,0x00007032f9000000) (1024K)]
  0x00007032f412b180 JavaThread "C1 CompilerThread0"         daemon [_thread_blocked, id=7240, stack(0x00007032f8e00000,0x00007032f8f00000) (1024K)]
  0x00007032f41ee3e0 JavaThread "Notification Thread"        daemon [_thread_blocked, id=7241, stack(0x00007032f8cbe000,0x00007032f8dbe000) (1024K)]
  0x00007032f41f0a40 JavaThread "Common-Cleaner"             daemon [_thread_blocked, id=7242, stack(0x00007032f8bbe000,0x00007032f8cbe000) (1024K)]
  0x00007032f45ea880 JavaThread "Active Thread: Equinox Container: 5dd83dc3-c8a5-4ceb-a592-695dd7fea0d4"        [_thread_blocked, id=7253, stack(0x000070328e0ed000,0x000070328e1ed000) (1024K)]
  0x00007032f4625040 JavaThread "Framework Event Dispatcher: Equinox Container: 5dd83dc3-c8a5-4ceb-a592-695dd7fea0d4" daemon [_thread_blocked, id=7254, stack(0x000070328dfed000,0x000070328e0ed000) (1024K)]
  0x00007032f4626830 JavaThread "Start Level: Equinox Container: 5dd83dc3-c8a5-4ceb-a592-695dd7fea0d4" daemon [_thread_blocked, id=7258, stack(0x000070328dbea000,0x000070328dcea000) (1024K)]
  0x00007032f4633430 JavaThread "Refresh Thread: Equinox Container: 5dd83dc3-c8a5-4ceb-a592-695dd7fea0d4" daemon [_thread_blocked, id=7259, stack(0x000070328daea000,0x000070328dbea000) (1024K)]
  0x00007032f4ab7290 JavaThread "Bundle File Closer"         daemon [_thread_blocked, id=7279, stack(0x000070328d9ea000,0x000070328daea000) (1024K)]
  0x000070326002fe00 JavaThread "SCR Component Actor"        daemon [_thread_blocked, id=7347, stack(0x000070328d8ea000,0x000070328d9ea000) (1024K)]
  0x00007032602adbd0 JavaThread "EMF Reference Cleaner"      daemon [_thread_blocked, id=7348, stack(0x000070328d7ea000,0x000070328d8ea000) (1024K)]
  0x00007032f42c6b50 JavaThread "Gogo shell"                        [_thread_blocked, id=7349, stack(0x000070328d6ea000,0x000070328d7ea000) (1024K)]
  0x000070326804f750 JavaThread "Worker-JM"                         [_thread_blocked, id=7352, stack(0x000070328d5ea000,0x000070328d6ea000) (1024K)]
  0x00007032f477c640 JavaThread "Database navigator events processor"        [_thread_blocked, id=7353, stack(0x000070328d4ea000,0x000070328d5ea000) (1024K)]
  0x00007032f49a7070 JavaThread "Java2D Disposer"            daemon [_thread_blocked, id=7354, stack(0x000070328cf52000,0x000070328d052000) (1024K)]
  0x00007032f49aa320 JavaThread "AWT-XAWT"                   daemon [_thread_in_native, id=7355, stack(0x000070328ce52000,0x000070328cf52000) (1024K)]
  0x00007032f4c2cc00 JavaThread "Worker-1"                          [_thread_blocked, id=7356, stack(0x000070328cd52000,0x000070328ce52000) (1024K)]
  0x0000703294008e80 JavaThread "Worker-2"                          [_thread_blocked, id=7357, stack(0x000070328cc52000,0x000070328cd52000) (1024K)]
  0x00007032900013a0 JavaThread "Worker-3"                          [_thread_blocked, id=7358, stack(0x000070328c900000,0x000070328ca00000) (1024K)]
  0x00007032f48e1950 JavaThread "idle-timeout-task"          daemon [_thread_blocked, id=7360, stack(0x0000703259900000,0x0000703259a00000) (1024K)]
  0x00007032f48e5000 JavaThread "HTTP-Dispatcher"                   [_thread_in_native, id=7361, stack(0x0000703259800000,0x0000703259900000) (1024K)]
  0x0000703290002af0 JavaThread "Worker-4"                          [_thread_blocked, id=7362, stack(0x0000703259700000,0x0000703259800000) (1024K)]
  0x00007032f50cf830 JavaThread "SWTResourceTracker"         daemon [_thread_blocked, id=7381, stack(0x0000703259600000,0x0000703259700000) (1024K)]
  0x000070329400a5e0 JavaThread "Worker-5"                          [_thread_blocked, id=7382, stack(0x0000703259450000,0x0000703259550000) (1024K)]
  0x00007032f519d540 JavaThread "EventAdmin Async Event Dispatcher Thread" daemon [_thread_blocked, id=7384, stack(0x0000703259350000,0x0000703259450000) (1024K)]
  0x00007032b00044c0 JavaThread "pool-2-thread-1"                   [_thread_blocked, id=7385, stack(0x0000703259250000,0x0000703259350000) (1024K)]
  0x00007032b0008230 JavaThread "pool-3-thread-1"                   [_thread_blocked, id=7386, stack(0x0000703259150000,0x0000703259250000) (1024K)]
Total: 33

Other Threads:
  0x00007032f40bf9d0 VMThread "VM Thread"                           [id=7233, stack(0x00007032f981a000,0x00007032f991a000) (1024K)]
  0x00007032f40b0660 WatcherThread "VM Periodic Task Thread"        [id=7232, stack(0x00007032f991b000,0x00007032f9a1b000) (1024K)]
  0x00007032f40704f0 WorkerThread "GC Thread#0"                     [id=7227, stack(0x00007032fa300000,0x00007032fa400000) (1024K)]
  0x00007032b8006c50 WorkerThread "GC Thread#1"                     [id=7255, stack(0x000070328deed000,0x000070328dfed000) (1024K)]
  0x00007032b80078e0 WorkerThread "GC Thread#2"                     [id=7256, stack(0x000070328ddec000,0x000070328deec000) (1024K)]
  0x00007032b8008660 WorkerThread "GC Thread#3"                     [id=7257, stack(0x000070328dceb000,0x000070328ddeb000) (1024K)]
  0x00007032f407dd70 ConcurrentGCThread "G1 Main Marker"            [id=7228, stack(0x00007032fa1ff000,0x00007032fa2ff000) (1024K)]
  0x00007032f407ef40 WorkerThread "G1 Conc#0"                       [id=7229, stack(0x00007032fa0fe000,0x00007032fa1fe000) (1024K)]
  0x00007032f40a33f0 ConcurrentGCThread "G1 Refine#0"               [id=7230, stack(0x00007032f9bf9000,0x00007032f9cf9000) (1024K)]
  0x00007032f40a45e0 ConcurrentGCThread "G1 Service"                [id=7231, stack(0x00007032f9af8000,0x00007032f9bf8000) (1024K)]
Total: 10

Threads with active compile tasks:
Total: 0

VM state: not at safepoint (normal execution)

VM Mutex/Monitor currently owned by a thread: None

Heap address: 0x00000000c0000000, size: 1024 MB, Compressed Oops mode: 32-bit

CDS archive(s) not mapped
Compressed class space mapped at: 0x000000000e000000-0x000000004e000000, reserved size: 1073741824
UseCompressedClassPointers 1, UseCompactObjectHeaders 0
Narrow klass pointer bits 32, Max shift 3
Narrow klass base: 0x0000000000000000, Narrow klass shift: 0
Encoding Range: [0x0000000000000000 - 0x0000000100000000), (4294967296 bytes)
Klass Range:    [0x000000000e000000 - 0x000000004e000000), (1073741824 bytes)
Klass ID Range:  [234881024 - 1308622841) (1073741817)
No protection zone.

GC Precious Log:
 CardTable entry size: 512
 Card Set container configuration: InlinePtr #cards 5 size 8 Array Of Cards #cards 10 size 36 Howl #buckets 4 coarsen threshold 1843 Howl Bitmap #cards 512 size 80 coarsen threshold 460 Card regions per heap region 1 cards per card region 2048
 CPUs: 128 total, 4 available
 Memory: 7889M
 Large Page Support: Disabled
 NUMA Support: Disabled
 Compressed Oops: Enabled (32-bit)
 Heap Region Size: 1M
 Heap Min Capacity: 64M
 Heap Initial Capacity: 64M
 Heap Max Capacity: 1G
 Pre-touch: Disabled
 Parallel Workers: 4
 Concurrent Workers: 1
 Concurrent Refinement Workers: 4
 Periodic GC: Disabled

Heap:
 garbage-first heap   total reserved 1048576K, committed 137216K, used 66413K [0x00000000c0000000, 0x0000000100000000)
  region size 1024K, 33 young (33792K), 10 survivors (10240K)

Heap Regions: E=young(eden), S=young(survivor), O=old, HS=humongous(starts), HC=humongous(continues), CS=collection set, F=free, TAMS=top-at-mark-start, PB=parsable bottom
|   0|0x00000000c0000000, 0x00000000c0100000, 0x00000000c0100000|100%| O|  |TAMS 0x00000000c0000000| PB 0x00000000c0000000| Untracked |  0
|   1|0x00000000c0100000, 0x00000000c0200000, 0x00000000c0200000|100%| O|  |TAMS 0x00000000c0100000| PB 0x00000000c0100000| Untracked |  0
|   2|0x00000000c0200000, 0x00000000c0300000, 0x00000000c0300000|100%| O|  |TAMS 0x00000000c0200000| PB 0x00000000c0200000| Untracked |  0
|   3|0x00000000c0300000, 0x00000000c0400000, 0x00000000c0400000|100%| O|  |TAMS 0x00000000c0300000| PB 0x00000000c0300000| Untracked |  0
|   4|0x00000000c0400000, 0x00000000c0500000, 0x00000000c0500000|100%| O|  |TAMS 0x00000000c0400000| PB 0x00000000c0400000| Untracked |  0
|   5|0x00000000c0500000, 0x00000000c0600000, 0x00000000c0600000|100%| O|  |TAMS 0x00000000c0500000| PB 0x00000000c0500000| Untracked |  0
|   6|0x00000000c0600000, 0x00000000c0700000, 0x00000000c0700000|100%| O|  |TAMS 0x00000000c0600000| PB 0x00000000c0600000| Untracked |  0
|   7|0x00000000c0700000, 0x00000000c0800000, 0x00000000c0800000|100%| O|  |TAMS 0x00000000c0700000| PB 0x00000000c0700000| Untracked |  0
|   8|0x00000000c0800000, 0x00000000c0900000, 0x00000000c0900000|100%| O|  |TAMS 0x00000000c0800000| PB 0x00000000c0800000| Untracked |  0
|   9|0x00000000c0900000, 0x00000000c0a00000, 0x00000000c0a00000|100%| O|  |TAMS 0x00000000c0900000| PB 0x00000000c0900000| Untracked |  0
|  10|0x00000000c0a00000, 0x00000000c0b00000, 0x00000000c0b00000|100%|HS|  |TAMS 0x00000000c0a00000| PB 0x00000000c0a00000| Complete |  0
|  11|0x00000000c0b00000, 0x00000000c0c00000, 0x00000000c0c00000|100%| O|  |TAMS 0x00000000c0b00000| PB 0x00000000c0b00000| Untracked |  0
|  12|0x00000000c0c00000, 0x00000000c0d00000, 0x00000000c0d00000|100%| O|  |TAMS 0x00000000c0c00000| PB 0x00000000c0c00000| Untracked |  0
|  13|0x00000000c0d00000, 0x00000000c0e00000, 0x00000000c0e00000|100%| O|  |TAMS 0x00000000c0d00000| PB 0x00000000c0d00000| Untracked |  0
|  14|0x00000000c0e00000, 0x00000000c0f00000, 0x00000000c0f00000|100%| O|  |TAMS 0x00000000c0e00000| PB 0x00000000c0e00000| Untracked |  0
|  15|0x00000000c0f00000, 0x00000000c1000000, 0x00000000c1000000|100%| O|  |TAMS 0x00000000c0f00000| PB 0x00000000c0f00000| Untracked |  0
|  16|0x00000000c1000000, 0x00000000c10db560, 0x00000000c1100000| 85%| O|  |TAMS 0x00000000c1000000| PB 0x00000000c1000000| Untracked |  0
|  17|0x00000000c1100000, 0x00000000c1200000, 0x00000000c1200000|100%| O|  |TAMS 0x00000000c1100000| PB 0x00000000c1100000| Untracked |  0
|  18|0x00000000c1200000, 0x00000000c1300000, 0x00000000c1300000|100%| O|  |TAMS 0x00000000c1200000| PB 0x00000000c1200000| Untracked |  0
|  19|0x00000000c1300000, 0x00000000c1400000, 0x00000000c1400000|100%|HS|  |TAMS 0x00000000c1300000| PB 0x00000000c1300000| Complete |  0
|  20|0x00000000c1400000, 0x00000000c1500000, 0x00000000c1500000|100%|HS|  |TAMS 0x00000000c1400000| PB 0x00000000c1400000| Complete |  0
|  21|0x00000000c1500000, 0x00000000c1600000, 0x00000000c1600000|100%|HS|  |TAMS 0x00000000c1500000| PB 0x00000000c1500000| Complete |  0
|  22|0x00000000c1600000, 0x00000000c1700000, 0x00000000c1700000|100%|HS|  |TAMS 0x00000000c1600000| PB 0x00000000c1600000| Complete |  0
|  23|0x00000000c1700000, 0x00000000c1700000, 0x00000000c1800000|  0%| F|  |TAMS 0x00000000c1700000| PB 0x00000000c1700000| Untracked |  0
|  24|0x00000000c1800000, 0x00000000c1800000, 0x00000000c1900000|  0%| F|  |TAMS 0x00000000c1800000| PB 0x00000000c1800000| Untracked |  0
|  25|0x00000000c1900000, 0x00000000c1900000, 0x00000000c1a00000|  0%| F|  |TAMS 0x00000000c1900000| PB 0x00000000c1900000| Untracked |  0
|  26|0x00000000c1a00000, 0x00000000c1a00000, 0x00000000c1b00000|  0%| F|  |TAMS 0x00000000c1a00000| PB 0x00000000c1a00000| Untracked |  0
|  27|0x00000000c1b00000, 0x00000000c1b00000, 0x00000000c1c00000|  0%| F|  |TAMS 0x00000000c1b00000| PB 0x00000000c1b00000| Untracked |  0
|  28|0x00000000c1c00000, 0x00000000c1c00000, 0x00000000c1d00000|  0%| F|  |TAMS 0x00000000c1c00000| PB 0x00000000c1c00000| Untracked |  0
|  29|0x00000000c1d00000, 0x00000000c1d00000, 0x00000000c1e00000|  0%| F|  |TAMS 0x00000000c1d00000| PB 0x00000000c1d00000| Untracked |  0
|  30|0x00000000c1e00000, 0x00000000c1e00000, 0x00000000c1f00000|  0%| F|  |TAMS 0x00000000c1e00000| PB 0x00000000c1e00000| Untracked |  0
|  31|0x00000000c1f00000, 0x00000000c1f00000, 0x00000000c2000000|  0%| F|  |TAMS 0x00000000c1f00000| PB 0x00000000c1f00000| Untracked |  0
|  32|0x00000000c2000000, 0x00000000c2000000, 0x00000000c2100000|  0%| F|  |TAMS 0x00000000c2000000| PB 0x00000000c2000000| Untracked |  0
|  33|0x00000000c2100000, 0x00000000c2100000, 0x00000000c2200000|  0%| F|  |TAMS 0x00000000c2100000| PB 0x00000000c2100000| Untracked |  0
|  34|0x00000000c2200000, 0x00000000c2200000, 0x00000000c2300000|  0%| F|  |TAMS 0x00000000c2200000| PB 0x00000000c2200000| Untracked |  0
|  35|0x00000000c2300000, 0x00000000c2300000, 0x00000000c2400000|  0%| F|  |TAMS 0x00000000c2300000| PB 0x00000000c2300000| Untracked |  0
|  36|0x00000000c2400000, 0x00000000c2400000, 0x00000000c2500000|  0%| F|  |TAMS 0x00000000c2400000| PB 0x00000000c2400000| Untracked |  0
|  37|0x00000000c2500000, 0x00000000c2500000, 0x00000000c2600000|  0%| F|  |TAMS 0x00000000c2500000| PB 0x00000000c2500000| Untracked |  0
|  38|0x00000000c2600000, 0x00000000c2600000, 0x00000000c2700000|  0%| F|  |TAMS 0x00000000c2600000| PB 0x00000000c2600000| Untracked |  0
|  39|0x00000000c2700000, 0x00000000c2700000, 0x00000000c2800000|  0%| F|  |TAMS 0x00000000c2700000| PB 0x00000000c2700000| Untracked |  0
|  40|0x00000000c2800000, 0x00000000c2800000, 0x00000000c2900000|  0%| F|  |TAMS 0x00000000c2800000| PB 0x00000000c2800000| Untracked |  0
|  41|0x00000000c2900000, 0x00000000c2900000, 0x00000000c2a00000|  0%| F|  |TAMS 0x00000000c2900000| PB 0x00000000c2900000| Untracked |  0
|  42|0x00000000c2a00000, 0x00000000c2a00000, 0x00000000c2b00000|  0%| F|  |TAMS 0x00000000c2a00000| PB 0x00000000c2a00000| Untracked |  0
|  43|0x00000000c2b00000, 0x00000000c2c00000, 0x00000000c2c00000|100%| S|CS|TAMS 0x00000000c2b00000| PB 0x00000000c2b00000| Complete |  0
|  44|0x00000000c2c00000, 0x00000000c2d00000, 0x00000000c2d00000|100%| S|CS|TAMS 0x00000000c2c00000| PB 0x00000000c2c00000| Complete |  0
|  45|0x00000000c2d00000, 0x00000000c2e00000, 0x00000000c2e00000|100%| S|CS|TAMS 0x00000000c2d00000| PB 0x00000000c2d00000| Complete |  0
|  46|0x00000000c2e00000, 0x00000000c2f00000, 0x00000000c2f00000|100%| O|Cm|TAMS 0x00000000c2e00000| PB 0x00000000c2e00000| Complete |  0
|  47|0x00000000c2f00000, 0x00000000c3000000, 0x00000000c3000000|100%| S|CS|TAMS 0x00000000c2f00000| PB 0x00000000c2f00000| Complete |  0
|  48|0x00000000c3000000, 0x00000000c3100000, 0x00000000c3100000|100%| O|Cm|TAMS 0x00000000c3000000| PB 0x00000000c3000000| Complete |  0
|  49|0x00000000c3100000, 0x00000000c3200000, 0x00000000c3200000|100%| O|Cm|TAMS 0x00000000c3100000| PB 0x00000000c3100000| Complete |  0
|  50|0x00000000c3200000, 0x00000000c3300000, 0x00000000c3300000|100%| O|  |TAMS 0x00000000c3200000| PB 0x00000000c3200000| Untracked |  0
|  51|0x00000000c3300000, 0x00000000c3400000, 0x00000000c3400000|100%| S|CS|TAMS 0x00000000c3300000| PB 0x00000000c3300000| Complete |  0
|  52|0x00000000c3400000, 0x00000000c3500000, 0x00000000c3500000|100%| S|CS|TAMS 0x00000000c3400000| PB 0x00000000c3400000| Complete |  0
|  53|0x00000000c3500000, 0x00000000c3600000, 0x00000000c3600000|100%| S|CS|TAMS 0x00000000c3500000| PB 0x00000000c3500000| Complete |  0
|  54|0x00000000c3600000, 0x00000000c3700000, 0x00000000c3700000|100%| S|CS|TAMS 0x00000000c3600000| PB 0x00000000c3600000| Complete |  0
|  55|0x00000000c3700000, 0x00000000c3800000, 0x00000000c3800000|100%| S|CS|TAMS 0x00000000c3700000| PB 0x00000000c3700000| Complete |  0
|  56|0x00000000c3800000, 0x00000000c3900000, 0x00000000c3900000|100%| O|  |TAMS 0x00000000c3800000| PB 0x00000000c3800000| Untracked |  0
|  57|0x00000000c3900000, 0x00000000c3a00000, 0x00000000c3a00000|100%| O|  |TAMS 0x00000000c3900000| PB 0x00000000c3900000| Untracked |  0
|  58|0x00000000c3a00000, 0x00000000c3b00000, 0x00000000c3b00000|100%| O|  |TAMS 0x00000000c3a00000| PB 0x00000000c3a00000| Untracked |  0
|  59|0x00000000c3b00000, 0x00000000c3c00000, 0x00000000c3c00000|100%| O|  |TAMS 0x00000000c3b00000| PB 0x00000000c3b00000| Untracked |  0
|  60|0x00000000c3c00000, 0x00000000c3d00000, 0x00000000c3d00000|100%| O|  |TAMS 0x00000000c3c00000| PB 0x00000000c3c00000| Untracked |  0
|  61|0x00000000c3d00000, 0x00000000c3e00000, 0x00000000c3e00000|100%| O|  |TAMS 0x00000000c3d00000| PB 0x00000000c3d00000| Untracked |  0
|  62|0x00000000c3e00000, 0x00000000c3f00000, 0x00000000c3f00000|100%| S|CS|TAMS 0x00000000c3e00000| PB 0x00000000c3e00000| Complete |  0
|  63|0x00000000c3f00000, 0x00000000c3f00000, 0x00000000c4000000|  0%| F|  |TAMS 0x00000000c3f00000| PB 0x00000000c3f00000| Untracked |  0
|  64|0x00000000c4000000, 0x00000000c4000000, 0x00000000c4100000|  0%| F|  |TAMS 0x00000000c4000000| PB 0x00000000c4000000| Untracked |  0
|  65|0x00000000c4100000, 0x00000000c4100000, 0x00000000c4200000|  0%| F|  |TAMS 0x00000000c4100000| PB 0x00000000c4100000| Untracked |  0
|  66|0x00000000c4200000, 0x00000000c4200000, 0x00000000c4300000|  0%| F|  |TAMS 0x00000000c4200000| PB 0x00000000c4200000| Untracked |  0
|  67|0x00000000c4300000, 0x00000000c4300000, 0x00000000c4400000|  0%| F|  |TAMS 0x00000000c4300000| PB 0x00000000c4300000| Untracked |  0
|  68|0x00000000c4400000, 0x00000000c4400000, 0x00000000c4500000|  0%| F|  |TAMS 0x00000000c4400000| PB 0x00000000c4400000| Untracked |  0
|  69|0x00000000c4500000, 0x00000000c4500000, 0x00000000c4600000|  0%| F|  |TAMS 0x00000000c4500000| PB 0x00000000c4500000| Untracked |  0
|  70|0x00000000c4600000, 0x00000000c4600000, 0x00000000c4700000|  0%| F|  |TAMS 0x00000000c4600000| PB 0x00000000c4600000| Untracked |  0
|  71|0x00000000c4700000, 0x00000000c4700000, 0x00000000c4800000|  0%| F|  |TAMS 0x00000000c4700000| PB 0x00000000c4700000| Untracked |  0
|  72|0x00000000c4800000, 0x00000000c4800000, 0x00000000c4900000|  0%| F|  |TAMS 0x00000000c4800000| PB 0x00000000c4800000| Untracked |  0
|  73|0x00000000c4900000, 0x00000000c4900000, 0x00000000c4a00000|  0%| F|  |TAMS 0x00000000c4900000| PB 0x00000000c4900000| Untracked |  0
|  74|0x00000000c4a00000, 0x00000000c4a00000, 0x00000000c4b00000|  0%| F|  |TAMS 0x00000000c4a00000| PB 0x00000000c4a00000| Untracked |  0
|  75|0x00000000c4b00000, 0x00000000c4b00000, 0x00000000c4c00000|  0%| F|  |TAMS 0x00000000c4b00000| PB 0x00000000c4b00000| Untracked |  0
|  76|0x00000000c4c00000, 0x00000000c4c00000, 0x00000000c4d00000|  0%| F|  |TAMS 0x00000000c4c00000| PB 0x00000000c4c00000| Untracked |  0
|  77|0x00000000c4d00000, 0x00000000c4d00000, 0x00000000c4e00000|  0%| F|  |TAMS 0x00000000c4d00000| PB 0x00000000c4d00000| Untracked |  0
|  78|0x00000000c4e00000, 0x00000000c4e00000, 0x00000000c4f00000|  0%| F|  |TAMS 0x00000000c4e00000| PB 0x00000000c4e00000| Untracked |  0
|  79|0x00000000c4f00000, 0x00000000c4f00000, 0x00000000c5000000|  0%| F|  |TAMS 0x00000000c4f00000| PB 0x00000000c4f00000| Untracked |  0
|  80|0x00000000c5000000, 0x00000000c5000000, 0x00000000c5100000|  0%| F|  |TAMS 0x00000000c5000000| PB 0x00000000c5000000| Untracked |  0
|  81|0x00000000c5100000, 0x00000000c5100000, 0x00000000c5200000|  0%| F|  |TAMS 0x00000000c5100000| PB 0x00000000c5100000| Untracked |  0
|  82|0x00000000c5200000, 0x00000000c5200000, 0x00000000c5300000|  0%| F|  |TAMS 0x00000000c5200000| PB 0x00000000c5200000| Untracked |  0
|  83|0x00000000c5300000, 0x00000000c5300000, 0x00000000c5400000|  0%| F|  |TAMS 0x00000000c5300000| PB 0x00000000c5300000| Untracked |  0
|  84|0x00000000c5400000, 0x00000000c5400000, 0x00000000c5500000|  0%| F|  |TAMS 0x00000000c5400000| PB 0x00000000c5400000| Untracked |  0
|  85|0x00000000c5500000, 0x00000000c5500000, 0x00000000c5600000|  0%| F|  |TAMS 0x00000000c5500000| PB 0x00000000c5500000| Untracked |  0
|  86|0x00000000c5600000, 0x00000000c5600000, 0x00000000c5700000|  0%| F|  |TAMS 0x00000000c5600000| PB 0x00000000c5600000| Untracked |  0
|  87|0x00000000c5700000, 0x00000000c5700000, 0x00000000c5800000|  0%| F|  |TAMS 0x00000000c5700000| PB 0x00000000c5700000| Untracked |  0
|  88|0x00000000c5800000, 0x00000000c5800000, 0x00000000c5900000|  0%| F|  |TAMS 0x00000000c5800000| PB 0x00000000c5800000| Untracked |  0
|  89|0x00000000c5900000, 0x00000000c5900000, 0x00000000c5a00000|  0%| F|  |TAMS 0x00000000c5900000| PB 0x00000000c5900000| Untracked |  0
|  90|0x00000000c5a00000, 0x00000000c5a00000, 0x00000000c5b00000|  0%| F|  |TAMS 0x00000000c5a00000| PB 0x00000000c5a00000| Untracked |  0
|  91|0x00000000c5b00000, 0x00000000c5b00000, 0x00000000c5c00000|  0%| F|  |TAMS 0x00000000c5b00000| PB 0x00000000c5b00000| Untracked |  0
|  92|0x00000000c5c00000, 0x00000000c5c00000, 0x00000000c5d00000|  0%| F|  |TAMS 0x00000000c5c00000| PB 0x00000000c5c00000| Untracked |  0
|  93|0x00000000c5d00000, 0x00000000c5d00000, 0x00000000c5e00000|  0%| F|  |TAMS 0x00000000c5d00000| PB 0x00000000c5d00000| Untracked |  0
|  94|0x00000000c5e00000, 0x00000000c5e00000, 0x00000000c5f00000|  0%| F|  |TAMS 0x00000000c5e00000| PB 0x00000000c5e00000| Untracked |  0
|  95|0x00000000c5f00000, 0x00000000c5f00000, 0x00000000c6000000|  0%| F|  |TAMS 0x00000000c5f00000| PB 0x00000000c5f00000| Untracked |  0
|  96|0x00000000c6000000, 0x00000000c6000000, 0x00000000c6100000|  0%| F|  |TAMS 0x00000000c6000000| PB 0x00000000c6000000| Untracked |  0
|  97|0x00000000c6100000, 0x00000000c6100000, 0x00000000c6200000|  0%| F|  |TAMS 0x00000000c6100000| PB 0x00000000c6100000| Untracked |  0
|  98|0x00000000c6200000, 0x00000000c6200000, 0x00000000c6300000|  0%| F|  |TAMS 0x00000000c6200000| PB 0x00000000c6200000| Untracked |  0
|  99|0x00000000c6300000, 0x00000000c6300000, 0x00000000c6400000|  0%| F|  |TAMS 0x00000000c6300000| PB 0x00000000c6300000| Untracked |  0
| 100|0x00000000c6400000, 0x00000000c6400000, 0x00000000c6500000|  0%| F|  |TAMS 0x00000000c6400000| PB 0x00000000c6400000| Untracked |  0
| 101|0x00000000c6500000, 0x00000000c6500000, 0x00000000c6600000|  0%| F|  |TAMS 0x00000000c6500000| PB 0x00000000c6500000| Untracked |  0
| 102|0x00000000c6600000, 0x00000000c6600000, 0x00000000c6700000|  0%| F|  |TAMS 0x00000000c6600000| PB 0x00000000c6600000| Untracked |  0
| 103|0x00000000c6700000, 0x00000000c6700000, 0x00000000c6800000|  0%| F|  |TAMS 0x00000000c6700000| PB 0x00000000c6700000| Untracked |  0
| 104|0x00000000c6800000, 0x00000000c6800000, 0x00000000c6900000|  0%| F|  |TAMS 0x00000000c6800000| PB 0x00000000c6800000| Untracked |  0
| 105|0x00000000c6900000, 0x00000000c6900000, 0x00000000c6a00000|  0%| F|  |TAMS 0x00000000c6900000| PB 0x00000000c6900000| Untracked |  0
| 106|0x00000000c6a00000, 0x00000000c6a00000, 0x00000000c6b00000|  0%| F|  |TAMS 0x00000000c6a00000| PB 0x00000000c6a00000| Untracked |  0
| 107|0x00000000c6b00000, 0x00000000c6b00000, 0x00000000c6c00000|  0%| F|  |TAMS 0x00000000c6b00000| PB 0x00000000c6b00000| Untracked |  0
| 108|0x00000000c6c00000, 0x00000000c6c00000, 0x00000000c6d00000|  0%| F|  |TAMS 0x00000000c6c00000| PB 0x00000000c6c00000| Untracked |  0
| 109|0x00000000c6d00000, 0x00000000c6d00000, 0x00000000c6e00000|  0%| F|  |TAMS 0x00000000c6d00000| PB 0x00000000c6d00000| Untracked |  0
| 110|0x00000000c6e00000, 0x00000000c6e00000, 0x00000000c6f00000|  0%| F|  |TAMS 0x00000000c6e00000| PB 0x00000000c6e00000| Untracked |  0
| 111|0x00000000c6f00000, 0x00000000c6fc5640, 0x00000000c7000000| 77%| E|  |TAMS 0x00000000c6f00000| PB 0x00000000c6f00000| Complete |  0
| 112|0x00000000c7000000, 0x00000000c7100000, 0x00000000c7100000|100%| E|CS|TAMS 0x00000000c7000000| PB 0x00000000c7000000| Complete |  0
| 113|0x00000000c7100000, 0x00000000c7200000, 0x00000000c7200000|100%| E|CS|TAMS 0x00000000c7100000| PB 0x00000000c7100000| Complete |  0
| 114|0x00000000c7200000, 0x00000000c7300000, 0x00000000c7300000|100%| E|CS|TAMS 0x00000000c7200000| PB 0x00000000c7200000| Complete |  0
| 115|0x00000000c7300000, 0x00000000c7400000, 0x00000000c7400000|100%| E|CS|TAMS 0x00000000c7300000| PB 0x00000000c7300000| Complete |  0
| 116|0x00000000c7400000, 0x00000000c7500000, 0x00000000c7500000|100%| E|CS|TAMS 0x00000000c7400000| PB 0x00000000c7400000| Complete |  0
| 117|0x00000000c7500000, 0x00000000c7600000, 0x00000000c7600000|100%| E|CS|TAMS 0x00000000c7500000| PB 0x00000000c7500000| Complete |  0
| 118|0x00000000c7600000, 0x00000000c7700000, 0x00000000c7700000|100%| E|CS|TAMS 0x00000000c7600000| PB 0x00000000c7600000| Complete |  0
| 119|0x00000000c7700000, 0x00000000c7800000, 0x00000000c7800000|100%| E|CS|TAMS 0x00000000c7700000| PB 0x00000000c7700000| Complete |  0
| 120|0x00000000c7800000, 0x00000000c7900000, 0x00000000c7900000|100%| E|CS|TAMS 0x00000000c7800000| PB 0x00000000c7800000| Complete |  0
| 121|0x00000000c7900000, 0x00000000c7a00000, 0x00000000c7a00000|100%| E|CS|TAMS 0x00000000c7900000| PB 0x00000000c7900000| Complete |  0
| 122|0x00000000c7a00000, 0x00000000c7b00000, 0x00000000c7b00000|100%| E|CS|TAMS 0x00000000c7a00000| PB 0x00000000c7a00000| Complete |  0
| 123|0x00000000c7b00000, 0x00000000c7c00000, 0x00000000c7c00000|100%| E|CS|TAMS 0x00000000c7b00000| PB 0x00000000c7b00000| Complete |  0
| 124|0x00000000c7c00000, 0x00000000c7d00000, 0x00000000c7d00000|100%| E|CS|TAMS 0x00000000c7c00000| PB 0x00000000c7c00000| Complete |  0
| 125|0x00000000c7d00000, 0x00000000c7e00000, 0x00000000c7e00000|100%| E|CS|TAMS 0x00000000c7d00000| PB 0x00000000c7d00000| Complete |  0
| 126|0x00000000c7e00000, 0x00000000c7f00000, 0x00000000c7f00000|100%| E|CS|TAMS 0x00000000c7e00000| PB 0x00000000c7e00000| Complete |  0
| 127|0x00000000c7f00000, 0x00000000c8000000, 0x00000000c8000000|100%| E|CS|TAMS 0x00000000c7f00000| PB 0x00000000c7f00000| Complete |  0
| 128|0x00000000c8000000, 0x00000000c8100000, 0x00000000c8100000|100%| E|CS|TAMS 0x00000000c8000000| PB 0x00000000c8000000| Complete |  0
| 129|0x00000000c8100000, 0x00000000c8200000, 0x00000000c8200000|100%| E|CS|TAMS 0x00000000c8100000| PB 0x00000000c8100000| Complete |  0
| 130|0x00000000c8200000, 0x00000000c8300000, 0x00000000c8300000|100%| E|CS|TAMS 0x00000000c8200000| PB 0x00000000c8200000| Complete |  0
|1021|0x00000000ffd00000, 0x00000000ffe00000, 0x00000000ffe00000|100%| E|CS|TAMS 0x00000000ffd00000| PB 0x00000000ffd00000| Complete |  0
|1022|0x00000000ffe00000, 0x00000000fff00000, 0x00000000fff00000|100%| E|CS|TAMS 0x00000000ffe00000| PB 0x00000000ffe00000| Complete |  0
|1023|0x00000000fff00000, 0x0000000100000000, 0x0000000100000000|100%| E|CS|TAMS 0x00000000fff00000| PB 0x00000000fff00000| Complete |  0

Card table byte_map: [0x00007032fb400000,0x00007032fb600000] _byte_map_base: 0x00007032fae00000

Marking Bits: (CMBitMap*) 0x00007032f4071240
 Bits: [0x00007032fa400000, 0x00007032fb400000)

Polling page: 0x00007032fdaed000

Metaspace:
Metaspace        used 54530K, committed 56000K, reserved 1114112K
 class space     used 6430K, committed 7040K, reserved 1048576K

Usage:
  Non-class:     46,97 MB used.
      Class:      6,28 MB used.
       Both:     53,25 MB used.

Virtual space:
  Non-class space:       64,00 MB reserved,      47,81 MB ( 75%) committed,  1 nodes.
      Class space:        1,00 GB reserved,       6,88 MB ( <1%) committed,  1 nodes.
             Both:        1,06 GB reserved,      54,69 MB (  5%) committed. 

Chunk freelists:
   Non-Class:  15,37 MB
       Class:  9,06 MB
        Both:  24,43 MB

MaxMetaspaceSize: unlimited
CompressedClassSpaceSize: 1,00 GB
Initial GC threshold: 21,00 MB
Current GC threshold: 82,81 MB
CDS: off
 - commit_granule_bytes: 65536.
 - commit_granule_words: 8192.
 - virtual_space_node_default_size: 8388608.
 - enlarge_chunks_in_place: 1.
UseCompressedClassPointers 1, UseCompactObjectHeaders 0
Narrow klass pointer bits 32, Max shift 3
Narrow klass base: 0x0000000000000000, Narrow klass shift: 0
Encoding Range: [0x0000000000000000 - 0x0000000100000000), (4294967296 bytes)
Klass Range:    [0x000000000e000000 - 0x000000004e000000), (1073741824 bytes)
Klass ID Range:  [234881024 - 1308622841) (1073741817)
No protection zone.


Internal statistics:

num_allocs_failed_limit: 9.
num_arena_births: 636.
num_arena_deaths: 0.
num_vsnodes_births: 2.
num_vsnodes_deaths: 0.
num_space_committed: 875.
num_space_uncommitted: 0.
num_chunks_returned_to_freelist: 9.
num_chunks_taken_from_freelist: 2640.
num_chunk_merges: 6.
num_chunk_splits: 1658.
num_chunks_enlarged: 1034.
num_inconsistent_stats: 0.

CodeHeap 'non-profiled nmethods': size=120032Kb used=2374Kb max_used=2374Kb free=117657Kb
 bounds [0x00007032e8961000, 0x00007032e8bd1000, 0x00007032efe99000]
CodeHeap 'profiled nmethods': size=120032Kb used=8926Kb max_used=9343Kb free=111105Kb
 bounds [0x00007032e0e98000, 0x00007032e17b8000, 0x00007032e83d0000]
CodeHeap 'non-nmethods': size=5700Kb used=1886Kb max_used=1956Kb free=3813Kb
 bounds [0x00007032e83d0000, 0x00007032e8640000, 0x00007032e8961000]
CodeCache: size=245764Kb, used=13186Kb, max_used=13673Kb, free=232575Kb
 total_blobs=7049, nmethods=6154, adapters=798, full_count=0
Compilation: enabled, stopped_count=0, restarted_count=0

Compilation events (20 events):
Event: 15,456 Thread 0x00007032f412b180 nmethod 7034 0x00007032e1338f08 code [0x00007032e1339000, 0x00007032e1339210]
Event: 15,456 Thread 0x00007032f412b180 7036       3       java.lang.classfile.ClassBuilder::withInterfaceSymbols (11 bytes)
Event: 15,456 Thread 0x00007032f412b180 nmethod 7036 0x00007032e12af908 code [0x00007032e12afa00, 0x00007032e12b0108]
Event: 15,456 Thread 0x00007032f412b180 7037       3       java.lang.invoke.InnerClassLambdaMetafactory::generateConstructor (24 bytes)
Event: 15,456 Thread 0x00007032f412b180 nmethod 7037 0x00007032e1446688 code [0x00007032e1446780, 0x00007032e1446b58]
Event: 15,456 Thread 0x00007032f412b180 7038       3       java.lang.invoke.InnerClassLambdaMetafactory$3::<init> (15 bytes)
Event: 15,456 Thread 0x00007032f412b180 nmethod 7038 0x00007032e132c008 code [0x00007032e132c100, 0x00007032e132c408]
Event: 15,456 Thread 0x00007032f412b180 7039       3       java.lang.invoke.InnerClassLambdaMetafactory$3::accept (9 bytes)
Event: 15,457 Thread 0x00007032f412b180 nmethod 7039 0x00007032e1381708 code [0x00007032e1381800, 0x00007032e1381a10]
Event: 15,457 Thread 0x00007032f412b180 7041       3       java.lang.invoke.InnerClassLambdaMetafactory::forwardingMethod (10 bytes)
Event: 15,457 Thread 0x00007032f412b180 nmethod 7041 0x00007032e132bb08 code [0x00007032e132bc00, 0x00007032e132bf30]
Event: 15,457 Thread 0x00007032f412b180 7042       3       java.lang.invoke.InnerClassLambdaMetafactory::invocationOpcode (102 bytes)
Event: 15,457 Thread 0x00007032f412b180 nmethod 7042 0x00007032e1361508 code [0x00007032e1361600, 0x00007032e1361f58]
Event: 15,461 Thread 0x00007032f412b180 7044       3       org.eclipse.e4.core.contexts.ContextFunction::<init> (5 bytes)
Event: 15,461 Thread 0x00007032f412b180 nmethod 7044 0x00007032e1446388 code [0x00007032e1446480, 0x00007032e14465d8]
Event: 15,461 Thread 0x00007032f412b180 7043       3       org.eclipse.emf.ecore.impl.EClassImpl::getEStructuralFeature (23 bytes)
Event: 15,461 Thread 0x00007032f412b180 nmethod 7043 0x00007032e0f1e608 code [0x00007032e0f1e700, 0x00007032e0f1e998]
Event: 15,461 Thread 0x00007032f412b180 7045       3       org.eclipse.core.commands.ParameterizedCommand::getId (8 bytes)
Event: 15,461 Thread 0x00007032f412b180 nmethod 7045 0x00007032e1447188 code [0x00007032e1447280, 0x00007032e1447418]
Event: 15,475 Thread 0x00007032f412b180 7047       3       org.eclipse.swt.widgets.Display::checkDevice (43 bytes)

GC Heap Usage History (20 events):
Event: 8,441 {heap Before GC invocations=4 (full 0):
 garbage-first heap   total reserved 1048576K, committed 65536K, used 45056K [0x00000000c0000000, 0x0000000100000000)
  region size 1024K, 27 young (27648K), 5 survivors (5120K)
}
Event: 8,460 {heap After GC invocations=5 (full 0):
 garbage-first heap   total reserved 1048576K, committed 68608K, used 40960K [0x00000000c0000000, 0x0000000100000000)
  region size 1024K, 4 young (4096K), 4 survivors (4096K)
}
Event: 8,499 {heap Before GC invocations=5 (full 0):
 garbage-first heap   total reserved 1048576K, committed 68608K, used 52224K [0x00000000c0000000, 0x0000000100000000)
  region size 1024K, 15 young (15360K), 4 survivors (4096K)
}
Event: 8,506 {heap After GC invocations=6 (full 0):
 garbage-first heap   total reserved 1048576K, committed 68608K, used 47104K [0x00000000c0000000, 0x0000000100000000)
  region size 1024K, 2 young (2048K), 2 survivors (2048K)
}
Event: 8,544 {heap Before GC invocations=6 (full 0):
 garbage-first heap   total reserved 1048576K, committed 68608K, used 56320K [0x00000000c0000000, 0x0000000100000000)
  region size 1024K, 11 young (11264K), 2 survivors (2048K)
}
Event: 8,550 {heap After GC invocations=7 (full 0):
 garbage-first heap   total reserved 1048576K, committed 68608K, used 50176K [0x00000000c0000000, 0x0000000100000000)
  region size 1024K, 2 young (2048K), 2 survivors (2048K)
}
Event: 8,580 {heap Before GC invocations=7 (full 0):
 garbage-first heap   total reserved 1048576K, committed 68608K, used 58368K [0x00000000c0000000, 0x0000000100000000)
  region size 1024K, 10 young (10240K), 2 survivors (2048K)
}
Event: 8,584 {heap After GC invocations=8 (full 0):
 garbage-first heap   total reserved 1048576K, committed 137216K, used 52418K [0x00000000c0000000, 0x0000000100000000)
  region size 1024K, 2 young (2048K), 2 survivors (2048K)
}
Event: 8,848 {heap Before GC invocations=9 (full 0):
 garbage-first heap   total reserved 1048576K, committed 137216K, used 87234K [0x00000000c0000000, 0x0000000100000000)
  region size 1024K, 37 young (37888K), 2 survivors (2048K)
}
Event: 8,865 {heap After GC invocations=10 (full 0):
 garbage-first heap   total reserved 1048576K, committed 137216K, used 58971K [0x00000000c0000000, 0x0000000100000000)
  region size 1024K, 5 young (5120K), 5 survivors (5120K)
}
Event: 9,563 {heap Before GC invocations=10 (full 0):
 garbage-first heap   total reserved 1048576K, committed 137216K, used 93787K [0x00000000c0000000, 0x0000000100000000)
  region size 1024K, 39 young (39936K), 5 survivors (5120K)
}
Event: 9,585 {heap After GC invocations=11 (full 0):
 garbage-first heap   total reserved 1048576K, committed 137216K, used 65024K [0x00000000c0000000, 0x0000000100000000)
  region size 1024K, 5 young (5120K), 5 survivors (5120K)
}
Event: 11,349 {heap Before GC invocations=11 (full 0):
 garbage-first heap   total reserved 1048576K, committed 137216K, used 97792K [0x00000000c0000000, 0x0000000100000000)
  region size 1024K, 39 young (39936K), 5 survivors (5120K)
}
Event: 11,361 {heap After GC invocations=12 (full 0):
 garbage-first heap   total reserved 1048576K, committed 137216K, used 70182K [0x00000000c0000000, 0x0000000100000000)
  region size 1024K, 5 young (5120K), 5 survivors (5120K)
}
Event: 12,101 {heap Before GC invocations=13 (full 0):
 garbage-first heap   total reserved 1048576K, committed 137216K, used 77350K [0x00000000c0000000, 0x0000000100000000)
  region size 1024K, 39 young (39936K), 5 survivors (5120K)
}
Event: 12,108 {heap After GC invocations=14 (full 0):
 garbage-first heap   total reserved 1048576K, committed 137216K, used 45293K [0x00000000c0000000, 0x0000000100000000)
  region size 1024K, 3 young (3072K), 3 survivors (3072K)
}
Event: 12,220 {heap Before GC invocations=14 (full 0):
 garbage-first heap   total reserved 1048576K, committed 137216K, used 94445K [0x00000000c0000000, 0x0000000100000000)
  region size 1024K, 51 young (52224K), 3 survivors (3072K)
}
Event: 12,227 {heap After GC invocations=15 (full 0):
 garbage-first heap   total reserved 1048576K, committed 137216K, used 31597K [0x00000000c0000000, 0x0000000100000000)
  region size 1024K, 2 young (2048K), 2 survivors (2048K)
}
Event: 14,559 {heap Before GC invocations=15 (full 0):
 garbage-first heap   total reserved 1048576K, committed 137216K, used 106349K [0x00000000c0000000, 0x0000000100000000)
  region size 1024K, 71 young (72704K), 2 survivors (2048K)
}
Event: 14,580 {heap After GC invocations=16 (full 0):
 garbage-first heap   total reserved 1048576K, committed 137216K, used 40813K [0x00000000c0000000, 0x0000000100000000)
  region size 1024K, 10 young (10240K), 10 survivors (10240K)
}

Metaspace Usage History (20 events):
Event: 8,441 {metaspace Before GC invocations=4 (full 0):
 Metaspace       used 17643K, committed 17856K, reserved 1114112K
  class space    used 1740K, committed 1856K, reserved 1048576K
}
Event: 8,460 {metaspace After GC invocations=5 (full 0):
 Metaspace       used 17643K, committed 17856K, reserved 1114112K
  class space    used 1740K, committed 1856K, reserved 1048576K
}
Event: 8,499 {metaspace Before GC invocations=5 (full 0):
 Metaspace       used 17673K, committed 17920K, reserved 1114112K
  class space    used 1740K, committed 1856K, reserved 1048576K
}
Event: 8,506 {metaspace After GC invocations=6 (full 0):
 Metaspace       used 17673K, committed 17920K, reserved 1114112K
  class space    used 1740K, committed 1856K, reserved 1048576K
}
Event: 8,544 {metaspace Before GC invocations=6 (full 0):
 Metaspace       used 17675K, committed 17920K, reserved 1114112K
  class space    used 1740K, committed 1856K, reserved 1048576K
}
Event: 8,550 {metaspace After GC invocations=7 (full 0):
 Metaspace       used 17675K, committed 17920K, reserved 1114112K
  class space    used 1740K, committed 1856K, reserved 1048576K
}
Event: 8,580 {metaspace Before GC invocations=7 (full 0):
 Metaspace       used 17677K, committed 17920K, reserved 1114112K
  class space    used 1740K, committed 1856K, reserved 1048576K
}
Event: 8,584 {metaspace After GC invocations=8 (full 0):
 Metaspace       used 17677K, committed 17920K, reserved 1114112K
  class space    used 1740K, committed 1856K, reserved 1048576K
}
Event: 8,848 {metaspace Before GC invocations=9 (full 0):
 Metaspace       used 18158K, committed 18368K, reserved 1114112K
  class space    used 1788K, committed 1920K, reserved 1048576K
}
Event: 8,865 {metaspace After GC invocations=10 (full 0):
 Metaspace       used 18158K, committed 18368K, reserved 1114112K
  class space    used 1788K, committed 1920K, reserved 1048576K
}
Event: 9,563 {metaspace Before GC invocations=10 (full 0):
 Metaspace       used 20736K, committed 20992K, reserved 1114112K
  class space    used 2072K, committed 2176K, reserved 1048576K
}
Event: 9,585 {metaspace After GC invocations=11 (full 0):
 Metaspace       used 20736K, committed 20992K, reserved 1114112K
  class space    used 2072K, committed 2176K, reserved 1048576K
}
Event: 11,349 {metaspace Before GC invocations=11 (full 0):
 Metaspace       used 29163K, committed 29888K, reserved 1114112K
  class space    used 3029K, committed 3328K, reserved 1048576K
}
Event: 11,361 {metaspace After GC invocations=12 (full 0):
 Metaspace       used 29163K, committed 29888K, reserved 1114112K
  class space    used 3029K, committed 3328K, reserved 1048576K
}
Event: 12,101 {metaspace Before GC invocations=13 (full 0):
 Metaspace       used 33605K, committed 34368K, reserved 1114112K
  class space    used 3618K, committed 3904K, reserved 1048576K
}
Event: 12,108 {metaspace After GC invocations=14 (full 0):
 Metaspace       used 33605K, committed 34368K, reserved 1114112K
  class space    used 3618K, committed 3904K, reserved 1048576K
}
Event: 12,220 {metaspace Before GC invocations=14 (full 0):
 Metaspace       used 33667K, committed 34432K, reserved 1114112K
  class space    used 3623K, committed 3904K, reserved 1048576K
}
Event: 12,227 {metaspace After GC invocations=15 (full 0):
 Metaspace       used 33667K, committed 34432K, reserved 1114112K
  class space    used 3623K, committed 3904K, reserved 1048576K
}
Event: 14,559 {metaspace Before GC invocations=15 (full 0):
 Metaspace       used 49192K, committed 50368K, reserved 1114112K
  class space    used 5724K, committed 6208K, reserved 1048576K
}
Event: 14,580 {metaspace After GC invocations=16 (full 0):
 Metaspace       used 49192K, committed 50368K, reserved 1114112K
  class space    used 5724K, committed 6208K, reserved 1048576K
}

Dll operation events (18 events):
Event: 0,174 Loaded shared library /snap/dbeaver-ce/543/usr/share/dbeaver-ce/jre/lib/libjava.so
Event: 0,488 Loaded shared library /snap/dbeaver-ce/543/usr/share/dbeaver-ce/jre/lib/libsimdsort.so
Event: 0,752 Loaded shared library /snap/dbeaver-ce/543/usr/share/dbeaver-ce/jre/lib/libnio.so
Event: 0,774 Loaded shared library /snap/dbeaver-ce/543/usr/share/dbeaver-ce/jre/lib/libzip.so
Event: 0,879 Loaded shared library /snap/dbeaver-ce/543/usr/share/dbeaver-ce/jre/lib/libnet.so
Event: 0,991 Loaded shared library /snap/dbeaver-ce/543/usr/share/dbeaver-ce/jre/lib/libjimage.so
Event: 1,308 Loaded shared library /snap/dbeaver-ce/543/usr/share/dbeaver-ce/plugins/org.eclipse.equinox.launcher.gtk.linux.x86_64_1.2.1500.v20250801-0854/eclipse_11916.so
Event: 10,553 Loaded shared library /snap/dbeaver-ce/543/usr/share/dbeaver-ce/jre/lib/libverify.so
Event: 10,630 Loaded shared library /home/daniel/snap/dbeaver-ce/543/.local/share/DBeaverData/install-data/org.jkiss.dbeaver.product/26.1.5-202608181400/org.eclipse.osgi/152/0/.cp/libswt-gtk-4973r12.so
Event: 10,635 Loaded shared library /home/daniel/snap/dbeaver-ce/543/.local/share/DBeaverData/install-data/org.jkiss.dbeaver.product/26.1.5-202608181400/org.eclipse.osgi/152/0/.cp/libswt-pi3-gtk-4973r12.so
Event: 11,021 Loaded shared library /snap/dbeaver-ce/543/usr/share/dbeaver-ce/jre/lib/libawt.so
Event: 11,041 Loaded shared library /snap/dbeaver-ce/543/usr/share/dbeaver-ce/jre/lib/libawt_xawt.so
Event: 11,271 Loaded shared library /snap/dbeaver-ce/543/usr/share/dbeaver-ce/jre/lib/libfontmanager.so
Event: 12,666 Loaded shared library /snap/dbeaver-ce/543/usr/share/dbeaver-ce/jre/lib/libjaas.so
Event: 12,690 Loaded shared library /home/daniel/snap/dbeaver-ce/543/.local/share/DBeaverData/install-data/org.jkiss.dbeaver.product/26.1.5-202608181400/org.eclipse.osgi/49/0/.cp/os/linux/x86_64/libunixfile_1_0_0.so
Event: 12,857 Loaded shared library /home/daniel/snap/dbeaver-ce/543/.local/share/DBeaverData/install-data/org.jkiss.dbeaver.product/26.1.5-202608181400/org.eclipse.osgi/152/0/.cp/libswt-cairo-gtk-4973r12.so
Event: 12,995 Loaded shared library /snap/dbeaver-ce/543/usr/share/dbeaver-ce/jre/lib/libextnet.so
Event: 14,148 Loaded shared library /home/daniel/snap/dbeaver-ce/543/.local/share/DBeaverData/install-data/org.jkiss.dbeaver.product/26.1.5-202608181400/org.eclipse.osgi/152/0/.cp/libswt-atk-gtk-4973r12.so

Deoptimization events (20 events):
Event: 15,263 Thread 0x00007032f402e4b0 DEOPT PACKING pc=0x00007032e11c4634 sp=0x00007032fbf02520
Event: 15,263 Thread 0x00007032f402e4b0 DEOPT UNPACKING pc=0x00007032e8420fef sp=0x00007032fbf01a50 mode 0
Event: 15,286 Thread 0x00007032f402e4b0 Uncommon trap: trap_request=0xffffffde fr.pc=0x00007032e8b5f208 relative=0x0000000000000088
Event: 15,286 Thread 0x00007032f402e4b0 Uncommon trap: reason=class_check action=maybe_recompile pc=0x00007032e8b5f208 method=org.eclipse.emf.common.notify.impl.BasicNotifierImpl.eNotificationRequired()Z @ 8 c2
Event: 15,286 Thread 0x00007032f402e4b0 DEOPT PACKING pc=0x00007032e8b5f208 sp=0x00007032fbf028c0
Event: 15,286 Thread 0x00007032f402e4b0 DEOPT UNPACKING pc=0x00007032e84f1779 sp=0x00007032fbf02870 mode 2
Event: 15,295 Thread 0x00007032f402e4b0 Uncommon trap: trap_request=0xffffff45 fr.pc=0x00007032e89f84b0 relative=0x00000000000003b0
Event: 15,295 Thread 0x00007032f402e4b0 Uncommon trap: reason=unstable_if action=reinterpret pc=0x00007032e89f84b0 method=java.lang.invoke.MethodType.methodType(Ljava/lang/Class;[Ljava/lang/Class;Z)Ljava/lang/invoke/MethodType; @ 53 c2
Event: 15,295 Thread 0x00007032f402e4b0 DEOPT PACKING pc=0x00007032e89f84b0 sp=0x00007032fbefecb0
Event: 15,295 Thread 0x00007032f402e4b0 DEOPT UNPACKING pc=0x00007032e84f1779 sp=0x00007032fbefec50 mode 2
Event: 15,322 Thread 0x00007032f402e4b0 Uncommon trap: trap_request=0xffffffde fr.pc=0x00007032e8b5f208 relative=0x0000000000000088
Event: 15,322 Thread 0x00007032f402e4b0 Uncommon trap: reason=class_check action=maybe_recompile pc=0x00007032e8b5f208 method=org.eclipse.emf.common.notify.impl.BasicNotifierImpl.eNotificationRequired()Z @ 8 c2
Event: 15,322 Thread 0x00007032f402e4b0 DEOPT PACKING pc=0x00007032e8b5f208 sp=0x00007032fbf02840
Event: 15,322 Thread 0x00007032f402e4b0 DEOPT UNPACKING pc=0x00007032e84f1779 sp=0x00007032fbf027f0 mode 2
Event: 15,344 Thread 0x00007032f402e4b0 Uncommon trap: trap_request=0xffffffde fr.pc=0x00007032e8b5f208 relative=0x0000000000000088
Event: 15,344 Thread 0x00007032f402e4b0 Uncommon trap: reason=class_check action=maybe_recompile pc=0x00007032e8b5f208 method=org.eclipse.emf.common.notify.impl.BasicNotifierImpl.eNotificationRequired()Z @ 8 c2
Event: 15,344 Thread 0x00007032f402e4b0 DEOPT PACKING pc=0x00007032e8b5f208 sp=0x00007032fbf026d0
Event: 15,344 Thread 0x00007032f402e4b0 DEOPT UNPACKING pc=0x00007032e84f1779 sp=0x00007032fbf02680 mode 2
Event: 15,398 Thread 0x00007032f402e4b0 DEOPT PACKING pc=0x00007032e1748b17 sp=0x00007032fbf01ed0
Event: 15,398 Thread 0x00007032f402e4b0 DEOPT UNPACKING pc=0x00007032e8420fef sp=0x00007032fbf013a0 mode 0

Classes loaded (20 events):
Event: 15,393 Loading class java/util/concurrent/CompletableFuture$AsyncSupply
Event: 15,393 Loading class java/util/concurrent/CompletableFuture$AsyncSupply done
Event: 15,393 Loading class java/util/concurrent/ForkJoinTask$Aux
Event: 15,393 Loading class java/util/concurrent/ForkJoinTask$Aux done
Event: 15,394 Loading class java/util/concurrent/CompletableFuture$UniAccept
Event: 15,394 Loading class java/util/concurrent/CompletableFuture$UniCompletion
Event: 15,394 Loading class java/util/concurrent/CompletableFuture$UniCompletion done
Event: 15,394 Loading class java/util/concurrent/CompletableFuture$UniAccept done
Event: 15,405 Loading class java/text/CollationElementIterator
Event: 15,405 Loading class java/text/CollationElementIterator done
Event: 15,405 Loading class sun/text/CollatorUtilities
Event: 15,405 Loading class sun/text/CollatorUtilities done
Event: 15,405 Loading class jdk/internal/icu/text/UCharacterIterator
Event: 15,405 Loading class jdk/internal/icu/text/UCharacterIterator done
Event: 15,405 Loading class jdk/internal/icu/impl/ReplaceableUCharacterIterator
Event: 15,405 Loading class jdk/internal/icu/impl/ReplaceableUCharacterIterator done
Event: 15,405 Loading class jdk/internal/icu/text/ReplaceableString
Event: 15,405 Loading class jdk/internal/icu/text/Replaceable
Event: 15,405 Loading class jdk/internal/icu/text/Replaceable done
Event: 15,405 Loading class jdk/internal/icu/text/ReplaceableString done

Classes unloaded (0 events):
No events

Classes redefined (0 events):
No events

Internal exceptions (20 events):
Event: 15,253 Thread 0x00007032f402e4b0 Exception <a 'java/io/FileNotFoundException'{0x00000000c77b7970}> (0x00000000c77b7970) 
thrown [src/hotspot/share/prims/jni.cpp, line 516]
Event: 15,253 Thread 0x00007032f402e4b0 Exception <a 'java/io/FileNotFoundException'{0x00000000c77b8bb8}> (0x00000000c77b8bb8) 
thrown [src/hotspot/share/prims/jni.cpp, line 516]
Event: 15,253 Thread 0x00007032f402e4b0 Exception <a 'java/io/FileNotFoundException'{0x00000000c77b9e68}> (0x00000000c77b9e68) 
thrown [src/hotspot/share/prims/jni.cpp, line 516]
Event: 15,253 Thread 0x00007032f402e4b0 Exception <a 'java/io/FileNotFoundException'{0x00000000c77bb158}> (0x00000000c77bb158) 
thrown [src/hotspot/share/prims/jni.cpp, line 516]
Event: 15,253 Thread 0x00007032f402e4b0 Exception <a 'java/io/FileNotFoundException'{0x00000000c77bc450}> (0x00000000c77bc450) 
thrown [src/hotspot/share/prims/jni.cpp, line 516]
Event: 15,253 Thread 0x00007032f402e4b0 Exception <a 'java/io/FileNotFoundException'{0x00000000c77bd6b8}> (0x00000000c77bd6b8) 
thrown [src/hotspot/share/prims/jni.cpp, line 516]
Event: 15,253 Thread 0x00007032f402e4b0 Exception <a 'java/io/FileNotFoundException'{0x00000000c77be960}> (0x00000000c77be960) 
thrown [src/hotspot/share/prims/jni.cpp, line 516]
Event: 15,253 Thread 0x00007032f402e4b0 Exception <a 'java/io/FileNotFoundException'{0x00000000c77bfbc0}> (0x00000000c77bfbc0) 
thrown [src/hotspot/share/prims/jni.cpp, line 516]
Event: 15,253 Thread 0x00007032f402e4b0 Exception <a 'java/io/FileNotFoundException'{0x00000000c77c0e10}> (0x00000000c77c0e10) 
thrown [src/hotspot/share/prims/jni.cpp, line 516]
Event: 15,254 Thread 0x00007032f402e4b0 Exception <a 'java/io/FileNotFoundException'{0x00000000c77c2198}> (0x00000000c77c2198) 
thrown [src/hotspot/share/prims/jni.cpp, line 516]
Event: 15,254 Thread 0x00007032f402e4b0 Exception <a 'java/io/FileNotFoundException'{0x00000000c77c3778}> (0x00000000c77c3778) 
thrown [src/hotspot/share/prims/jni.cpp, line 516]
Event: 15,254 Thread 0x00007032f402e4b0 Exception <a 'java/io/FileNotFoundException'{0x00000000c77c4a78}> (0x00000000c77c4a78) 
thrown [src/hotspot/share/prims/jni.cpp, line 516]
Event: 15,264 Thread 0x00007032f402e4b0 Exception <a 'java/lang/NoSuchMethodError'{0x00000000c77f0990}: 'void java.lang.invoke.DirectMethodHandle$Holder.invokeVirtual(java.lang.Object, java.lang.Object, java.lang.Object, int)'> (0x00000000c77f0990) 
thrown [src/hotspot/share/interpreter/linkResolver.cpp, line 803]
Event: 15,266 Thread 0x00007032f402e4b0 Exception <a 'java/lang/NoSuchMethodError'{0x00000000c76016b8}: 'java.lang.Object java.lang.invoke.DirectMethodHandle$Holder.invokeVirtual(java.lang.Object, java.lang.Object, java.lang.Object)'> (0x00000000c76016b8) 
thrown [src/hotspot/share/interpreter/linkResolver.cpp, line 803]
Event: 15,270 Thread 0x00007032f402e4b0 Exception <a 'java/lang/NoSuchMethodError'{0x00000000c761a158}: 'java.lang.Object java.lang.invoke.DirectMethodHandle$Holder.newInvokeSpecial(java.lang.Object, java.lang.Object, int)'> (0x00000000c761a158) 
thrown [src/hotspot/share/interpreter/linkResolver.cpp, line 803]
Event: 15,270 Thread 0x00007032f402e4b0 Exception <a 'java/lang/NoSuchMethodError'{0x00000000c7622b60}: 'java.lang.Object java.lang.invoke.Invokers$Holder.invoke_MT(java.lang.Object, java.lang.Object, java.lang.Object, java.lang.Object, java.lang.Object)'> (0x00000000c7622b60) 
thrown [src/hotspot/share/interpreter/linkResolver.cpp, line 803]
Event: 15,388 Thread 0x00007032f402e4b0 Exception <a 'java/io/FileNotFoundException'{0x00000000c74ef478}> (0x00000000c74ef478) 
thrown [src/hotspot/share/prims/jni.cpp, line 516]
Event: 15,474 Thread 0x00007032f402e4b0 Exception <a 'java/io/IOException'{0x00000000c70ebe50}> (0x00000000c70ebe50) 
thrown [src/hotspot/share/prims/jni.cpp, line 516]
Event: 15,474 Thread 0x00007032f402e4b0 Exception <a 'java/io/IOException'{0x00000000c70ec488}> (0x00000000c70ec488) 
thrown [src/hotspot/share/prims/jni.cpp, line 516]
Event: 15,474 Thread 0x00007032f402e4b0 Exception <a 'java/io/IOException'{0x00000000c70eca88}> (0x00000000c70eca88) 
thrown [src/hotspot/share/prims/jni.cpp, line 516]

VM Operations (20 events):
Event: 14,343 Executing non-safepoint VM operation: HandshakeAllThreads (Deoptimize)
Event: 14,343 Executing non-safepoint VM operation: HandshakeAllThreads (Deoptimize) done
Event: 14,508 Executing non-safepoint VM operation: HandshakeAllThreads (Deoptimize)
Event: 14,508 Executing non-safepoint VM operation: HandshakeAllThreads (Deoptimize) done
Event: 14,550 Executing non-safepoint VM operation: HandshakeAllThreads (Deoptimize)
Event: 14,550 Executing non-safepoint VM operation: HandshakeAllThreads (Deoptimize) done
Event: 14,559 Executing safepoint VM operation: CollectForMetadataAllocation (Metadata GC Threshold)
Event: 14,583 Executing safepoint VM operation: CollectForMetadataAllocation (Metadata GC Threshold) done
Event: 14,648 Executing safepoint VM operation: CollectForMetadataAllocation (Metadata GC Threshold)
Event: 14,650 Executing safepoint VM operation: CollectForMetadataAllocation (Metadata GC Threshold) done
Event: 14,687 Executing safepoint VM operation: G1PauseRemark
Event: 14,695 Executing safepoint VM operation: G1PauseRemark done
Event: 14,727 Executing safepoint VM operation: G1PauseCleanup
Event: 14,727 Executing safepoint VM operation: G1PauseCleanup done
Event: 15,261 Executing non-safepoint VM operation: HandshakeAllThreads (Deoptimize)
Event: 15,261 Executing non-safepoint VM operation: HandshakeAllThreads (Deoptimize) done
Event: 15,269 Executing non-safepoint VM operation: HandshakeAllThreads (Deoptimize)
Event: 15,269 Executing non-safepoint VM operation: HandshakeAllThreads (Deoptimize) done
Event: 15,304 Executing non-safepoint VM operation: HandshakeAllThreads (Deoptimize)
Event: 15,308 Executing non-safepoint VM operation: HandshakeAllThreads (Deoptimize) done

Memory protections (20 events):
Event: 9,969 Protecting memory [0x000070328d7ea000,0x000070328d7ee000] with protection modes 0
Event: 10,208 Protecting memory [0x000070328d6ea000,0x000070328d6ee000] with protection modes 0
Event: 10,219 Protecting memory [0x000070328d5ea000,0x000070328d5ee000] with protection modes 0
Event: 10,220 Protecting memory [0x000070328d4ea000,0x000070328d4ee000] with protection modes 0
Event: 10,453 Protecting memory [0x000070328d5ea000,0x000070328d5ee000] with protection modes 0
Event: 10,649 Protecting memory [0x000070328d4ea000,0x000070328d4ee000] with protection modes 0
Event: 11,348 Protecting memory [0x000070328cf52000,0x000070328cf56000] with protection modes 0
Event: 11,374 Protecting memory [0x000070328ce52000,0x000070328ce56000] with protection modes 0
Event: 12,578 Protecting memory [0x000070328cd52000,0x000070328cd56000] with protection modes 0
Event: 12,779 Protecting memory [0x000070328cc52000,0x000070328cc56000] with protection modes 0
Event: 12,780 Protecting memory [0x000070328c900000,0x000070328c904000] with protection modes 0
Event: 13,006 Protecting memory [0x0000703259900000,0x0000703259904000] with protection modes 0
Event: 13,013 Protecting memory [0x0000703259800000,0x0000703259804000] with protection modes 0
Event: 13,061 Protecting memory [0x0000703259700000,0x0000703259704000] with protection modes 0
Event: 14,017 Protecting memory [0x0000703259600000,0x0000703259604000] with protection modes 0
Event: 14,590 Protecting memory [0x0000703259450000,0x0000703259454000] with protection modes 0
Event: 14,882 Protecting memory [0x0000703259350000,0x0000703259354000] with protection modes 0
Event: 15,388 Protecting memory [0x0000703259350000,0x0000703259354000] with protection modes 0
Event: 15,393 Protecting memory [0x0000703259250000,0x0000703259254000] with protection modes 0
Event: 15,395 Protecting memory [0x0000703259150000,0x0000703259154000] with protection modes 0

Nmethod flushes (20 events):
Event: 14,694 Thread 0x00007032f40bf9d0 flushing  nmethod 0x00007032e1407b88
Event: 14,694 Thread 0x00007032f40bf9d0 flushing  nmethod 0x00007032e1431088
Event: 14,694 Thread 0x00007032f40bf9d0 flushing  nmethod 0x00007032e144ca08
Event: 14,694 Thread 0x00007032f40bf9d0 flushing  nmethod 0x00007032e144cf88
Event: 14,694 Thread 0x00007032f40bf9d0 flushing  nmethod 0x00007032e144d408
Event: 14,694 Thread 0x00007032f40bf9d0 flushing  nmethod 0x00007032e144d708
Event: 14,694 Thread 0x00007032f40bf9d0 flushing  nmethod 0x00007032e144dc88
Event: 14,694 Thread 0x00007032f40bf9d0 flushing  nmethod 0x00007032e144e288
Event: 14,694 Thread 0x00007032f40bf9d0 flushing  nmethod 0x00007032e144e888
Event: 14,694 Thread 0x00007032f40bf9d0 flushing  nmethod 0x00007032e144fb08
Event: 14,694 Thread 0x00007032f40bf9d0 flushing  nmethod 0x00007032e145a788
Event: 14,694 Thread 0x00007032f40bf9d0 flushing  nmethod 0x00007032e145cf88
Event: 14,694 Thread 0x00007032f40bf9d0 flushing  nmethod 0x00007032e1495488
Event: 14,694 Thread 0x00007032f40bf9d0 flushing  nmethod 0x00007032e1496108
Event: 14,694 Thread 0x00007032f40bf9d0 flushing  nmethod 0x00007032e14bdf88
Event: 14,694 Thread 0x00007032f40bf9d0 flushing  nmethod 0x00007032e14d6a88
Event: 14,694 Thread 0x00007032f40bf9d0 flushing  nmethod 0x00007032e14d9288
Event: 14,694 Thread 0x00007032f40bf9d0 flushing  nmethod 0x00007032e14dfa08
Event: 14,694 Thread 0x00007032f40bf9d0 flushing  nmethod 0x00007032e1501a08
Event: 14,694 Thread 0x00007032f40bf9d0 flushing  nmethod 0x00007032e1502e88

Events (20 events):
Event: 10,220 Thread 0x000070326c0105f0 Thread added: 0x0000703278004e10
Event: 10,240 Thread 0x0000703278004e10 Thread exited: 0x0000703278004e10
Event: 10,240 Thread 0x000070326c0105f0 Thread exited: 0x000070326c0105f0
Event: 10,453 Thread 0x00007032f4625040 Thread added: 0x000070326804f750
Event: 10,649 Thread 0x00007032f402e4b0 Thread added: 0x00007032f477c640
Event: 11,348 Thread 0x00007032f402e4b0 Thread added: 0x00007032f49a7070
Event: 11,374 Thread 0x00007032f402e4b0 Thread added: 0x00007032f49aa320
Event: 12,578 Thread 0x00007032f402e4b0 Thread added: 0x00007032f4c2cc00
Event: 12,779 Thread 0x00007032f4c2cc00 Thread added: 0x0000703294008e80
Event: 12,780 Thread 0x0000703294008e80 Thread added: 0x00007032900013a0
Event: 13,006 Thread 0x00007032f402e4b0 Thread added: 0x00007032f48e1950
Event: 13,013 Thread 0x00007032f402e4b0 Thread added: 0x00007032f48e5000
Event: 13,061 Thread 0x0000703294008e80 Thread added: 0x0000703290002af0
Event: 14,017 Thread 0x00007032f402e4b0 Thread added: 0x00007032f50cf830
Event: 14,589 Thread 0x00007032f4c2cc00 Thread added: 0x000070329400a5e0
Event: 14,882 Thread 0x00007032f402e4b0 Thread added: 0x00007032f53ec1f0
Event: 14,889 Thread 0x00007032f53ec1f0 Thread exited: 0x00007032f53ec1f0
Event: 15,388 Thread 0x00007032f402e4b0 Thread added: 0x00007032f519d540
Event: 15,393 Thread 0x00007032f519d540 Thread added: 0x00007032b00044c0
Event: 15,395 Thread 0x00007032f519d540 Thread added: 0x00007032b0008230


Dynamic libraries:
0e000000-0e080000 rw-p 00000000 00:00 0 
0e080000-0e0a0000 rw-p 00000000 00:00 0 
0e0a0000-0e0c0000 rw-p 00000000 00:00 0 
0e0c0000-0e140000 rw-p 00000000 00:00 0 
0e140000-0e1c0000 rw-p 00000000 00:00 0 
0e1c0000-0e200000 rw-p 00000000 00:00 0 
0e200000-0e2c0000 rw-p 00000000 00:00 0 
0e2c0000-0e300000 rw-p 00000000 00:00 0 
0e300000-0e4c0000 rw-p 00000000 00:00 0 
0e4c0000-0e4e0000 rw-p 00000000 00:00 0 
0e4e0000-0e500000 ---p 00000000 00:00 0 
0e500000-0e700000 rw-p 00000000 00:00 0 
0e700000-4e000000 ---p 00000000 00:00 0 
c0000000-c8300000 rw-p 00000000 00:00 0 
c8300000-ffd00000 ---p 00000000 00:00 0 
ffd00000-100000000 rw-p 00000000 00:00 0 
599116ea2000-599116ea3000 r--p 00000000 07:13 1615                       /snap/dbeaver-ce/543/usr/share/dbeaver-ce/jre/bin/java
599116ea3000-599116ea4000 r-xp 00001000 07:13 1615                       /snap/dbeaver-ce/543/usr/share/dbeaver-ce/jre/bin/java
599116ea4000-599116ea5000 r--p 00002000 07:13 1615                       /snap/dbeaver-ce/543/usr/share/dbeaver-ce/jre/bin/java
599116ea5000-599116ea6000 r--p 00002000 07:13 1615                       /snap/dbeaver-ce/543/usr/share/dbeaver-ce/jre/bin/java
599116ea6000-599116ea7000 rw-p 00003000 07:13 1615                       /snap/dbeaver-ce/543/usr/share/dbeaver-ce/jre/bin/java
59913b195000-59913b1e0000 rw-p 00000000 00:00 0                          [heap]
703259150000-703259154000 ---p 00000000 00:00 0 
703259154000-703259250000 rw-p 00000000 00:00 0 
703259250000-703259254000 ---p 00000000 00:00 0 
703259254000-703259350000 rw-p 00000000 00:00 0 
703259350000-703259354000 ---p 00000000 00:00 0 
703259354000-703259450000 rw-p 00000000 00:00 0 
703259450000-703259454000 ---p 00000000 00:00 0 
703259454000-703259550000 rw-p 00000000 00:00 0 
703259600000-703259604000 ---p 00000000 00:00 0 
703259604000-703259700000 rw-p 00000000 00:00 0 
703259700000-703259704000 ---p 00000000 00:00 0 
703259704000-703259800000 rw-p 00000000 00:00 0 
703259800000-703259804000 ---p 00000000 00:00 0 
703259804000-703259900000 rw-p 00000000 00:00 0 
703259900000-703259904000 ---p 00000000 00:00 0 
703259904000-703259a00000 rw-p 00000000 00:00 0 
703259a00000-703259a9d000 r--p 00000000 08:02 1319321                    /usr/lib/x86_64-linux-gnu/libstdc++.so.6.0.33
703259a9d000-703259be5000 r-xp 0009d000 08:02 1319321                    /usr/lib/x86_64-linux-gnu/libstdc++.so.6.0.33
703259be5000-703259c6c000 r--p 001e5000 08:02 1319321                    /usr/lib/x86_64-linux-gnu/libstdc++.so.6.0.33
703259c6c000-703259c77000 r--p 0026b000 08:02 1319321                    /usr/lib/x86_64-linux-gnu/libstdc++.so.6.0.33
703259c77000-703259c7a000 rw-p 00276000 08:02 1319321                    /usr/lib/x86_64-linux-gnu/libstdc++.so.6.0.33
703259c7a000-703259c7e000 rw-p 00000000 00:00 0 
703259cf8000-703259e00000 r--p 00000000 08:02 1457180                    /usr/share/fonts/truetype/ubuntu/UbuntuSans[wdth,wght].ttf
703259e00000-703259e01000 r--p 00000000 08:02 1322512                    /usr/lib/x86_64-linux-gnu/libicudata.so.74.2
703259e01000-703259e02000 r-xp 00001000 08:02 1322512                    /usr/lib/x86_64-linux-gnu/libicudata.so.74.2
703259e02000-70325bb5e000 r--p 00002000 08:02 1322512                    /usr/lib/x86_64-linux-gnu/libicudata.so.74.2
70325bb5e000-70325bb5f000 r--p 01d5d000 08:02 1322512                    /usr/lib/x86_64-linux-gnu/libicudata.so.74.2
70325bb5f000-70325bb60000 rw-p 01d5e000 08:02 1322512                    /usr/lib/x86_64-linux-gnu/libicudata.so.74.2
70325bc00000-70325bc68000 r--p 00000000 08:02 1322517                    /usr/lib/x86_64-linux-gnu/libicuuc.so.74.2
70325bc68000-70325bd6d000 r-xp 00068000 08:02 1322517                    /usr/lib/x86_64-linux-gnu/libicuuc.so.74.2
70325bd6d000-70325bdf7000 r--p 0016d000 08:02 1322517                    /usr/lib/x86_64-linux-gnu/libicuuc.so.74.2
70325bdf7000-70325be0a000 r--p 001f7000 08:02 1322517                    /usr/lib/x86_64-linux-gnu/libicuuc.so.74.2
70325be0a000-70325be0b000 rw-p 0020a000 08:02 1322517                    /usr/lib/x86_64-linux-gnu/libicuuc.so.74.2
70325be0b000-70325be0d000 rw-p 00000000 00:00 0 
70325be24000-70325be26000 r--p 00000000 08:02 1322658                    /usr/lib/x86_64-linux-gnu/libogg.so.0.8.5
70325be26000-70325be29000 r-xp 00002000 08:02 1322658                    /usr/lib/x86_64-linux-gnu/libogg.so.0.8.5
70325be29000-70325be2c000 r--p 00005000 08:02 1322658                    /usr/lib/x86_64-linux-gnu/libogg.so.0.8.5
70325be2c000-70325be2d000 r--p 00007000 08:02 1322658                    /usr/lib/x86_64-linux-gnu/libogg.so.0.8.5
70325be2d000-70325be2e000 rw-p 00008000 08:02 1322658                    /usr/lib/x86_64-linux-gnu/libogg.so.0.8.5
70325be2e000-70325be31000 r--p 00000000 08:02 1322854                    /usr/lib/x86_64-linux-gnu/libvorbis.so.0.4.9
70325be31000-70325be49000 r-xp 00003000 08:02 1322854                    /usr/lib/x86_64-linux-gnu/libvorbis.so.0.4.9
70325be49000-70325be5a000 r--p 0001b000 08:02 1322854                    /usr/lib/x86_64-linux-gnu/libvorbis.so.0.4.9
70325be5a000-70325be5b000 r--p 0002b000 08:02 1322854                    /usr/lib/x86_64-linux-gnu/libvorbis.so.0.4.9
70325be5b000-70325be5c000 rw-p 0002c000 08:02 1322854                    /usr/lib/x86_64-linux-gnu/libvorbis.so.0.4.9
70325be5c000-70325be5e000 r--p 00000000 08:02 1322565                    /usr/lib/x86_64-linux-gnu/libltdl.so.7.3.2
70325be5e000-70325be63000 r-xp 00002000 08:02 1322565                    /usr/lib/x86_64-linux-gnu/libltdl.so.7.3.2
70325be63000-70325be65000 r--p 00007000 08:02 1322565                    /usr/lib/x86_64-linux-gnu/libltdl.so.7.3.2
70325be65000-70325be66000 r--p 00008000 08:02 1322565                    /usr/lib/x86_64-linux-gnu/libltdl.so.7.3.2
70325be66000-70325be67000 rw-p 00009000 08:02 1322565                    /usr/lib/x86_64-linux-gnu/libltdl.so.7.3.2
70325be67000-70325be6b000 r--p 00000000 08:02 1322803                    /usr/lib/x86_64-linux-gnu/libtdb.so.1.4.10
70325be6b000-70325be79000 r-xp 00004000 08:02 1322803                    /usr/lib/x86_64-linux-gnu/libtdb.so.1.4.10
70325be79000-70325be7e000 r--p 00012000 08:02 1322803                    /usr/lib/x86_64-linux-gnu/libtdb.so.1.4.10
70325be7e000-70325be7f000 r--p 00016000 08:02 1322803                    /usr/lib/x86_64-linux-gnu/libtdb.so.1.4.10
70325be7f000-70325be80000 rw-p 00017000 08:02 1322803                    /usr/lib/x86_64-linux-gnu/libtdb.so.1.4.10
70325be80000-70325be82000 r--p 00000000 08:02 1322856                    /usr/lib/x86_64-linux-gnu/libvorbisfile.so.3.3.8
70325be82000-70325be87000 r-xp 00002000 08:02 1322856                    /usr/lib/x86_64-linux-gnu/libvorbisfile.so.3.3.8
70325be87000-70325be88000 r--p 00007000 08:02 1322856                    /usr/lib/x86_64-linux-gnu/libvorbisfile.so.3.3.8
70325be88000-70325be89000 r--p 00007000 08:02 1322856                    /usr/lib/x86_64-linux-gnu/libvorbisfile.so.3.3.8
70325be89000-70325be8a000 rw-p 00008000 08:02 1322856                    /usr/lib/x86_64-linux-gnu/libvorbisfile.so.3.3.8
70325be8a000-70325be8d000 r--p 00000000 08:02 1322276                    /usr/lib/x86_64-linux-gnu/libcanberra.so.0.2.5
70325be8d000-70325be98000 r-xp 00003000 08:02 1322276                    /usr/lib/x86_64-linux-gnu/libcanberra.so.0.2.5
70325be98000-70325be9b000 r--p 0000e000 08:02 1322276                    /usr/lib/x86_64-linux-gnu/libcanberra.so.0.2.5
70325be9b000-70325be9c000 r--p 00010000 08:02 1322276                    /usr/lib/x86_64-linux-gnu/libcanberra.so.0.2.5
70325be9c000-70325be9d000 rw-p 00011000 08:02 1322276                    /usr/lib/x86_64-linux-gnu/libcanberra.so.0.2.5
70325be9d000-70325be9f000 r--p 00000000 08:02 1322275                    /usr/lib/x86_64-linux-gnu/libcanberra-gtk3.so.0.1.9
70325be9f000-70325bea1000 r-xp 00002000 08:02 1322275                    /usr/lib/x86_64-linux-gnu/libcanberra-gtk3.so.0.1.9
70325bea1000-70325bea2000 r--p 00004000 08:02 1322275                    /usr/lib/x86_64-linux-gnu/libcanberra-gtk3.so.0.1.9
70325bea2000-70325bea3000 r--p 00004000 08:02 1322275                    /usr/lib/x86_64-linux-gnu/libcanberra-gtk3.so.0.1.9
70325bea3000-70325bea4000 rw-p 00005000 08:02 1322275                    /usr/lib/x86_64-linux-gnu/libcanberra-gtk3.so.0.1.9
70325bea4000-70325bef8000 r--p 00000000 08:02 1456837                    /usr/share/fonts/truetype/dejavu/DejaVuSansMono.ttf
70325bef8000-70325c000000 r--p 00000000 08:02 1457180                    /usr/share/fonts/truetype/ubuntu/UbuntuSans[wdth,wght].ttf
70325c000000-70325c03d000 rw-p 00000000 00:00 0 
70325c03d000-703260000000 ---p 00000000 00:00 0 
703260000000-7032607b8000 rw-p 00000000 00:00 0 
7032607b8000-703264000000 ---p 00000000 00:00 0 
703264000000-703264021000 rw-p 00000000 00:00 0 
703264021000-703268000000 ---p 00000000 00:00 0 
703268000000-70326807f000 rw-p 00000000 00:00 0 
70326807f000-70326c000000 ---p 00000000 00:00 0 
70326c000000-70326c021000 rw-p 00000000 00:00 0 
70326c021000-703270000000 ---p 00000000 00:00 0 
703270000000-703270021000 rw-p 00000000 00:00 0 
703270021000-703274000000 ---p 00000000 00:00 0 
703274000000-703274021000 rw-p 00000000 00:00 0 
703274021000-703278000000 ---p 00000000 00:00 0 
703278000000-703278021000 rw-p 00000000 00:00 0 
703278021000-70327c000000 ---p 00000000 00:00 0 
70327c000000-70327c023000 rw-p 00000000 00:00 0 
70327c023000-703280000000 ---p 00000000 00:00 0 
703280000000-70328009b000 rw-p 00000000 00:00 0 
70328009b000-703284000000 ---p 00000000 00:00 0 
703284000000-703284021000 rw-p 00000000 00:00 0 
703284021000-703288000000 ---p 00000000 00:00 0 
703288000000-703288021000 rw-p 00000000 00:00 0 
703288021000-70328c000000 ---p 00000000 00:00 0 
70328c013000-70328c016000 r--p 00000000 08:02 2789504                    /home/daniel/snap/dbeaver-ce/543/.local/share/DBeaverData/install-data/org.jkiss.dbeaver.product/26.1.5-202608181400/org.eclipse.osgi/152/0/.cp/libswt-atk-gtk-4973r12.so
70328c016000-70328c01a000 r-xp 00003000 08:02 2789504                    /home/daniel/snap/dbeaver-ce/543/.local/share/DBeaverData/install-data/org.jkiss.dbeaver.product/26.1.5-202608181400/org.eclipse.osgi/152/0/.cp/libswt-atk-gtk-4973r12.so
70328c01a000-70328c01c000 r--p 00007000 08:02 2789504                    /home/daniel/snap/dbeaver-ce/543/.local/share/DBeaverData/install-data/org.jkiss.dbeaver.product/26.1.5-202608181400/org.eclipse.osgi/152/0/.cp/libswt-atk-gtk-4973r12.so
70328c01c000-70328c01d000 r--p 00008000 08:02 2789504                    /home/daniel/snap/dbeaver-ce/543/.local/share/DBeaverData/install-data/org.jkiss.dbeaver.product/26.1.5-202608181400/org.eclipse.osgi/152/0/.cp/libswt-atk-gtk-4973r12.so
70328c01d000-70328c01e000 rw-p 00009000 08:02 2789504                    /home/daniel/snap/dbeaver-ce/543/.local/share/DBeaverData/install-data/org.jkiss.dbeaver.product/26.1.5-202608181400/org.eclipse.osgi/152/0/.cp/libswt-atk-gtk-4973r12.so
70328c01e000-70328c04d000 r--p 00000000 08:02 1312971                    /usr/lib/x86_64-linux-gnu/libxml2.so.2.9.14
70328c04d000-70328c1b3000 r-xp 0002f000 08:02 1312971                    /usr/lib/x86_64-linux-gnu/libxml2.so.2.9.14
70328c1b3000-70328c1f5000 r--p 00195000 08:02 1312971                    /usr/lib/x86_64-linux-gnu/libxml2.so.2.9.14
70328c1f5000-70328c1fe000 r--p 001d6000 08:02 1312971                    /usr/lib/x86_64-linux-gnu/libxml2.so.2.9.14
70328c1fe000-70328c1ff000 rw-p 001df000 08:02 1312971                    /usr/lib/x86_64-linux-gnu/libxml2.so.2.9.14
70328c1ff000-70328c200000 rw-p 00000000 00:00 0 
70328c200000-70328c2b7000 r--p 00000000 08:02 1322739                    /usr/lib/x86_64-linux-gnu/librsvg-2.so.2.50.0
70328c2b7000-70328c64e000 r-xp 000b7000 08:02 1322739                    /usr/lib/x86_64-linux-gnu/librsvg-2.so.2.50.0
70328c64e000-70328c7e0000 r--p 0044e000 08:02 1322739                    /usr/lib/x86_64-linux-gnu/librsvg-2.so.2.50.0
70328c7e0000-70328c877000 r--p 005e0000 08:02 1322739                    /usr/lib/x86_64-linux-gnu/librsvg-2.so.2.50.0
70328c877000-70328c878000 rw-p 00677000 08:02 1322739                    /usr/lib/x86_64-linux-gnu/librsvg-2.so.2.50.0
70328c87a000-70328c87c000 r--p 00000000 08:02 1442021                    /usr/lib/x86_64-linux-gnu/gtk-3.0/modules/libcanberra-gtk3-module.so
70328c87c000-70328c87f000 r-xp 00002000 08:02 1442021                    /usr/lib/x86_64-linux-gnu/gtk-3.0/modules/libcanberra-gtk3-module.so
70328c87f000-70328c880000 r--p 00005000 08:02 1442021                    /usr/lib/x86_64-linux-gnu/gtk-3.0/modules/libcanberra-gtk3-module.so
70328c880000-70328c881000 r--p 00005000 08:02 1442021                    /usr/lib/x86_64-linux-gnu/gtk-3.0/modules/libcanberra-gtk3-module.so
70328c881000-70328c882000 rw-p 00006000 08:02 1442021                    /usr/lib/x86_64-linux-gnu/gtk-3.0/modules/libcanberra-gtk3-module.so
70328c882000-70328c886000 r--p 00000000 08:02 1312946                    /usr/lib/x86_64-linux-gnu/libgcc_s.so.1
70328c886000-70328c8aa000 r-xp 00004000 08:02 1312946                    /usr/lib/x86_64-linux-gnu/libgcc_s.so.1
70328c8aa000-70328c8ae000 r--p 00028000 08:02 1312946                    /usr/lib/x86_64-linux-gnu/libgcc_s.so.1
70328c8ae000-70328c8af000 r--p 0002b000 08:02 1312946                    /usr/lib/x86_64-linux-gnu/libgcc_s.so.1
70328c8af000-70328c8b0000 rw-p 0002c000 08:02 1312946                    /usr/lib/x86_64-linux-gnu/libgcc_s.so.1
70328c8b0000-70328c900000 r--p 00000000 08:02 1477651                    /usr/share/icons/Humanity/icon-theme.cache
70328c900000-70328c904000 ---p 00000000 00:00 0 
70328c904000-70328ca00000 rw-p 00000000 00:00 0 
70328ca00000-70328ca02000 r-xp 00000000 08:02 2789551                    /home/daniel/snap/dbeaver-ce/543/.local/share/DBeaverData/install-data/org.jkiss.dbeaver.product/26.1.5-202608181400/org.eclipse.osgi/49/0/.cp/os/linux/x86_64/libunixfile_1_0_0.so
70328ca02000-70328cc01000 ---p 00002000 08:02 2789551                    /home/daniel/snap/dbeaver-ce/543/.local/share/DBeaverData/install-data/org.jkiss.dbeaver.product/26.1.5-202608181400/org.eclipse.osgi/49/0/.cp/os/linux/x86_64/libunixfile_1_0_0.so
70328cc01000-70328cc02000 r--p 00001000 08:02 2789551                    /home/daniel/snap/dbeaver-ce/543/.local/share/DBeaverData/install-data/org.jkiss.dbeaver.product/26.1.5-202608181400/org.eclipse.osgi/49/0/.cp/os/linux/x86_64/libunixfile_1_0_0.so
70328cc02000-70328cc03000 rw-p 00002000 08:02 2789551                    /home/daniel/snap/dbeaver-ce/543/.local/share/DBeaverData/install-data/org.jkiss.dbeaver.product/26.1.5-202608181400/org.eclipse.osgi/49/0/.cp/os/linux/x86_64/libunixfile_1_0_0.so
70328cc06000-70328cc07000 r--p 00000000 07:13 1831                       /snap/dbeaver-ce/543/usr/share/dbeaver-ce/jre/lib/libextnet.so
70328cc07000-70328cc08000 r-xp 00001000 07:13 1831                       /snap/dbeaver-ce/543/usr/share/dbeaver-ce/jre/lib/libextnet.so
70328cc08000-70328cc09000 r--p 00002000 07:13 1831                       /snap/dbeaver-ce/543/usr/share/dbeaver-ce/jre/lib/libextnet.so
70328cc09000-70328cc0a000 r--p 00002000 07:13 1831                       /snap/dbeaver-ce/543/usr/share/dbeaver-ce/jre/lib/libextnet.so
70328cc0a000-70328cc0b000 rw-p 00003000 07:13 1831                       /snap/dbeaver-ce/543/usr/share/dbeaver-ce/jre/lib/libextnet.so
70328cc0b000-70328cc0d000 r--p 00000000 08:02 1442017                    /usr/lib/x86_64-linux-gnu/gtk-3.0/3.0.0/immodules/im-wayland.so
70328cc0d000-70328cc0f000 r-xp 00002000 08:02 1442017                    /usr/lib/x86_64-linux-gnu/gtk-3.0/3.0.0/immodules/im-wayland.so
70328cc0f000-70328cc10000 r--p 00004000 08:02 1442017                    /usr/lib/x86_64-linux-gnu/gtk-3.0/3.0.0/immodules/im-wayland.so
70328cc10000-70328cc11000 r--p 00005000 08:02 1442017                    /usr/lib/x86_64-linux-gnu/gtk-3.0/3.0.0/immodules/im-wayland.so
70328cc11000-70328cc12000 rw-p 00006000 08:02 1442017                    /usr/lib/x86_64-linux-gnu/gtk-3.0/3.0.0/immodules/im-wayland.so
70328cc12000-70328cc18000 r--p 00000000 08:02 2789552                    /home/daniel/snap/dbeaver-ce/543/.local/share/DBeaverData/install-data/org.jkiss.dbeaver.product/26.1.5-202608181400/org.eclipse.osgi/152/0/.cp/libswt-cairo-gtk-4973r12.so
70328cc18000-70328cc1b000 r-xp 00006000 08:02 2789552                    /home/daniel/snap/dbeaver-ce/543/.local/share/DBeaverData/install-data/org.jkiss.dbeaver.product/26.1.5-202608181400/org.eclipse.osgi/152/0/.cp/libswt-cairo-gtk-4973r12.so
70328cc1b000-70328cc1d000 r--p 00009000 08:02 2789552                    /home/daniel/snap/dbeaver-ce/543/.local/share/DBeaverData/install-data/org.jkiss.dbeaver.product/26.1.5-202608181400/org.eclipse.osgi/152/0/.cp/libswt-cairo-gtk-4973r12.so
70328cc1d000-70328cc1e000 r--p 0000a000 08:02 2789552                    /home/daniel/snap/dbeaver-ce/543/.local/share/DBeaverData/install-data/org.jkiss.dbeaver.product/26.1.5-202608181400/org.eclipse.osgi/152/0/.cp/libswt-cairo-gtk-4973r12.so
70328cc1e000-70328cc1f000 rw-p 0000b000 08:02 2789552                    /home/daniel/snap/dbeaver-ce/543/.local/share/DBeaverData/install-data/org.jkiss.dbeaver.product/26.1.5-202608181400/org.eclipse.osgi/152/0/.cp/libswt-cairo-gtk-4973r12.so
70328cc1f000-70328cc20000 r--p 00000000 08:02 1323828                    /usr/lib/x86_64-linux-gnu/gdk-pixbuf-2.0/2.10.0/loaders/libpixbufloader-svg.so
70328cc20000-70328cc21000 r-xp 00001000 08:02 1323828                    /usr/lib/x86_64-linux-gnu/gdk-pixbuf-2.0/2.10.0/loaders/libpixbufloader-svg.so
70328cc21000-70328cc22000 r--p 00002000 08:02 1323828                    /usr/lib/x86_64-linux-gnu/gdk-pixbuf-2.0/2.10.0/loaders/libpixbufloader-svg.so
70328cc22000-70328cc23000 r--p 00002000 08:02 1323828                    /usr/lib/x86_64-linux-gnu/gdk-pixbuf-2.0/2.10.0/loaders/libpixbufloader-svg.so
70328cc23000-70328cc24000 rw-p 00003000 08:02 1323828                    /usr/lib/x86_64-linux-gnu/gdk-pixbuf-2.0/2.10.0/loaders/libpixbufloader-svg.so
70328cc24000-70328cc52000 r--p 00000000 08:02 1477684                    /usr/share/icons/Yaru/icon-theme.cache
70328cc52000-70328cc56000 ---p 00000000 00:00 0 
70328cc56000-70328cd52000 rw-p 00000000 00:00 0 
70328cd52000-70328cd56000 ---p 00000000 00:00 0 
70328cd56000-70328ce52000 rw-p 00000000 00:00 0 
70328ce52000-70328ce56000 ---p 00000000 00:00 0 
70328ce56000-70328cf52000 rw-p 00000000 00:00 0 
70328cf52000-70328cf56000 ---p 00000000 00:00 0 
70328cf56000-70328d052000 rw-p 00000000 00:00 0 
70328d052000-70328d05d000 r--p 00000000 07:13 1833                       /snap/dbeaver-ce/543/usr/share/dbeaver-ce/jre/lib/libfreetype.so
70328d05d000-70328d0d5000 r-xp 0000b000 07:13 1833                       /snap/dbeaver-ce/543/usr/share/dbeaver-ce/jre/lib/libfreetype.so
70328d0d5000-70328d0f9000 r--p 00083000 07:13 1833                       /snap/dbeaver-ce/543/usr/share/dbeaver-ce/jre/lib/libfreetype.so
70328d0f9000-70328d0ff000 r--p 000a7000 07:13 1833                       /snap/dbeaver-ce/543/usr/share/dbeaver-ce/jre/lib/libfreetype.so
70328d0ff000-70328d100000 rw-p 000ad000 07:13 1833                       /snap/dbeaver-ce/543/usr/share/dbeaver-ce/jre/lib/libfreetype.so
70328d100000-70328d107000 r--p 00000000 07:13 1832                       /snap/dbeaver-ce/543/usr/share/dbeaver-ce/jre/lib/libfontmanager.so
70328d107000-70328d28a000 r-xp 00007000 07:13 1832                       /snap/dbeaver-ce/543/usr/share/dbeaver-ce/jre/lib/libfontmanager.so
70328d28a000-70328d2c6000 r--p 0018a000 07:13 1832                       /snap/dbeaver-ce/543/usr/share/dbeaver-ce/jre/lib/libfontmanager.so
70328d2c6000-70328d2c8000 r--p 001c6000 07:13 1832                       /snap/dbeaver-ce/543/usr/share/dbeaver-ce/jre/lib/libfontmanager.so
70328d2c8000-70328d2c9000 rw-p 001c8000 07:13 1832                       /snap/dbeaver-ce/543/usr/share/dbeaver-ce/jre/lib/libfontmanager.so
70328d2c9000-70328d2ca000 rw-p 00000000 00:00 0 
70328d2ca000-70328d2cc000 r--p 00000000 08:02 1322135                    /usr/lib/x86_64-linux-gnu/libXtst.so.6.1.0
70328d2cc000-70328d2cf000 r-xp 00002000 08:02 1322135                    /usr/lib/x86_64-linux-gnu/libXtst.so.6.1.0
70328d2cf000-70328d2d0000 r--p 00005000 08:02 1322135                    /usr/lib/x86_64-linux-gnu/libXtst.so.6.1.0
70328d2d0000-70328d2d1000 r--p 00005000 08:02 1322135                    /usr/lib/x86_64-linux-gnu/libXtst.so.6.1.0
70328d2d1000-70328d2d2000 rw-p 00006000 08:02 1322135                    /usr/lib/x86_64-linux-gnu/libXtst.so.6.1.0
70328d2d3000-70328d2d7000 r--p 00000000 08:02 1442543                    /usr/share/icons/hicolor/icon-theme.cache
70328d2d7000-70328d2e1000 r--p 00000000 08:02 1473975                    /usr/share/icons/Adwaita/icon-theme.cache
70328d2e1000-70328d300000 r--p 00000000 07:13 1828                       /snap/dbeaver-ce/543/usr/share/dbeaver-ce/jre/lib/libawt.so
70328d300000-70328d39e000 r-xp 0001f000 07:13 1828                       /snap/dbeaver-ce/543/usr/share/dbeaver-ce/jre/lib/libawt.so
70328d39e000-70328d3ab000 r--p 000bd000 07:13 1828                       /snap/dbeaver-ce/543/usr/share/dbeaver-ce/jre/lib/libawt.so
70328d3ab000-70328d3ac000 r--p 000c9000 07:13 1828                       /snap/dbeaver-ce/543/usr/share/dbeaver-ce/jre/lib/libawt.so
70328d3ac000-70328d3b7000 rw-p 000ca000 07:13 1828                       /snap/dbeaver-ce/543/usr/share/dbeaver-ce/jre/lib/libawt.so
70328d3b7000-70328d3dc000 rw-p 00000000 00:00 0 
70328d3dc000-70328d417000 r--p 00000000 08:02 2789541                    /home/daniel/snap/dbeaver-ce/543/.local/share/DBeaverData/install-data/org.jkiss.dbeaver.product/26.1.5-202608181400/org.eclipse.osgi/152/0/.cp/libswt-pi3-gtk-4973r12.so
70328d417000-70328d438000 r-xp 0003b000 08:02 2789541                    /home/daniel/snap/dbeaver-ce/543/.local/share/DBeaverData/install-data/org.jkiss.dbeaver.product/26.1.5-202608181400/org.eclipse.osgi/152/0/.cp/libswt-pi3-gtk-4973r12.so
70328d438000-70328d44b000 r--p 0005c000 08:02 2789541                    /home/daniel/snap/dbeaver-ce/543/.local/share/DBeaverData/install-data/org.jkiss.dbeaver.product/26.1.5-202608181400/org.eclipse.osgi/152/0/.cp/libswt-pi3-gtk-4973r12.so
70328d44b000-70328d44c000 r--p 0006e000 08:02 2789541                    /home/daniel/snap/dbeaver-ce/543/.local/share/DBeaverData/install-data/org.jkiss.dbeaver.product/26.1.5-202608181400/org.eclipse.osgi/152/0/.cp/libswt-pi3-gtk-4973r12.so
70328d44c000-70328d44f000 rw-p 0006f000 08:02 2789541                    /home/daniel/snap/dbeaver-ce/543/.local/share/DBeaverData/install-data/org.jkiss.dbeaver.product/26.1.5-202608181400/org.eclipse.osgi/152/0/.cp/libswt-pi3-gtk-4973r12.so
70328d44f000-70328d450000 rw-p 00000000 00:00 0 
70328d450000-70328d48f000 r--p 00000000 08:02 2789540                    /home/daniel/snap/dbeaver-ce/543/.local/share/DBeaverData/install-data/org.jkiss.dbeaver.product/26.1.5-202608181400/org.eclipse.osgi/152/0/.cp/libswt-gtk-4973r12.so
70328d48f000-70328d4b8000 r-xp 0003f000 08:02 2789540                    /home/daniel/snap/dbeaver-ce/543/.local/share/DBeaverData/install-data/org.jkiss.dbeaver.product/26.1.5-202608181400/org.eclipse.osgi/152/0/.cp/libswt-gtk-4973r12.so
70328d4b8000-70328d4dd000 r--p 00068000 08:02 2789540                    /home/daniel/snap/dbeaver-ce/543/.local/share/DBeaverData/install-data/org.jkiss.dbeaver.product/26.1.5-202608181400/org.eclipse.osgi/152/0/.cp/libswt-gtk-4973r12.so
70328d4dd000-70328d4de000 r--p 0008c000 08:02 2789540                    /home/daniel/snap/dbeaver-ce/543/.local/share/DBeaverData/install-data/org.jkiss.dbeaver.product/26.1.5-202608181400/org.eclipse.osgi/152/0/.cp/libswt-gtk-4973r12.so
70328d4de000-70328d4e6000 rw-p 0008d000 08:02 2789540                    /home/daniel/snap/dbeaver-ce/543/.local/share/DBeaverData/install-data/org.jkiss.dbeaver.product/26.1.5-202608181400/org.eclipse.osgi/152/0/.cp/libswt-gtk-4973r12.so
70328d4e6000-70328d4ea000 rw-p 00000000 00:00 0 
70328d4ea000-70328d4ee000 ---p 00000000 00:00 0 
70328d4ee000-70328d5ea000 rw-p 00000000 00:00 0 
70328d5ea000-70328d5ee000 ---p 00000000 00:00 0 
70328d5ee000-70328d6ea000 rw-p 00000000 00:00 0 
70328d6ea000-70328d6ee000 ---p 00000000 00:00 0 
70328d6ee000-70328d7ea000 rw-p 00000000 00:00 0 
70328d7ea000-70328d7ee000 ---p 00000000 00:00 0 
70328d7ee000-70328d8ea000 rw-p 00000000 00:00 0 
70328d8ea000-70328d8ee000 ---p 00000000 00:00 0 
70328d8ee000-70328d9ea000 rw-p 00000000 00:00 0 
70328d9ea000-70328d9ee000 ---p 00000000 00:00 0 
70328d9ee000-70328daea000 rw-p 00000000 00:00 0 
70328daea000-70328daee000 ---p 00000000 00:00 0 
70328daee000-70328dbea000 rw-p 00000000 00:00 0 
70328dbea000-70328dbee000 ---p 00000000 00:00 0 
70328dbee000-70328dcea000 rw-p 00000000 00:00 0 
70328dcea000-70328dceb000 ---p 00000000 00:00 0 
70328dceb000-70328ddeb000 rw-p 00000000 00:00 0 
70328ddeb000-70328ddec000 ---p 00000000 00:00 0 
70328ddec000-70328deec000 rw-p 00000000 00:00 0 
70328deec000-70328deed000 ---p 00000000 00:00 0 
70328deed000-70328dfed000 rw-p 00000000 00:00 0 
70328dfed000-70328dff1000 ---p 00000000 00:00 0 
70328dff1000-70328e0ed000 rw-p 00000000 00:00 0 
70328e0ed000-70328e0f1000 ---p 00000000 00:00 0 
70328e0f1000-70328e1ed000 rw-p 00000000 00:00 0 
70328e1ed000-70328e1f1000 ---p 00000000 00:00 0 
70328e1f1000-70328e2ed000 rw-p 00000000 00:00 0 
70328e2ed000-70328e2f1000 ---p 00000000 00:00 0 
70328e2f1000-70328e3ed000 rw-p 00000000 00:00 0 
70328e3ed000-70328e3f1000 ---p 00000000 00:00 0 
70328e3f1000-70328e4ed000 rw-p 00000000 00:00 0 
70328e4ed000-70328e4f1000 ---p 00000000 00:00 0 
70328e4f1000-70328e5ed000 rw-p 00000000 00:00 0 
70328e5ed000-70328e6f5000 r--p 00000000 08:02 1457180                    /usr/share/fonts/truetype/ubuntu/UbuntuSans[wdth,wght].ttf
70328e6f5000-70328e7fd000 r--p 00000000 08:02 1457180                    /usr/share/fonts/truetype/ubuntu/UbuntuSans[wdth,wght].ttf
70328e7fd000-70328e7fe000 ---p 00000000 00:00 0 
70328e7fe000-70328effe000 rw-p 00000000 00:00 0 
70328effe000-70328efff000 ---p 00000000 00:00 0 
70328efff000-70328f7ff000 rw-p 00000000 00:00 0 
70328f7ff000-70328f800000 ---p 00000000 00:00 0 
70328f800000-703290000000 rw-p 00000000 00:00 0 
703290000000-703290021000 rw-p 00000000 00:00 0 
703290021000-703294000000 ---p 00000000 00:00 0 
703294000000-70329402f000 rw-p 00000000 00:00 0 
70329402f000-703298000000 ---p 00000000 00:00 0 
703298000000-703298021000 rw-p 00000000 00:00 0 
703298021000-70329c000000 ---p 00000000 00:00 0 
70329c000000-70329c021000 rw-p 00000000 00:00 0 
70329c021000-7032a0000000 ---p 00000000 00:00 0 
7032a0000000-7032a2968000 rw-p 00000000 00:00 0 
7032a2968000-7032a4000000 ---p 00000000 00:00 0 
7032a4000000-7032a4a35000 rw-p 00000000 00:00 0 
7032a4a35000-7032a8000000 ---p 00000000 00:00 0 
7032a8000000-7032a8021000 rw-p 00000000 00:00 0 
7032a8021000-7032ac000000 ---p 00000000 00:00 0 
7032ac000000-7032ac021000 rw-p 00000000 00:00 0 
7032ac021000-7032b0000000 ---p 00000000 00:00 0 
7032b0000000-7032b0021000 rw-p 00000000 00:00 0 
7032b0021000-7032b4000000 ---p 00000000 00:00 0 
7032b4000000-7032b4021000 rw-p 00000000 00:00 0 
7032b4021000-7032b8000000 ---p 00000000 00:00 0 
7032b8000000-7032b8023000 rw-p 00000000 00:00 0 
7032b8023000-7032bc000000 ---p 00000000 00:00 0 
7032bc000000-7032bc021000 rw-p 00000000 00:00 0 
7032bc021000-7032c0000000 ---p 00000000 00:00 0 
7032c0000000-7032c0500000 rw-p 00000000 00:00 0 
7032c0500000-7032c0540000 rw-p 00000000 00:00 0 
7032c0540000-7032c0580000 rw-p 00000000 00:00 0 
7032c0580000-7032c0700000 rw-p 00000000 00:00 0 
7032c0700000-7032c0720000 rw-p 00000000 00:00 0 
7032c0720000-7032c0740000 rw-p 00000000 00:00 0 
7032c0740000-7032c0780000 rw-p 00000000 00:00 0 
7032c0780000-7032c0900000 rw-p 00000000 00:00 0 
7032c0900000-7032c0920000 rw-p 00000000 00:00 0 
7032c0920000-7032c0940000 rw-p 00000000 00:00 0 
7032c0940000-7032c0980000 rw-p 00000000 00:00 0 
7032c0980000-7032c0b00000 rw-p 00000000 00:00 0 
7032c0b00000-7032c0b80000 rw-p 00000000 00:00 0 
7032c0b80000-7032c0c00000 rw-p 00000000 00:00 0 
7032c0c00000-7032c0d80000 rw-p 00000000 00:00 0 
7032c0d80000-7032c0e00000 rw-p 00000000 00:00 0 
7032c0e00000-7032c0f00000 rw-p 00000000 00:00 0 
7032c0f00000-7032c1000000 rw-p 00000000 00:00 0 
7032c1000000-7032c1100000 rw-p 00000000 00:00 0 
7032c1100000-7032c1200000 rw-p 00000000 00:00 0 
7032c1200000-7032c1400000 rw-p 00000000 00:00 0 
7032c1400000-7032c1500000 rw-p 00000000 00:00 0 
7032c1500000-7032c1600000 rw-p 00000000 00:00 0 
7032c1600000-7032c1900000 rw-p 00000000 00:00 0 
7032c1900000-7032c1b00000 rw-p 00000000 00:00 0 
7032c1b00000-7032c2300000 rw-p 00000000 00:00 0 
7032c2300000-7032c2400000 rw-p 00000000 00:00 0 
7032c2400000-7032c2f00000 rw-p 00000000 00:00 0 
7032c2f00000-7032c2f20000 rw-p 00000000 00:00 0 
7032c2f20000-7032c3000000 ---p 00000000 00:00 0 
7032c3000000-7032c30b0000 rw-p 00000000 00:00 0 
7032c30b0000-7032c4000000 ---p 00000000 00:00 0 
7032c4000000-7032c4021000 rw-p 00000000 00:00 0 
7032c4021000-7032c8000000 ---p 00000000 00:00 0 
7032c8000000-7032c8021000 rw-p 00000000 00:00 0 
7032c8021000-7032cc000000 ---p 00000000 00:00 0 
7032cc000000-7032cc021000 rw-p 00000000 00:00 0 
7032cc021000-7032d0000000 ---p 00000000 00:00 0 
7032d0002000-7032d0013000 r--p 00000000 07:13 1830                       /snap/dbeaver-ce/543/usr/share/dbeaver-ce/jre/lib/libawt_xawt.so
7032d0013000-7032d0056000 r-xp 00011000 07:13 1830                       /snap/dbeaver-ce/543/usr/share/dbeaver-ce/jre/lib/libawt_xawt.so
7032d0056000-7032d006a000 r--p 00054000 07:13 1830                       /snap/dbeaver-ce/543/usr/share/dbeaver-ce/jre/lib/libawt_xawt.so
7032d006a000-7032d006c000 r--p 00067000 07:13 1830                       /snap/dbeaver-ce/543/usr/share/dbeaver-ce/jre/lib/libawt_xawt.so
7032d006c000-7032d006e000 rw-p 00069000 07:13 1830                       /snap/dbeaver-ce/543/usr/share/dbeaver-ce/jre/lib/libawt_xawt.so
7032d006e000-7032d0070000 rw-p 00000000 00:00 0 
7032d0070000-7032d0074000 r--p 00000000 07:13 1855                       /snap/dbeaver-ce/543/usr/share/dbeaver-ce/jre/lib/libverify.so
7032d0074000-7032d007d000 r-xp 00004000 07:13 1855                       /snap/dbeaver-ce/543/usr/share/dbeaver-ce/jre/lib/libverify.so
7032d007d000-7032d007f000 r--p 0000d000 07:13 1855                       /snap/dbeaver-ce/543/usr/share/dbeaver-ce/jre/lib/libverify.so
7032d007f000-7032d0081000 r--p 0000e000 07:13 1855                       /snap/dbeaver-ce/543/usr/share/dbeaver-ce/jre/lib/libverify.so
7032d0081000-7032d0082000 rw-p 00010000 07:13 1855                       /snap/dbeaver-ce/543/usr/share/dbeaver-ce/jre/lib/libverify.so
7032d0082000-7032d0090000 r--s 00000000 08:02 3408276                    /var/cache/fontconfig/a4e60e8d1e10d2fdff3fe3037a1845fb-le64.cache-9
7032d0090000-7032d00ee000 r--s 00000000 08:02 3408261                    /var/cache/fontconfig/2300eef321c393bfd76478a5c0e95b23-le64.cache-9
7032d00ee000-7032d0163000 r--s 00000000 08:02 3408259                    /var/cache/fontconfig/0bd3dc0958fa2205aaaa8ebb13e2872b-le64.cache-9
7032d0163000-7032d016b000 r--s 00000000 08:02 3408262                    /var/cache/fontconfig/3047814df9a2f067bd2d96a2b9c36e5a-le64.cache-9
7032d016b000-7032d0178000 r--s 00000000 08:02 3412485                    /var/cache/fontconfig/d589a48862398ed80a3d6066f4f56f4c-le64.cache-9
7032d0178000-7032d0188000 r--s 00000000 08:02 3408270                    /var/cache/fontconfig/6cc790b63b123a6a96ee260fcdad32a9-le64.cache-9
7032d0188000-7032d0199000 r--s 00000000 08:02 3408274                    /var/cache/fontconfig/9b89f8e3dae116d678bbf48e5f21f69b-le64.cache-9
7032d0199000-7032d01aa000 r--s 00000000 08:02 3408282                    /var/cache/fontconfig/e13b20fdb08344e0e664864cc2ede53d-le64.cache-9
7032d01aa000-7032d01d1000 r--s 00000000 08:02 1450897                    /usr/share/mime/mime.cache
7032d01d1000-7032d01e3000 r--p 00000000 08:02 1312518                    /usr/lib/x86_64-linux-gnu/gvfs/libgvfscommon.so
7032d01e3000-7032d01ff000 r-xp 00012000 08:02 1312518                    /usr/lib/x86_64-linux-gnu/gvfs/libgvfscommon.so
7032d01ff000-7032d020b000 r--p 0002e000 08:02 1312518                    /usr/lib/x86_64-linux-gnu/gvfs/libgvfscommon.so
7032d020b000-7032d0211000 r--p 00039000 08:02 1312518                    /usr/lib/x86_64-linux-gnu/gvfs/libgvfscommon.so
7032d0211000-7032d0212000 rw-p 0003f000 08:02 1312518                    /usr/lib/x86_64-linux-gnu/gvfs/libgvfscommon.so
7032d0212000-7032d021c000 r--p 00000000 08:02 1445103                    /usr/lib/x86_64-linux-gnu/gio/modules/libgvfsdbus.so
7032d021c000-7032d023a000 r-xp 0000a000 08:02 1445103                    /usr/lib/x86_64-linux-gnu/gio/modules/libgvfsdbus.so
7032d023a000-7032d0242000 r--p 00028000 08:02 1445103                    /usr/lib/x86_64-linux-gnu/gio/modules/libgvfsdbus.so
7032d0242000-7032d0244000 r--p 00030000 08:02 1445103                    /usr/lib/x86_64-linux-gnu/gio/modules/libgvfsdbus.so
7032d0244000-7032d0245000 rw-p 00032000 08:02 1445103                    /usr/lib/x86_64-linux-gnu/gio/modules/libgvfsdbus.so
7032d0245000-7032d02f9000 r--p 00000000 08:02 1714905                    /usr/share/themes/Yaru/gtk-3.0/gtk.gresource
7032d02f9000-7032d0539000 rw-s 00000000 00:01 3135                       /memfd:wayland-cursor (deleted)
7032d0539000-7032d0561000 r--p 00000000 08:02 1442542                    /usr/share/glib-2.0/schemas/gschemas.compiled
7032d0561000-7032d0585000 r--p 00000000 08:02 1603970                    /usr/share/locale-langpack/es/LC_MESSAGES/glib20.mo
7032d0585000-7032d0586000 ---p 00000000 00:00 0 
7032d0586000-7032d0d86000 rw-p 00000000 00:00 0 
7032d0d86000-7032d0d87000 ---p 00000000 00:00 0 
7032d0d87000-7032d1587000 rw-p 00000000 00:00 0 
7032d1587000-7032d1588000 ---p 00000000 00:00 0 
7032d1588000-7032d1d88000 rw-p 00000000 00:00 0 
7032d1d88000-7032d1dbd000 r--p 00000000 08:02 1604031                    /usr/share/locale-langpack/es/LC_MESSAGES/gtk30-properties.mo
7032d1dbd000-7032d1dd9000 r--p 00000000 08:02 1604032                    /usr/share/locale-langpack/es/LC_MESSAGES/gtk30.mo
7032d1dd9000-7032d1ddd000 r--p 00000000 08:02 1322444                    /usr/lib/x86_64-linux-gnu/libgpg-error.so.0.34.0
7032d1ddd000-7032d1df3000 r-xp 00004000 08:02 1322444                    /usr/lib/x86_64-linux-gnu/libgpg-error.so.0.34.0
7032d1df3000-7032d1dfc000 r--p 0001a000 08:02 1322444                    /usr/lib/x86_64-linux-gnu/libgpg-error.so.0.34.0
7032d1dfc000-7032d1dfd000 r--p 00023000 08:02 1322444                    /usr/lib/x86_64-linux-gnu/libgpg-error.so.0.34.0
7032d1dfd000-7032d1dfe000 rw-p 00024000 08:02 1322444                    /usr/lib/x86_64-linux-gnu/libgpg-error.so.0.34.0
7032d1dfe000-7032d1e02000 r--p 00000000 08:02 1322928                    /usr/lib/x86_64-linux-gnu/libzstd.so.1.5.5
7032d1e02000-7032d1ea9000 r-xp 00004000 08:02 1322928                    /usr/lib/x86_64-linux-gnu/libzstd.so.1.5.5
7032d1ea9000-7032d1eb6000 r--p 000ab000 08:02 1322928                    /usr/lib/x86_64-linux-gnu/libzstd.so.1.5.5
7032d1eb6000-7032d1eb7000 r--p 000b7000 08:02 1322928                    /usr/lib/x86_64-linux-gnu/libzstd.so.1.5.5
7032d1eb7000-7032d1eb8000 rw-p 000b8000 08:02 1322928                    /usr/lib/x86_64-linux-gnu/libzstd.so.1.5.5
7032d1eb8000-7032d1ec7000 r--p 00000000 08:02 1313439                    /usr/lib/x86_64-linux-gnu/libgcrypt.so.20.4.3
7032d1ec7000-7032d1fbb000 r-xp 0000f000 08:02 1313439                    /usr/lib/x86_64-linux-gnu/libgcrypt.so.20.4.3
7032d1fbb000-7032d1ff6000 r--p 00103000 08:02 1313439                    /usr/lib/x86_64-linux-gnu/libgcrypt.so.20.4.3
7032d1ff6000-7032d1ffb000 r--p 0013e000 08:02 1313439                    /usr/lib/x86_64-linux-gnu/libgcrypt.so.20.4.3
7032d1ffb000-7032d1fff000 rw-p 00143000 08:02 1313439                    /usr/lib/x86_64-linux-gnu/libgcrypt.so.20.4.3
7032d1fff000-7032d4021000 rw-p 00000000 00:00 0 
7032d4021000-7032d8000000 ---p 00000000 00:00 0 
7032d8000000-7032d8021000 rw-p 00000000 00:00 0 
7032d8021000-7032dc000000 ---p 00000000 00:00 0 
7032dc000000-7032dc021000 rw-p 00000000 00:00 0 
7032dc021000-7032e0000000 ---p 00000000 00:00 0 
7032e0001000-7032e0007000 r--p 00000000 08:02 1603950                    /usr/share/locale-langpack/es/LC_MESSAGES/gdk-pixbuf.mo
7032e0007000-7032e000a000 r--p 00000000 08:02 1312667                    /usr/lib/x86_64-linux-gnu/liblzma.so.5.4.5
7032e000a000-7032e002c000 r-xp 00003000 08:02 1312667                    /usr/lib/x86_64-linux-gnu/liblzma.so.5.4.5
7032e002c000-7032e0037000 r--p 00025000 08:02 1312667                    /usr/lib/x86_64-linux-gnu/liblzma.so.5.4.5
7032e0037000-7032e0038000 r--p 00030000 08:02 1312667                    /usr/lib/x86_64-linux-gnu/liblzma.so.5.4.5
7032e0038000-7032e0039000 rw-p 00031000 08:02 1312667                    /usr/lib/x86_64-linux-gnu/liblzma.so.5.4.5
7032e0039000-7032e003c000 r--p 00000000 08:02 1322568                    /usr/lib/x86_64-linux-gnu/liblz4.so.1.9.4
7032e003c000-7032e0057000 r-xp 00003000 08:02 1322568                    /usr/lib/x86_64-linux-gnu/liblz4.so.1.9.4
7032e0057000-7032e0059000 r--p 0001e000 08:02 1322568                    /usr/lib/x86_64-linux-gnu/liblz4.so.1.9.4
7032e0059000-7032e005a000 r--p 00020000 08:02 1322568                    /usr/lib/x86_64-linux-gnu/liblz4.so.1.9.4
7032e005a000-7032e005b000 rw-p 00021000 08:02 1322568                    /usr/lib/x86_64-linux-gnu/liblz4.so.1.9.4
7032e005b000-7032e0071000 r--p 00000000 08:02 1313247                    /usr/lib/x86_64-linux-gnu/libsystemd.so.0.38.0
7032e0071000-7032e0100000 r-xp 00016000 08:02 1313247                    /usr/lib/x86_64-linux-gnu/libsystemd.so.0.38.0
7032e0100000-7032e012e000 r--p 000a5000 08:02 1313247                    /usr/lib/x86_64-linux-gnu/libsystemd.so.0.38.0
7032e012e000-7032e0139000 r--p 000d2000 08:02 1313247                    /usr/lib/x86_64-linux-gnu/libsystemd.so.0.38.0
7032e0139000-7032e013a000 rw-p 000dd000 08:02 1313247                    /usr/lib/x86_64-linux-gnu/libsystemd.so.0.38.0
7032e013a000-7032e013b000 rw-p 00000000 00:00 0 
7032e013b000-7032e0147000 r--p 00000000 08:02 1322306                    /usr/lib/x86_64-linux-gnu/libdbus-1.so.3.32.4
7032e0147000-7032e0177000 r-xp 0000c000 08:02 1322306                    /usr/lib/x86_64-linux-gnu/libdbus-1.so.3.32.4
7032e0177000-7032e0188000 r--p 0003c000 08:02 1322306                    /usr/lib/x86_64-linux-gnu/libdbus-1.so.3.32.4
7032e0188000-7032e0189000 r--p 0004c000 08:02 1322306                    /usr/lib/x86_64-linux-gnu/libdbus-1.so.3.32.4
7032e0189000-7032e018a000 rw-p 0004d000 08:02 1322306                    /usr/lib/x86_64-linux-gnu/libdbus-1.so.3.32.4
7032e018a000-7032e019a000 r--p 00000000 08:02 1322228                    /usr/lib/x86_64-linux-gnu/libatspi.so.0.0.1
7032e019a000-7032e01b3000 r-xp 00010000 08:02 1322228                    /usr/lib/x86_64-linux-gnu/libatspi.so.0.0.1
7032e01b3000-7032e01c0000 r--p 00029000 08:02 1322228                    /usr/lib/x86_64-linux-gnu/libatspi.so.0.0.1
7032e01c0000-7032e01c3000 r--p 00036000 08:02 1322228                    /usr/lib/x86_64-linux-gnu/libatspi.so.0.0.1
7032e01c3000-7032e01c4000 rw-p 00039000 08:02 1322228                    /usr/lib/x86_64-linux-gnu/libatspi.so.0.0.1
7032e01c4000-7032e01d0000 r--p 00000000 08:02 1322224                    /usr/lib/x86_64-linux-gnu/libatk-bridge-2.0.so.0.0.0
7032e01d0000-7032e01ea000 r-xp 0000c000 08:02 1322224                    /usr/lib/x86_64-linux-gnu/libatk-bridge-2.0.so.0.0.0
7032e01ea000-7032e01fd000 r--p 00026000 08:02 1322224                    /usr/lib/x86_64-linux-gnu/libatk-bridge-2.0.so.0.0.0
7032e01fd000-7032e01fe000 r--p 00039000 08:02 1322224                    /usr/lib/x86_64-linux-gnu/libatk-bridge-2.0.so.0.0.0
7032e01fe000-7032e0200000 rw-p 0003a000 08:02 1322224                    /usr/lib/x86_64-linux-gnu/libatk-bridge-2.0.so.0.0.0
7032e0200000-7032e0283000 r--p 00000000 08:02 1322477                    /usr/lib/x86_64-linux-gnu/libgtk-3.so.0.2409.32
7032e0283000-7032e0631000 r-xp 00083000 08:02 1322477                    /usr/lib/x86_64-linux-gnu/libgtk-3.so.0.2409.32
7032e0631000-7032e09b6000 r--p 00431000 08:02 1322477                    /usr/lib/x86_64-linux-gnu/libgtk-3.so.0.2409.32
7032e09b6000-7032e09c6000 r--p 007b5000 08:02 1322477                    /usr/lib/x86_64-linux-gnu/libgtk-3.so.0.2409.32
7032e09c6000-7032e09c8000 rw-p 007c5000 08:02 1322477                    /usr/lib/x86_64-linux-gnu/libgtk-3.so.0.2409.32
7032e09c8000-7032e09cd000 rw-p 00000000 00:00 0 
7032e09cd000-7032e09ce000 r--p 00000000 07:13 1836                       /snap/dbeaver-ce/543/usr/share/dbeaver-ce/jre/lib/libjaas.so
7032e09ce000-7032e09cf000 r-xp 00001000 07:13 1836                       /snap/dbeaver-ce/543/usr/share/dbeaver-ce/jre/lib/libjaas.so
7032e09cf000-7032e09d0000 r--p 00002000 07:13 1836                       /snap/dbeaver-ce/543/usr/share/dbeaver-ce/jre/lib/libjaas.so
7032e09d0000-7032e09d1000 r--p 00002000 07:13 1836                       /snap/dbeaver-ce/543/usr/share/dbeaver-ce/jre/lib/libjaas.so
7032e09d1000-7032e09d2000 rw-p 00003000 07:13 1836                       /snap/dbeaver-ce/543/usr/share/dbeaver-ce/jre/lib/libjaas.so
7032e09d2000-7032e09d5000 r--p 00000000 08:02 1313579                    /usr/lib/x86_64-linux-gnu/libcap.so.2.66
7032e09d5000-7032e09db000 r-xp 00003000 08:02 1313579                    /usr/lib/x86_64-linux-gnu/libcap.so.2.66
7032e09db000-7032e09dd000 r--p 00009000 08:02 1313579                    /usr/lib/x86_64-linux-gnu/libcap.so.2.66
7032e09dd000-7032e09de000 r--p 0000b000 08:02 1313579                    /usr/lib/x86_64-linux-gnu/libcap.so.2.66
7032e09de000-7032e09df000 rw-p 0000c000 08:02 1313579                    /usr/lib/x86_64-linux-gnu/libcap.so.2.66
7032e09df000-7032e09ea000 r--p 00000000 08:02 1322223                    /usr/lib/x86_64-linux-gnu/libatk-1.0.so.0.25209.1
7032e09ea000-7032e09fa000 r-xp 0000b000 08:02 1322223                    /usr/lib/x86_64-linux-gnu/libatk-1.0.so.0.25209.1
7032e09fa000-7032e0a05000 r--p 0001b000 08:02 1322223                    /usr/lib/x86_64-linux-gnu/libatk-1.0.so.0.25209.1
7032e0a05000-7032e0a08000 r--p 00026000 08:02 1322223                    /usr/lib/x86_64-linux-gnu/libatk-1.0.so.0.25209.1
7032e0a08000-7032e0a09000 rw-p 00029000 08:02 1322223                    /usr/lib/x86_64-linux-gnu/libatk-1.0.so.0.25209.1
7032e0a09000-7032e0a0b000 r--p 00000000 08:02 1322583                    /usr/lib/x86_64-linux-gnu/libmd.so.0.1.0
7032e0a0b000-7032e0a14000 r-xp 00002000 08:02 1322583                    /usr/lib/x86_64-linux-gnu/libmd.so.0.1.0
7032e0a14000-7032e0a16000 r--p 0000b000 08:02 1322583                    /usr/lib/x86_64-linux-gnu/libmd.so.0.1.0
7032e0a16000-7032e0a17000 r--p 0000c000 08:02 1322583                    /usr/lib/x86_64-linux-gnu/libmd.so.0.1.0
7032e0a17000-7032e0a18000 rw-p 0000d000 08:02 1322583                    /usr/lib/x86_64-linux-gnu/libmd.so.0.1.0
7032e0a18000-7032e0a1c000 r--p 00000000 08:02 1322263                    /usr/lib/x86_64-linux-gnu/libbsd.so.0.12.1
7032e0a1c000-7032e0a28000 r-xp 00004000 08:02 1322263                    /usr/lib/x86_64-linux-gnu/libbsd.so.0.12.1
7032e0a28000-7032e0a2b000 r--p 00010000 08:02 1322263                    /usr/lib/x86_64-linux-gnu/libbsd.so.0.12.1
7032e0a2b000-7032e0a2c000 r--p 00012000 08:02 1322263                    /usr/lib/x86_64-linux-gnu/libbsd.so.0.12.1
7032e0a2c000-7032e0a2d000 rw-p 00013000 08:02 1322263                    /usr/lib/x86_64-linux-gnu/libbsd.so.0.12.1
7032e0a2d000-7032e0a2e000 rw-p 00000000 00:00 0 
7032e0a2e000-7032e0a2f000 r--p 00000000 08:02 1322260                    /usr/lib/x86_64-linux-gnu/libbrotlicommon.so.1.1.0
7032e0a2f000-7032e0a30000 r-xp 00001000 08:02 1322260                    /usr/lib/x86_64-linux-gnu/libbrotlicommon.so.1.1.0
7032e0a30000-7032e0a4f000 r--p 00002000 08:02 1322260                    /usr/lib/x86_64-linux-gnu/libbrotlicommon.so.1.1.0
7032e0a4f000-7032e0a50000 r--p 00021000 08:02 1322260                    /usr/lib/x86_64-linux-gnu/libbrotlicommon.so.1.1.0
7032e0a50000-7032e0a51000 rw-p 00022000 08:02 1322260                    /usr/lib/x86_64-linux-gnu/libbrotlicommon.so.1.1.0
7032e0a51000-7032e0a58000 r--p 00000000 08:02 1313576                    /usr/lib/x86_64-linux-gnu/libblkid.so.1.1.0
7032e0a58000-7032e0a7c000 r-xp 00007000 08:02 1313576                    /usr/lib/x86_64-linux-gnu/libblkid.so.1.1.0
7032e0a7c000-7032e0a85000 r--p 0002b000 08:02 1313576                    /usr/lib/x86_64-linux-gnu/libblkid.so.1.1.0
7032e0a85000-7032e0a8b000 r--p 00033000 08:02 1313576                    /usr/lib/x86_64-linux-gnu/libblkid.so.1.1.0
7032e0a8b000-7032e0a8c000 rw-p 00039000 08:02 1313576                    /usr/lib/x86_64-linux-gnu/libblkid.so.1.1.0
7032e0a8c000-7032e0a8f000 r--p 00000000 08:02 1311507                    /usr/lib/x86_64-linux-gnu/libgraphite2.so.3.2.1
7032e0a8f000-7032e0aac000 r-xp 00003000 08:02 1311507                    /usr/lib/x86_64-linux-gnu/libgraphite2.so.3.2.1
7032e0aac000-7032e0aaf000 r--p 00020000 08:02 1311507                    /usr/lib/x86_64-linux-gnu/libgraphite2.so.3.2.1
7032e0aaf000-7032e0ab1000 r--p 00022000 08:02 1311507                    /usr/lib/x86_64-linux-gnu/libgraphite2.so.3.2.1
7032e0ab1000-7032e0ab2000 rw-p 00024000 08:02 1311507                    /usr/lib/x86_64-linux-gnu/libgraphite2.so.3.2.1
7032e0ab2000-7032e0ab4000 r--p 00000000 08:02 1322304                    /usr/lib/x86_64-linux-gnu/libdatrie.so.1.4.0
7032e0ab4000-7032e0ab8000 r-xp 00002000 08:02 1322304                    /usr/lib/x86_64-linux-gnu/libdatrie.so.1.4.0
7032e0ab8000-7032e0ab9000 r--p 00006000 08:02 1322304                    /usr/lib/x86_64-linux-gnu/libdatrie.so.1.4.0
7032e0ab9000-7032e0aba000 r--p 00006000 08:02 1322304                    /usr/lib/x86_64-linux-gnu/libdatrie.so.1.4.0
7032e0aba000-7032e0abb000 rw-p 00007000 08:02 1322304                    /usr/lib/x86_64-linux-gnu/libdatrie.so.1.4.0
7032e0abb000-7032e0abd000 r--p 00000000 08:02 1322121                    /usr/lib/x86_64-linux-gnu/libXdmcp.so.6.0.0
7032e0abd000-7032e0abf000 r-xp 00002000 08:02 1322121                    /usr/lib/x86_64-linux-gnu/libXdmcp.so.6.0.0
7032e0abf000-7032e0ac1000 r--p 00004000 08:02 1322121                    /usr/lib/x86_64-linux-gnu/libXdmcp.so.6.0.0
7032e0ac1000-7032e0ac2000 r--p 00005000 08:02 1322121                    /usr/lib/x86_64-linux-gnu/libXdmcp.so.6.0.0
7032e0ac2000-7032e0ac3000 rw-p 00006000 08:02 1322121                    /usr/lib/x86_64-linux-gnu/libXdmcp.so.6.0.0
7032e0ac3000-7032e0ac4000 r--p 00000000 08:02 1322116                    /usr/lib/x86_64-linux-gnu/libXau.so.6.0.0
7032e0ac4000-7032e0ac6000 r-xp 00001000 08:02 1322116                    /usr/lib/x86_64-linux-gnu/libXau.so.6.0.0
7032e0ac6000-7032e0ac7000 r--p 00003000 08:02 1322116                    /usr/lib/x86_64-linux-gnu/libXau.so.6.0.0
7032e0ac7000-7032e0ac8000 r--p 00003000 08:02 1322116                    /usr/lib/x86_64-linux-gnu/libXau.so.6.0.0
7032e0ac8000-7032e0ac9000 rw-p 00004000 08:02 1322116                    /usr/lib/x86_64-linux-gnu/libXau.so.6.0.0
7032e0ac9000-7032e0aca000 r--p 00000000 08:02 1322261                    /usr/lib/x86_64-linux-gnu/libbrotlidec.so.1.1.0
7032e0aca000-7032e0ad2000 r-xp 00001000 08:02 1322261                    /usr/lib/x86_64-linux-gnu/libbrotlidec.so.1.1.0
7032e0ad2000-7032e0ad5000 r--p 00009000 08:02 1322261                    /usr/lib/x86_64-linux-gnu/libbrotlidec.so.1.1.0
7032e0ad5000-7032e0ad6000 r--p 0000b000 08:02 1322261                    /usr/lib/x86_64-linux-gnu/libbrotlidec.so.1.1.0
7032e0ad6000-7032e0ad7000 rw-p 0000c000 08:02 1322261                    /usr/lib/x86_64-linux-gnu/libbrotlidec.so.1.1.0
7032e0ad7000-7032e0ad9000 r--p 00000000 08:02 1322265                    /usr/lib/x86_64-linux-gnu/libbz2.so.1.0.4
7032e0ad9000-7032e0ae7000 r-xp 00002000 08:02 1322265                    /usr/lib/x86_64-linux-gnu/libbz2.so.1.0.4
7032e0ae7000-7032e0ae9000 r--p 00010000 08:02 1322265                    /usr/lib/x86_64-linux-gnu/libbz2.so.1.0.4
7032e0ae9000-7032e0aea000 r--p 00011000 08:02 1322265                    /usr/lib/x86_64-linux-gnu/libbz2.so.1.0.4
7032e0aea000-7032e0aeb000 rw-p 00012000 08:02 1322265                    /usr/lib/x86_64-linux-gnu/libbz2.so.1.0.4
7032e0aeb000-7032e0af3000 r--p 00000000 08:02 1322675                    /usr/lib/x86_64-linux-gnu/libpangoft2-1.0.so.0.5200.1
7032e0af3000-7032e0b00000 r-xp 00008000 08:02 1322675                    /usr/lib/x86_64-linux-gnu/libpangoft2-1.0.so.0.5200.1
7032e0b00000-7032e0b04000 r--p 00015000 08:02 1322675                    /usr/lib/x86_64-linux-gnu/libpangoft2-1.0.so.0.5200.1
7032e0b04000-7032e0b05000 r--p 00019000 08:02 1322675                    /usr/lib/x86_64-linux-gnu/libpangoft2-1.0.so.0.5200.1
7032e0b05000-7032e0b06000 rw-p 0001a000 08:02 1322675                    /usr/lib/x86_64-linux-gnu/libpangoft2-1.0.so.0.5200.1
7032e0b06000-7032e0b0c000 r--p 00000000 08:02 1322758                    /usr/lib/x86_64-linux-gnu/libselinux.so.1
7032e0b0c000-7032e0b29000 r-xp 00006000 08:02 1322758                    /usr/lib/x86_64-linux-gnu/libselinux.so.1
7032e0b29000-7032e0b2f000 r--p 00023000 08:02 1322758                    /usr/lib/x86_64-linux-gnu/libselinux.so.1
7032e0b2f000-7032e0b30000 r--p 00029000 08:02 1322758                    /usr/lib/x86_64-linux-gnu/libselinux.so.1
7032e0b30000-7032e0b31000 rw-p 0002a000 08:02 1322758                    /usr/lib/x86_64-linux-gnu/libselinux.so.1
7032e0b31000-7032e0b33000 rw-p 00000000 00:00 0 
7032e0b33000-7032e0b3c000 r--p 00000000 08:02 1314759                    /usr/lib/x86_64-linux-gnu/libmount.so.1.1.0
7032e0b3c000-7032e0b70000 r-xp 00009000 08:02 1314759                    /usr/lib/x86_64-linux-gnu/libmount.so.1.1.0
7032e0b70000-7032e0b7d000 r--p 0003d000 08:02 1314759                    /usr/lib/x86_64-linux-gnu/libmount.so.1.1.0
7032e0b7d000-7032e0b7f000 r--p 00049000 08:02 1314759                    /usr/lib/x86_64-linux-gnu/libmount.so.1.1.0
7032e0b7f000-7032e0b80000 rw-p 0004b000 08:02 1314759                    /usr/lib/x86_64-linux-gnu/libmount.so.1.1.0
7032e0b80000-7032e0b84000 r--p 00000000 08:02 1311236                    /usr/lib/x86_64-linux-gnu/libexpat.so.1.9.1
7032e0b84000-7032e0ba1000 r-xp 00004000 08:02 1311236                    /usr/lib/x86_64-linux-gnu/libexpat.so.1.9.1
7032e0ba1000-7032e0ba9000 r--p 00021000 08:02 1311236                    /usr/lib/x86_64-linux-gnu/libexpat.so.1.9.1
7032e0ba9000-7032e0bab000 r--p 00028000 08:02 1311236                    /usr/lib/x86_64-linux-gnu/libexpat.so.1.9.1
7032e0bab000-7032e0bac000 rw-p 0002a000 08:02 1311236                    /usr/lib/x86_64-linux-gnu/libexpat.so.1.9.1
7032e0bac000-7032e0bb7000 r--p 00000000 08:02 1322494                    /usr/lib/x86_64-linux-gnu/libharfbuzz.so.0.60830.0
7032e0bb7000-7032e0c85000 r-xp 0000b000 08:02 1322494                    /usr/lib/x86_64-linux-gnu/libharfbuzz.so.0.60830.0
7032e0c85000-7032e0cb7000 r--p 000d9000 08:02 1322494                    /usr/lib/x86_64-linux-gnu/libharfbuzz.so.0.60830.0
7032e0cb7000-7032e0cb8000 r--p 0010b000 08:02 1322494                    /usr/lib/x86_64-linux-gnu/libharfbuzz.so.0.60830.0
7032e0cb8000-7032e0cb9000 rw-p 0010c000 08:02 1322494                    /usr/lib/x86_64-linux-gnu/libharfbuzz.so.0.60830.0
7032e0cb9000-7032e0cbb000 r--p 00000000 08:02 1322807                    /usr/lib/x86_64-linux-gnu/libthai.so.0.3.1
7032e0cbb000-7032e0cbf000 r-xp 00002000 08:02 1322807                    /usr/lib/x86_64-linux-gnu/libthai.so.0.3.1
7032e0cbf000-7032e0cc2000 r--p 00006000 08:02 1322807                    /usr/lib/x86_64-linux-gnu/libthai.so.0.3.1
7032e0cc2000-7032e0cc3000 r--p 00008000 08:02 1322807                    /usr/lib/x86_64-linux-gnu/libthai.so.0.3.1
7032e0cc3000-7032e0cc4000 rw-p 00009000 08:02 1322807                    /usr/lib/x86_64-linux-gnu/libthai.so.0.3.1
7032e0cc4000-7032e0cce000 r--p 00000000 08:02 1322696                    /usr/lib/x86_64-linux-gnu/libpixman-1.so.0.42.2
7032e0cce000-7032e0d5b000 r-xp 0000a000 08:02 1322696                    /usr/lib/x86_64-linux-gnu/libpixman-1.so.0.42.2
7032e0d5b000-7032e0d6a000 r--p 00097000 08:02 1322696                    /usr/lib/x86_64-linux-gnu/libpixman-1.so.0.42.2
7032e0d6a000-7032e0d72000 r--p 000a5000 08:02 1322696                    /usr/lib/x86_64-linux-gnu/libpixman-1.so.0.42.2
7032e0d72000-7032e0d73000 rw-p 000ad000 08:02 1322696                    /usr/lib/x86_64-linux-gnu/libpixman-1.so.0.42.2
7032e0d73000-7032e0d74000 r--p 00000000 08:02 1322906                    /usr/lib/x86_64-linux-gnu/libxcb-shm.so.0.0.0
7032e0d74000-7032e0d75000 r-xp 00001000 08:02 1322906                    /usr/lib/x86_64-linux-gnu/libxcb-shm.so.0.0.0
7032e0d75000-7032e0d76000 r--p 00002000 08:02 1322906                    /usr/lib/x86_64-linux-gnu/libxcb-shm.so.0.0.0
7032e0d76000-7032e0d77000 r--p 00002000 08:02 1322906                    /usr/lib/x86_64-linux-gnu/libxcb-shm.so.0.0.0
7032e0d77000-7032e0d78000 rw-p 00003000 08:02 1322906                    /usr/lib/x86_64-linux-gnu/libxcb-shm.so.0.0.0
7032e0d78000-7032e0d7d000 r--p 00000000 08:02 1322903                    /usr/lib/x86_64-linux-gnu/libxcb-render.so.0.0.0
7032e0d7d000-7032e0d82000 r-xp 00005000 08:02 1322903                    /usr/lib/x86_64-linux-gnu/libxcb-render.so.0.0.0
7032e0d82000-7032e0d85000 r--p 0000a000 08:02 1322903                    /usr/lib/x86_64-linux-gnu/libxcb-render.so.0.0.0
7032e0d85000-7032e0d86000 r--p 0000c000 08:02 1322903                    /usr/lib/x86_64-linux-gnu/libxcb-render.so.0.0.0
7032e0d86000-7032e0d87000 rw-p 0000d000 08:02 1322903                    /usr/lib/x86_64-linux-gnu/libxcb-render.so.0.0.0
7032e0d87000-7032e0d92000 r--p 00000000 08:02 1322912                    /usr/lib/x86_64-linux-gnu/libxcb.so.1.1.0
7032e0d92000-7032e0da5000 r-xp 0000b000 08:02 1322912                    /usr/lib/x86_64-linux-gnu/libxcb.so.1.1.0
7032e0da5000-7032e0dae000 r--p 0001e000 08:02 1322912                    /usr/lib/x86_64-linux-gnu/libxcb.so.1.1.0
7032e0dae000-7032e0daf000 r--p 00026000 08:02 1322912                    /usr/lib/x86_64-linux-gnu/libxcb.so.1.1.0
7032e0daf000-7032e0db0000 rw-p 00027000 08:02 1322912                    /usr/lib/x86_64-linux-gnu/libxcb.so.1.1.0
7032e0db0000-7032e0dbd000 r--p 00000000 08:02 1311931                    /usr/lib/x86_64-linux-gnu/libfreetype.so.6.20.1
7032e0dbd000-7032e0e4e000 r-xp 0000d000 08:02 1311931                    /usr/lib/x86_64-linux-gnu/libfreetype.so.6.20.1
7032e0e4e000-7032e0e74000 r--p 0009e000 08:02 1311931                    /usr/lib/x86_64-linux-gnu/libfreetype.so.6.20.1
7032e0e74000-7032e0e7b000 r--p 000c4000 08:02 1311931                    /usr/lib/x86_64-linux-gnu/libfreetype.so.6.20.1
7032e0e7b000-7032e0e7c000 rw-p 000cb000 08:02 1311931                    /usr/lib/x86_64-linux-gnu/libfreetype.so.6.20.1
7032e0e7c000-7032e0e7e000 r--p 00000000 08:02 1322927                    /usr/lib/x86_64-linux-gnu/libz.so.1.3
7032e0e7e000-7032e0e90000 r-xp 00002000 08:02 1322927                    /usr/lib/x86_64-linux-gnu/libz.so.1.3
7032e0e90000-7032e0e96000 r--p 00014000 08:02 1322927                    /usr/lib/x86_64-linux-gnu/libz.so.1.3
7032e0e96000-7032e0e97000 r--p 0001a000 08:02 1322927                    /usr/lib/x86_64-linux-gnu/libz.so.1.3
7032e0e97000-7032e0e98000 rw-p 0001b000 08:02 1322927                    /usr/lib/x86_64-linux-gnu/libz.so.1.3
7032e0e98000-7032e17b8000 rwxp 00000000 00:00 0 
7032e17b8000-7032e83d0000 ---p 00000000 00:00 0 
7032e83d0000-7032e8640000 rwxp 00000000 00:00 0 
7032e8640000-7032e8961000 ---p 00000000 00:00 0 
7032e8961000-7032e8bd1000 rwxp 00000000 00:00 0 
7032e8bd1000-7032efe99000 ---p 00000000 00:00 0 
7032efe99000-7032f4000000 r--s 00000000 07:13 1857                       /snap/dbeaver-ce/543/usr/share/dbeaver-ce/jre/lib/modules
7032f4000000-7032f5c63000 rw-p 00000000 00:00 0 
7032f5c63000-7032f8000000 ---p 00000000 00:00 0 
7032f8000000-7032f8002000 r--p 00000000 08:02 1322132                    /usr/lib/x86_64-linux-gnu/libXrender.so.1.3.0
7032f8002000-7032f8009000 r-xp 00002000 08:02 1322132                    /usr/lib/x86_64-linux-gnu/libXrender.so.1.3.0
7032f8009000-7032f800a000 r--p 00009000 08:02 1322132                    /usr/lib/x86_64-linux-gnu/libXrender.so.1.3.0
7032f800a000-7032f800b000 r--p 00009000 08:02 1322132                    /usr/lib/x86_64-linux-gnu/libXrender.so.1.3.0
7032f800b000-7032f800c000 rw-p 0000a000 08:02 1322132                    /usr/lib/x86_64-linux-gnu/libXrender.so.1.3.0
7032f800c000-7032f800e000 r--p 00000000 08:02 1322687                    /usr/lib/x86_64-linux-gnu/libpcre2-8.so.0.11.2
7032f800e000-7032f807c000 r-xp 00002000 08:02 1322687                    /usr/lib/x86_64-linux-gnu/libpcre2-8.so.0.11.2
7032f807c000-7032f80a4000 r--p 00070000 08:02 1322687                    /usr/lib/x86_64-linux-gnu/libpcre2-8.so.0.11.2
7032f80a4000-7032f80a5000 r--p 00097000 08:02 1322687                    /usr/lib/x86_64-linux-gnu/libpcre2-8.so.0.11.2
7032f80a5000-7032f80a6000 rw-p 00098000 08:02 1322687                    /usr/lib/x86_64-linux-gnu/libpcre2-8.so.0.11.2
7032f80a6000-7032f80a8000 r--p 00000000 08:02 1322371                    /usr/lib/x86_64-linux-gnu/libffi.so.8.1.4
7032f80a8000-7032f80af000 r-xp 00002000 08:02 1322371                    /usr/lib/x86_64-linux-gnu/libffi.so.8.1.4
7032f80af000-7032f80b0000 r--p 00009000 08:02 1322371                    /usr/lib/x86_64-linux-gnu/libffi.so.8.1.4
7032f80b0000-7032f80b1000 r--p 0000a000 08:02 1322371                    /usr/lib/x86_64-linux-gnu/libffi.so.8.1.4
7032f80b1000-7032f80b2000 rw-p 0000b000 08:02 1322371                    /usr/lib/x86_64-linux-gnu/libffi.so.8.1.4
7032f80b2000-7032f80b6000 r--p 00000000 08:02 1322544                    /usr/lib/x86_64-linux-gnu/libjpeg.so.8.2.2
7032f80b6000-7032f8103000 r-xp 00004000 08:02 1322544                    /usr/lib/x86_64-linux-gnu/libjpeg.so.8.2.2
7032f8103000-7032f8133000 r--p 00051000 08:02 1322544                    /usr/lib/x86_64-linux-gnu/libjpeg.so.8.2.2
7032f8133000-7032f8134000 r--p 00081000 08:02 1322544                    /usr/lib/x86_64-linux-gnu/libjpeg.so.8.2.2
7032f8134000-7032f8135000 rw-p 00082000 08:02 1322544                    /usr/lib/x86_64-linux-gnu/libjpeg.so.8.2.2
7032f8135000-7032f813a000 r--p 00000000 08:02 1311929                    /usr/lib/x86_64-linux-gnu/libpng16.so.16.43.0
7032f813a000-7032f8162000 r-xp 00005000 08:02 1311929                    /usr/lib/x86_64-linux-gnu/libpng16.so.16.43.0
7032f8162000-7032f816b000 r--p 0002d000 08:02 1311929                    /usr/lib/x86_64-linux-gnu/libpng16.so.16.43.0
7032f816b000-7032f816c000 r--p 00035000 08:02 1311929                    /usr/lib/x86_64-linux-gnu/libpng16.so.16.43.0
7032f816c000-7032f816d000 rw-p 00036000 08:02 1311929                    /usr/lib/x86_64-linux-gnu/libpng16.so.16.43.0
7032f816d000-7032f816f000 r--p 00000000 08:02 1322427                    /usr/lib/x86_64-linux-gnu/libgmodule-2.0.so.0.8000.0
7032f816f000-7032f8171000 r-xp 00002000 08:02 1322427                    /usr/lib/x86_64-linux-gnu/libgmodule-2.0.so.0.8000.0
7032f8171000-7032f8172000 r--p 00004000 08:02 1322427                    /usr/lib/x86_64-linux-gnu/libgmodule-2.0.so.0.8000.0
7032f8172000-7032f8173000 r--p 00004000 08:02 1322427                    /usr/lib/x86_64-linux-gnu/libgmodule-2.0.so.0.8000.0
7032f8173000-7032f8174000 rw-p 00005000 08:02 1322427                    /usr/lib/x86_64-linux-gnu/libgmodule-2.0.so.0.8000.0
7032f8174000-7032f8175000 r--p 00000000 08:02 1322127                    /usr/lib/x86_64-linux-gnu/libXinerama.so.1.0.0
7032f8175000-7032f8176000 r-xp 00001000 08:02 1322127                    /usr/lib/x86_64-linux-gnu/libXinerama.so.1.0.0
7032f8176000-7032f8177000 r--p 00002000 08:02 1322127                    /usr/lib/x86_64-linux-gnu/libXinerama.so.1.0.0
7032f8177000-7032f8178000 r--p 00002000 08:02 1322127                    /usr/lib/x86_64-linux-gnu/libXinerama.so.1.0.0
7032f8178000-7032f8179000 rw-p 00003000 08:02 1322127                    /usr/lib/x86_64-linux-gnu/libXinerama.so.1.0.0
7032f8179000-7032f817b000 r--p 00000000 08:02 1322131                    /usr/lib/x86_64-linux-gnu/libXrandr.so.2.2.0
7032f817b000-7032f8182000 r-xp 00002000 08:02 1322131                    /usr/lib/x86_64-linux-gnu/libXrandr.so.2.2.0
7032f8182000-7032f8184000 r--p 00009000 08:02 1322131                    /usr/lib/x86_64-linux-gnu/libXrandr.so.2.2.0
7032f8184000-7032f8185000 r--p 0000a000 08:02 1322131                    /usr/lib/x86_64-linux-gnu/libXrandr.so.2.2.0
7032f8185000-7032f8186000 rw-p 0000b000 08:02 1322131                    /usr/lib/x86_64-linux-gnu/libXrandr.so.2.2.0
7032f8186000-7032f8187000 r--p 00000000 08:02 1322118                    /usr/lib/x86_64-linux-gnu/libXcomposite.so.1.0.0
7032f8187000-7032f8188000 r-xp 00001000 08:02 1322118                    /usr/lib/x86_64-linux-gnu/libXcomposite.so.1.0.0
7032f8188000-7032f8189000 r--p 00002000 08:02 1322118                    /usr/lib/x86_64-linux-gnu/libXcomposite.so.1.0.0
7032f8189000-7032f818a000 r--p 00002000 08:02 1322118                    /usr/lib/x86_64-linux-gnu/libXcomposite.so.1.0.0
7032f818a000-7032f818b000 rw-p 00003000 08:02 1322118                    /usr/lib/x86_64-linux-gnu/libXcomposite.so.1.0.0
7032f818b000-7032f818d000 r--p 00000000 08:02 1322123                    /usr/lib/x86_64-linux-gnu/libXfixes.so.3.1.0
7032f818d000-7032f8190000 r-xp 00002000 08:02 1322123                    /usr/lib/x86_64-linux-gnu/libXfixes.so.3.1.0
7032f8190000-7032f8191000 r--p 00005000 08:02 1322123                    /usr/lib/x86_64-linux-gnu/libXfixes.so.3.1.0
7032f8191000-7032f8192000 r--p 00005000 08:02 1322123                    /usr/lib/x86_64-linux-gnu/libXfixes.so.3.1.0
7032f8192000-7032f8193000 rw-p 00006000 08:02 1322123                    /usr/lib/x86_64-linux-gnu/libXfixes.so.3.1.0
7032f8193000-7032f8194000 r--p 00000000 08:02 1322120                    /usr/lib/x86_64-linux-gnu/libXdamage.so.1.1.0
7032f8194000-7032f8195000 r-xp 00001000 08:02 1322120                    /usr/lib/x86_64-linux-gnu/libXdamage.so.1.1.0
7032f8195000-7032f8196000 r--p 00002000 08:02 1322120                    /usr/lib/x86_64-linux-gnu/libXdamage.so.1.1.0
7032f8196000-7032f8197000 r--p 00002000 08:02 1322120                    /usr/lib/x86_64-linux-gnu/libXdamage.so.1.1.0
7032f8197000-7032f8198000 rw-p 00003000 08:02 1322120                    /usr/lib/x86_64-linux-gnu/libXdamage.so.1.1.0
7032f8198000-7032f819a000 r--p 00000000 08:02 1322119                    /usr/lib/x86_64-linux-gnu/libXcursor.so.1.0.2
7032f819a000-7032f81a0000 r-xp 00002000 08:02 1322119                    /usr/lib/x86_64-linux-gnu/libXcursor.so.1.0.2
7032f81a0000-7032f81a2000 r--p 00008000 08:02 1322119                    /usr/lib/x86_64-linux-gnu/libXcursor.so.1.0.2
7032f81a2000-7032f81a3000 r--p 00009000 08:02 1322119                    /usr/lib/x86_64-linux-gnu/libXcursor.so.1.0.2
7032f81a3000-7032f81a4000 rw-p 0000a000 08:02 1322119                    /usr/lib/x86_64-linux-gnu/libXcursor.so.1.0.2
7032f81a4000-7032f81a8000 r--p 00000000 08:02 1322122                    /usr/lib/x86_64-linux-gnu/libXext.so.6.4.0
7032f81a8000-7032f81b3000 r-xp 00004000 08:02 1322122                    /usr/lib/x86_64-linux-gnu/libXext.so.6.4.0
7032f81b3000-7032f81b6000 r--p 0000f000 08:02 1322122                    /usr/lib/x86_64-linux-gnu/libXext.so.6.4.0
7032f81b6000-7032f81b7000 r--p 00011000 08:02 1322122                    /usr/lib/x86_64-linux-gnu/libXext.so.6.4.0
7032f81b7000-7032f81b8000 rw-p 00012000 08:02 1322122                    /usr/lib/x86_64-linux-gnu/libXext.so.6.4.0
7032f81b8000-7032f81bb000 r--p 00000000 08:02 1322126                    /usr/lib/x86_64-linux-gnu/libXi.so.6.1.0
7032f81bb000-7032f81c7000 r-xp 00003000 08:02 1322126                    /usr/lib/x86_64-linux-gnu/libXi.so.6.1.0
7032f81c7000-7032f81c9000 r--p 0000f000 08:02 1322126                    /usr/lib/x86_64-linux-gnu/libXi.so.6.1.0
7032f81c9000-7032f81ca000 r--p 00011000 08:02 1322126                    /usr/lib/x86_64-linux-gnu/libXi.so.6.1.0
7032f81ca000-7032f81cb000 rw-p 00012000 08:02 1322126                    /usr/lib/x86_64-linux-gnu/libXi.so.6.1.0
7032f81cb000-7032f81e4000 r--p 00000000 08:02 1322114                    /usr/lib/x86_64-linux-gnu/libX11.so.6.4.0
7032f81e4000-7032f8274000 r-xp 00019000 08:02 1322114                    /usr/lib/x86_64-linux-gnu/libX11.so.6.4.0
7032f8274000-7032f8303000 r--p 000a9000 08:02 1322114                    /usr/lib/x86_64-linux-gnu/libX11.so.6.4.0
7032f8303000-7032f8304000 r--p 00138000 08:02 1322114                    /usr/lib/x86_64-linux-gnu/libX11.so.6.4.0
7032f8304000-7032f8308000 rw-p 00139000 08:02 1322114                    /usr/lib/x86_64-linux-gnu/libX11.so.6.4.0
7032f8308000-7032f830a000 r--p 00000000 08:02 1322871                    /usr/lib/x86_64-linux-gnu/libwayland-cursor.so.0.22.0
7032f830a000-7032f830c000 r-xp 00002000 08:02 1322871                    /usr/lib/x86_64-linux-gnu/libwayland-cursor.so.0.22.0
7032f830c000-7032f830d000 r--p 00004000 08:02 1322871                    /usr/lib/x86_64-linux-gnu/libwayland-cursor.so.0.22.0
7032f830d000-7032f830e000 r--p 00004000 08:02 1322871                    /usr/lib/x86_64-linux-gnu/libwayland-cursor.so.0.22.0
7032f830e000-7032f8312000 rw-p 00005000 08:02 1322871                    /usr/lib/x86_64-linux-gnu/libwayland-cursor.so.0.22.0
7032f8312000-7032f8317000 r--p 00000000 08:02 1322870                    /usr/lib/x86_64-linux-gnu/libwayland-client.so.0.22.0
7032f8317000-7032f831d000 r-xp 00005000 08:02 1322870                    /usr/lib/x86_64-linux-gnu/libwayland-client.so.0.22.0
7032f831d000-7032f831f000 r--p 0000b000 08:02 1322870                    /usr/lib/x86_64-linux-gnu/libwayland-client.so.0.22.0
7032f831f000-7032f8321000 r--p 0000d000 08:02 1322870                    /usr/lib/x86_64-linux-gnu/libwayland-client.so.0.22.0
7032f8321000-7032f8322000 rw-p 0000f000 08:02 1322870                    /usr/lib/x86_64-linux-gnu/libwayland-client.so.0.22.0
7032f8322000-7032f8327000 r--p 00000000 08:02 1322915                    /usr/lib/x86_64-linux-gnu/libxkbcommon.so.0.0.0
7032f8327000-7032f8347000 r-xp 00005000 08:02 1322915                    /usr/lib/x86_64-linux-gnu/libxkbcommon.so.0.0.0
7032f8347000-7032f8368000 r--p 00025000 08:02 1322915                    /usr/lib/x86_64-linux-gnu/libxkbcommon.so.0.0.0
7032f8368000-7032f836a000 r--p 00045000 08:02 1322915                    /usr/lib/x86_64-linux-gnu/libxkbcommon.so.0.0.0
7032f836a000-7032f836b000 rw-p 00047000 08:02 1322915                    /usr/lib/x86_64-linux-gnu/libxkbcommon.so.0.0.0
7032f836b000-7032f8370000 r--p 00000000 08:02 1322674                    /usr/lib/x86_64-linux-gnu/libpangocairo-1.0.so.0.5200.1
7032f8370000-7032f8378000 r-xp 00005000 08:02 1322674                    /usr/lib/x86_64-linux-gnu/libpangocairo-1.0.so.0.5200.1
7032f8378000-7032f837a000 r--p 0000d000 08:02 1322674                    /usr/lib/x86_64-linux-gnu/libpangocairo-1.0.so.0.5200.1
7032f837a000-7032f837b000 r--p 0000f000 08:02 1322674                    /usr/lib/x86_64-linux-gnu/libpangocairo-1.0.so.0.5200.1
7032f837b000-7032f837c000 rw-p 00010000 08:02 1322674                    /usr/lib/x86_64-linux-gnu/libpangocairo-1.0.so.0.5200.1
7032f837c000-7032f83b5000 r--p 00000000 08:02 1322420                    /usr/lib/x86_64-linux-gnu/libgio-2.0.so.0.8000.0
7032f83b5000-7032f84cc000 r-xp 00039000 08:02 1322420                    /usr/lib/x86_64-linux-gnu/libgio-2.0.so.0.8000.0
7032f84cc000-7032f8541000 r--p 00150000 08:02 1322420                    /usr/lib/x86_64-linux-gnu/libgio-2.0.so.0.8000.0
7032f8541000-7032f8549000 r--p 001c4000 08:02 1322420                    /usr/lib/x86_64-linux-gnu/libgio-2.0.so.0.8000.0
7032f8549000-7032f854a000 rw-p 001cc000 08:02 1322420                    /usr/lib/x86_64-linux-gnu/libgio-2.0.so.0.8000.0
7032f854a000-7032f854c000 rw-p 00000000 00:00 0 
7032f854c000-7032f8554000 r--p 00000000 08:02 1322377                    /usr/lib/x86_64-linux-gnu/libfontconfig.so.1.12.1
7032f8554000-7032f8583000 r-xp 00008000 08:02 1322377                    /usr/lib/x86_64-linux-gnu/libfontconfig.so.1.12.1
7032f8583000-7032f859a000 r--p 00037000 08:02 1322377                    /usr/lib/x86_64-linux-gnu/libfontconfig.so.1.12.1
7032f859a000-7032f859c000 r--p 0004d000 08:02 1322377                    /usr/lib/x86_64-linux-gnu/libfontconfig.so.1.12.1
7032f859c000-7032f859d000 rw-p 0004f000 08:02 1322377                    /usr/lib/x86_64-linux-gnu/libfontconfig.so.1.12.1
7032f859d000-7032f85fd000 r--p 00000000 08:02 1322356                    /usr/lib/x86_64-linux-gnu/libepoxy.so.0.0.0
7032f85fd000-7032f8663000 r-xp 00060000 08:02 1322356                    /usr/lib/x86_64-linux-gnu/libepoxy.so.0.0.0
7032f8663000-7032f86b1000 r--p 000c6000 08:02 1322356                    /usr/lib/x86_64-linux-gnu/libepoxy.so.0.0.0
7032f86b1000-7032f86b9000 r--p 00113000 08:02 1322356                    /usr/lib/x86_64-linux-gnu/libepoxy.so.0.0.0
7032f86b9000-7032f86c0000 rw-p 0011b000 08:02 1322356                    /usr/lib/x86_64-linux-gnu/libepoxy.so.0.0.0
7032f86c0000-7032f86c4000 r--p 00000000 08:02 1322270                    /usr/lib/x86_64-linux-gnu/libcairo-gobject.so.2.11800.0
7032f86c4000-7032f86c6000 r-xp 00004000 08:02 1322270                    /usr/lib/x86_64-linux-gnu/libcairo-gobject.so.2.11800.0
7032f86c6000-7032f86c9000 r--p 00006000 08:02 1322270                    /usr/lib/x86_64-linux-gnu/libcairo-gobject.so.2.11800.0
7032f86c9000-7032f86cb000 r--p 00008000 08:02 1322270                    /usr/lib/x86_64-linux-gnu/libcairo-gobject.so.2.11800.0
7032f86cb000-7032f86cc000 rw-p 0000a000 08:02 1322270                    /usr/lib/x86_64-linux-gnu/libcairo-gobject.so.2.11800.0
7032f86cc000-7032f86ce000 r--p 00000000 08:02 1322391                    /usr/lib/x86_64-linux-gnu/libfribidi.so.0.4.0
7032f86ce000-7032f86d2000 r-xp 00002000 08:02 1322391                    /usr/lib/x86_64-linux-gnu/libfribidi.so.0.4.0
7032f86d2000-7032f86e8000 r--p 00006000 08:02 1322391                    /usr/lib/x86_64-linux-gnu/libfribidi.so.0.4.0
7032f86e8000-7032f86e9000 r--p 0001c000 08:02 1322391                    /usr/lib/x86_64-linux-gnu/libfribidi.so.0.4.0
7032f86e9000-7032f86ea000 rw-p 0001d000 08:02 1322391                    /usr/lib/x86_64-linux-gnu/libfribidi.so.0.4.0
7032f86ea000-7032f86fd000 r--p 00000000 08:02 1322673                    /usr/lib/x86_64-linux-gnu/libpango-1.0.so.0.5200.1
7032f86fd000-7032f8736000 r-xp 00013000 08:02 1322673                    /usr/lib/x86_64-linux-gnu/libpango-1.0.so.0.5200.1
7032f8736000-7032f8750000 r--p 0004c000 08:02 1322673                    /usr/lib/x86_64-linux-gnu/libpango-1.0.so.0.5200.1
7032f8750000-7032f8754000 r--p 00065000 08:02 1322673                    /usr/lib/x86_64-linux-gnu/libpango-1.0.so.0.5200.1
7032f8754000-7032f8755000 rw-p 00069000 08:02 1322673                    /usr/lib/x86_64-linux-gnu/libpango-1.0.so.0.5200.1
7032f8755000-7032f8769000 r--p 00000000 08:02 1322272                    /usr/lib/x86_64-linux-gnu/libcairo.so.2.11800.0
7032f8769000-7032f885a000 r-xp 00014000 08:02 1322272                    /usr/lib/x86_64-linux-gnu/libcairo.so.2.11800.0
7032f885a000-7032f8892000 r--p 00105000 08:02 1322272                    /usr/lib/x86_64-linux-gnu/libcairo.so.2.11800.0
7032f8892000-7032f8896000 r--p 0013d000 08:02 1322272                    /usr/lib/x86_64-linux-gnu/libcairo.so.2.11800.0
7032f8896000-7032f8898000 rw-p 00141000 08:02 1322272                    /usr/lib/x86_64-linux-gnu/libcairo.so.2.11800.0
7032f8898000-7032f8899000 rw-p 00000000 00:00 0 
7032f8899000-7032f88b7000 r--p 00000000 08:02 1322424                    /usr/lib/x86_64-linux-gnu/libglib-2.0.so.0.8000.0
7032f88b7000-7032f8957000 r-xp 0001e000 08:02 1322424                    /usr/lib/x86_64-linux-gnu/libglib-2.0.so.0.8000.0
7032f8957000-7032f89df000 r--p 000be000 08:02 1322424                    /usr/lib/x86_64-linux-gnu/libglib-2.0.so.0.8000.0
7032f89df000-7032f89e0000 r--p 00146000 08:02 1322424                    /usr/lib/x86_64-linux-gnu/libglib-2.0.so.0.8000.0
7032f89e0000-7032f89e1000 rw-p 00147000 08:02 1322424                    /usr/lib/x86_64-linux-gnu/libglib-2.0.so.0.8000.0
7032f89e1000-7032f89e2000 rw-p 00000000 00:00 0 
7032f89e2000-7032f89f1000 r--p 00000000 08:02 1322442                    /usr/lib/x86_64-linux-gnu/libgobject-2.0.so.0.8000.0
7032f89f1000-7032f8a28000 r-xp 0000f000 08:02 1322442                    /usr/lib/x86_64-linux-gnu/libgobject-2.0.so.0.8000.0
7032f8a28000-7032f8a41000 r--p 00046000 08:02 1322442                    /usr/lib/x86_64-linux-gnu/libgobject-2.0.so.0.8000.0
7032f8a41000-7032f8a44000 r--p 0005e000 08:02 1322442                    /usr/lib/x86_64-linux-gnu/libgobject-2.0.so.0.8000.0
7032f8a44000-7032f8a45000 rw-p 00061000 08:02 1322442                    /usr/lib/x86_64-linux-gnu/libgobject-2.0.so.0.8000.0
7032f8a45000-7032f8a4d000 r--p 00000000 08:02 1319514                    /usr/lib/x86_64-linux-gnu/libgdk_pixbuf-2.0.so.0.4200.10
7032f8a4d000-7032f8a68000 r-xp 00008000 08:02 1319514                    /usr/lib/x86_64-linux-gnu/libgdk_pixbuf-2.0.so.0.4200.10
7032f8a68000-7032f8a71000 r--p 00023000 08:02 1319514                    /usr/lib/x86_64-linux-gnu/libgdk_pixbuf-2.0.so.0.4200.10
7032f8a71000-7032f8a72000 r--p 0002c000 08:02 1319514                    /usr/lib/x86_64-linux-gnu/libgdk_pixbuf-2.0.so.0.4200.10
7032f8a72000-7032f8a73000 rw-p 0002d000 08:02 1319514                    /usr/lib/x86_64-linux-gnu/libgdk_pixbuf-2.0.so.0.4200.10
7032f8a73000-7032f8a9d000 r--p 00000000 08:02 1322411                    /usr/lib/x86_64-linux-gnu/libgdk-3.so.0.2409.32
7032f8a9d000-7032f8b21000 r-xp 0002a000 08:02 1322411                    /usr/lib/x86_64-linux-gnu/libgdk-3.so.0.2409.32
7032f8b21000-7032f8b63000 r--p 000ae000 08:02 1322411                    /usr/lib/x86_64-linux-gnu/libgdk-3.so.0.2409.32
7032f8b63000-7032f8b6c000 r--p 000ef000 08:02 1322411                    /usr/lib/x86_64-linux-gnu/libgdk-3.so.0.2409.32
7032f8b6c000-7032f8b6e000 rw-p 000f8000 08:02 1322411                    /usr/lib/x86_64-linux-gnu/libgdk-3.so.0.2409.32
7032f8b6e000-7032f8b72000 r--p 00000000 08:02 1441933                    /usr/lib/x86_64-linux-gnu/gio/modules/libdconfsettings.so
7032f8b72000-7032f8b79000 r-xp 00004000 08:02 1441933                    /usr/lib/x86_64-linux-gnu/gio/modules/libdconfsettings.so
7032f8b79000-7032f8b7b000 r--p 0000b000 08:02 1441933                    /usr/lib/x86_64-linux-gnu/gio/modules/libdconfsettings.so
7032f8b7b000-7032f8b7c000 r--p 0000d000 08:02 1441933                    /usr/lib/x86_64-linux-gnu/gio/modules/libdconfsettings.so
7032f8b7c000-7032f8b7d000 rw-p 0000e000 08:02 1441933                    /usr/lib/x86_64-linux-gnu/gio/modules/libdconfsettings.so
7032f8b7d000-7032f8b81000 r--p 00000000 07:13 2154                       /snap/dbeaver-ce/543/usr/share/dbeaver-ce/plugins/org.eclipse.equinox.launcher.gtk.linux.x86_64_1.2.1500.v20250801-0854/eclipse_11916.so
7032f8b81000-7032f8b8b000 r-xp 00004000 07:13 2154                       /snap/dbeaver-ce/543/usr/share/dbeaver-ce/plugins/org.eclipse.equinox.launcher.gtk.linux.x86_64_1.2.1500.v20250801-0854/eclipse_11916.so
7032f8b8b000-7032f8b8e000 r--p 0000e000 07:13 2154                       /snap/dbeaver-ce/543/usr/share/dbeaver-ce/plugins/org.eclipse.equinox.launcher.gtk.linux.x86_64_1.2.1500.v20250801-0854/eclipse_11916.so
7032f8b8e000-7032f8b8f000 r--p 00010000 07:13 2154                       /snap/dbeaver-ce/543/usr/share/dbeaver-ce/plugins/org.eclipse.equinox.launcher.gtk.linux.x86_64_1.2.1500.v20250801-0854/eclipse_11916.so
7032f8b8f000-7032f8b90000 rw-p 00011000 07:13 2154                       /snap/dbeaver-ce/543/usr/share/dbeaver-ce/plugins/org.eclipse.equinox.launcher.gtk.linux.x86_64_1.2.1500.v20250801-0854/eclipse_11916.so
7032f8b90000-7032f8b91000 rw-p 00000000 00:00 0 
7032f8b91000-7032f8b93000 r--p 00000000 07:13 1856                       /snap/dbeaver-ce/543/usr/share/dbeaver-ce/jre/lib/libzip.so
7032f8b93000-7032f8ba6000 r-xp 00002000 07:13 1856                       /snap/dbeaver-ce/543/usr/share/dbeaver-ce/jre/lib/libzip.so
7032f8ba6000-7032f8bad000 r--p 00015000 07:13 1856                       /snap/dbeaver-ce/543/usr/share/dbeaver-ce/jre/lib/libzip.so
7032f8bad000-7032f8bae000 r--p 0001c000 07:13 1856                       /snap/dbeaver-ce/543/usr/share/dbeaver-ce/jre/lib/libzip.so
7032f8bae000-7032f8baf000 rw-p 0001d000 07:13 1856                       /snap/dbeaver-ce/543/usr/share/dbeaver-ce/jre/lib/libzip.so
7032f8baf000-7032f8bb2000 r--p 00000000 07:13 1848                       /snap/dbeaver-ce/543/usr/share/dbeaver-ce/jre/lib/libnet.so
7032f8bb2000-7032f8bba000 r-xp 00003000 07:13 1848                       /snap/dbeaver-ce/543/usr/share/dbeaver-ce/jre/lib/libnet.so
7032f8bba000-7032f8bbc000 r--p 0000b000 07:13 1848                       /snap/dbeaver-ce/543/usr/share/dbeaver-ce/jre/lib/libnet.so
7032f8bbc000-7032f8bbd000 r--p 0000c000 07:13 1848                       /snap/dbeaver-ce/543/usr/share/dbeaver-ce/jre/lib/libnet.so
7032f8bbd000-7032f8bbe000 rw-p 0000d000 07:13 1848                       /snap/dbeaver-ce/543/usr/share/dbeaver-ce/jre/lib/libnet.so
7032f8bbe000-7032f8bc2000 ---p 00000000 00:00 0 
7032f8bc2000-7032f8cbe000 rw-p 00000000 00:00 0 
7032f8cbe000-7032f8cc2000 ---p 00000000 00:00 0 
7032f8cc2000-7032f8dbe000 rw-p 00000000 00:00 0 
7032f8dbe000-7032f8dbf000 r--p 00000000 07:13 1852                       /snap/dbeaver-ce/543/usr/share/dbeaver-ce/jre/lib/libsimdsort.so
7032f8dbf000-7032f8df8000 r-xp 00001000 07:13 1852                       /snap/dbeaver-ce/543/usr/share/dbeaver-ce/jre/lib/libsimdsort.so
7032f8df8000-7032f8dfe000 r--p 0003a000 07:13 1852                       /snap/dbeaver-ce/543/usr/share/dbeaver-ce/jre/lib/libsimdsort.so
7032f8dfe000-7032f8dff000 r--p 0003f000 07:13 1852                       /snap/dbeaver-ce/543/usr/share/dbeaver-ce/jre/lib/libsimdsort.so
7032f8dff000-7032f8e00000 rw-p 00040000 07:13 1852                       /snap/dbeaver-ce/543/usr/share/dbeaver-ce/jre/lib/libsimdsort.so
7032f8e00000-7032f8e04000 ---p 00000000 00:00 0 
7032f8e04000-7032f8f00000 rw-p 00000000 00:00 0 
7032f8f00000-7032f8f04000 ---p 00000000 00:00 0 
7032f8f04000-7032f9000000 rw-p 00000000 00:00 0 
7032f9000000-7032f9004000 ---p 00000000 00:00 0 
7032f9004000-7032f9100000 rw-p 00000000 00:00 0 
7032f9100000-7032f9104000 ---p 00000000 00:00 0 
7032f9104000-7032f9200000 rw-p 00000000 00:00 0 
7032f9200000-7032f9204000 ---p 00000000 00:00 0 
7032f9204000-7032f9300000 rw-p 00000000 00:00 0 
7032f9300000-7032f9304000 ---p 00000000 00:00 0 
7032f9304000-7032f9400000 rw-p 00000000 00:00 0 
7032f9400000-7032f9700000 r--p 00000000 08:02 1311645                    /usr/lib/locale/locale-archive
7032f9702000-7032f970a000 r--p 00000000 07:13 1849                       /snap/dbeaver-ce/543/usr/share/dbeaver-ce/jre/lib/libnio.so
7032f970a000-7032f9713000 r-xp 00008000 07:13 1849                       /snap/dbeaver-ce/543/usr/share/dbeaver-ce/jre/lib/libnio.so
7032f9713000-7032f9717000 r--p 00011000 07:13 1849                       /snap/dbeaver-ce/543/usr/share/dbeaver-ce/jre/lib/libnio.so
7032f9717000-7032f9718000 r--p 00015000 07:13 1849                       /snap/dbeaver-ce/543/usr/share/dbeaver-ce/jre/lib/libnio.so
7032f9718000-7032f9719000 rw-p 00016000 07:13 1849                       /snap/dbeaver-ce/543/usr/share/dbeaver-ce/jre/lib/libnio.so
7032f9719000-7032f971d000 ---p 00000000 00:00 0 
7032f971d000-7032f9819000 rw-p 00000000 00:00 0 
7032f9819000-7032f981a000 ---p 00000000 00:00 0 
7032f981a000-7032f991a000 rw-p 00000000 00:00 0 
7032f991a000-7032f991b000 ---p 00000000 00:00 0 
7032f991b000-7032f9a1b000 rw-p 00000000 00:00 0 
7032f9a1b000-7032f9af7000 rw-p 00000000 00:00 0 
7032f9af7000-7032f9af8000 ---p 00000000 00:00 0 
7032f9af8000-7032f9bf8000 rw-p 00000000 00:00 0 
7032f9bf8000-7032f9bf9000 ---p 00000000 00:00 0 
7032f9bf9000-7032f9cf9000 rw-p 00000000 00:00 0 
7032f9cf9000-7032fa0fd000 rw-p 00000000 00:00 0 
7032fa0fd000-7032fa0fe000 ---p 00000000 00:00 0 
7032fa0fe000-7032fa1fe000 rw-p 00000000 00:00 0 
7032fa1fe000-7032fa1ff000 ---p 00000000 00:00 0 
7032fa1ff000-7032fa2ff000 rw-p 00000000 00:00 0 
7032fa2ff000-7032fa300000 ---p 00000000 00:00 0 
7032fa300000-7032fa400000 rw-p 00000000 00:00 0 
7032fa400000-7032fa60c000 rw-p 00000000 00:00 0 
7032fa60c000-7032fb3f4000 ---p 00000000 00:00 0 
7032fb3f4000-7032fb442000 rw-p 00000000 00:00 0 
7032fb442000-7032fb5fe000 ---p 00000000 00:00 0 
7032fb5fe000-7032fb642000 rw-p 00000000 00:00 0 
7032fb642000-7032fb7fe000 ---p 00000000 00:00 0 
7032fb7fe000-7032fb800000 rw-p 00000000 00:00 0 
7032fb802000-7032fb803000 r--s 00000000 08:02 3408265                    /var/cache/fontconfig/3f7329c5293ffd510edef78f73874cfd-le64.cache-9
7032fb803000-7032fb80a000 r--s 00000000 08:02 1313178                    /usr/lib/x86_64-linux-gnu/gconv/gconv-modules.cache
7032fb80a000-7032fb82b000 r--p 00000000 08:02 1604083                    /usr/share/locale-langpack/es/LC_MESSAGES/libc.mo
7032fb82b000-7032fbc34000 rw-p 00000000 00:00 0 
7032fbc34000-7032fbd1a000 ---p 00000000 00:00 0 
7032fbd1a000-7032fbd2d000 rw-p 00000000 00:00 0 
7032fbd2d000-7032fbe05000 ---p 00000000 00:00 0 
7032fbe05000-7032fbe09000 ---p 00000000 00:00 0 
7032fbe09000-7032fbf05000 rw-p 00000000 00:00 0 
7032fbf05000-7032fbf15000 r--p 00000000 08:02 1313192                    /usr/lib/x86_64-linux-gnu/libm.so.6
7032fbf15000-7032fbf94000 r-xp 00010000 08:02 1313192                    /usr/lib/x86_64-linux-gnu/libm.so.6
7032fbf94000-7032fbfec000 r--p 0008f000 08:02 1313192                    /usr/lib/x86_64-linux-gnu/libm.so.6
7032fbfec000-7032fbfed000 r--p 000e7000 08:02 1313192                    /usr/lib/x86_64-linux-gnu/libm.so.6
7032fbfed000-7032fbfee000 rw-p 000e8000 08:02 1313192                    /usr/lib/x86_64-linux-gnu/libm.so.6
7032fbfee000-7032fc2d1000 r--p 00000000 07:13 1866                       /snap/dbeaver-ce/543/usr/share/dbeaver-ce/jre/lib/server/libjvm.so
7032fc2d1000-7032fd35d000 r-xp 002e3000 07:13 1866                       /snap/dbeaver-ce/543/usr/share/dbeaver-ce/jre/lib/server/libjvm.so
7032fd35d000-7032fd66e000 r--p 0136f000 07:13 1866                       /snap/dbeaver-ce/543/usr/share/dbeaver-ce/jre/lib/server/libjvm.so
7032fd66e000-7032fd759000 r--p 01680000 07:13 1866                       /snap/dbeaver-ce/543/usr/share/dbeaver-ce/jre/lib/server/libjvm.so
7032fd759000-7032fd784000 rw-p 0176b000 07:13 1866                       /snap/dbeaver-ce/543/usr/share/dbeaver-ce/jre/lib/server/libjvm.so
7032fd784000-7032fd800000 rw-p 00000000 00:00 0 
7032fd800000-7032fd828000 r--p 00000000 08:02 1313189                    /usr/lib/x86_64-linux-gnu/libc.so.6
7032fd828000-7032fd9b0000 r-xp 00028000 08:02 1313189                    /usr/lib/x86_64-linux-gnu/libc.so.6
7032fd9b0000-7032fd9ff000 r--p 001b0000 08:02 1313189                    /usr/lib/x86_64-linux-gnu/libc.so.6
7032fd9ff000-7032fda03000 r--p 001fe000 08:02 1313189                    /usr/lib/x86_64-linux-gnu/libc.so.6
7032fda03000-7032fda05000 rw-p 00202000 08:02 1313189                    /usr/lib/x86_64-linux-gnu/libc.so.6
7032fda05000-7032fda12000 rw-p 00000000 00:00 0 
7032fda12000-7032fda13000 r--p 00000000 08:02 1322872                    /usr/lib/x86_64-linux-gnu/libwayland-egl.so.1.22.0
7032fda13000-7032fda14000 r-xp 00001000 08:02 1322872                    /usr/lib/x86_64-linux-gnu/libwayland-egl.so.1.22.0
7032fda14000-7032fda15000 r--p 00002000 08:02 1322872                    /usr/lib/x86_64-linux-gnu/libwayland-egl.so.1.22.0
7032fda15000-7032fda16000 r--p 00002000 08:02 1322872                    /usr/lib/x86_64-linux-gnu/libwayland-egl.so.1.22.0
7032fda16000-7032fda17000 rw-p 00003000 08:02 1322872                    /usr/lib/x86_64-linux-gnu/libwayland-egl.so.1.22.0
7032fda17000-7032fda80000 rw-p 00000000 00:00 0 
7032fda80000-7032fda87000 ---p 00000000 00:00 0 
7032fda87000-7032fda95000 r--p 00000000 07:13 1837                       /snap/dbeaver-ce/543/usr/share/dbeaver-ce/jre/lib/libjava.so
7032fda95000-7032fdaa3000 r-xp 0000e000 07:13 1837                       /snap/dbeaver-ce/543/usr/share/dbeaver-ce/jre/lib/libjava.so
7032fdaa3000-7032fdaa8000 r--p 0001c000 07:13 1837                       /snap/dbeaver-ce/543/usr/share/dbeaver-ce/jre/lib/libjava.so
7032fdaa8000-7032fdaa9000 r--p 00021000 07:13 1837                       /snap/dbeaver-ce/543/usr/share/dbeaver-ce/jre/lib/libjava.so
7032fdaa9000-7032fdaaa000 rw-p 00022000 07:13 1837                       /snap/dbeaver-ce/543/usr/share/dbeaver-ce/jre/lib/libjava.so
7032fdaaa000-7032fdaab000 rw-p 00000000 00:00 0 
7032fdaab000-7032fdaaf000 r--p 00000000 07:13 1840                       /snap/dbeaver-ce/543/usr/share/dbeaver-ce/jre/lib/libjimage.so
7032fdaaf000-7032fdac7000 r-xp 00004000 07:13 1840                       /snap/dbeaver-ce/543/usr/share/dbeaver-ce/jre/lib/libjimage.so
7032fdac7000-7032fdacd000 r--p 0001c000 07:13 1840                       /snap/dbeaver-ce/543/usr/share/dbeaver-ce/jre/lib/libjimage.so
7032fdacd000-7032fdacf000 r--p 00021000 07:13 1840                       /snap/dbeaver-ce/543/usr/share/dbeaver-ce/jre/lib/libjimage.so
7032fdacf000-7032fdad0000 rw-p 00023000 07:13 1840                       /snap/dbeaver-ce/543/usr/share/dbeaver-ce/jre/lib/libjimage.so
7032fdad0000-7032fdad1000 r--p 00000000 08:02 1313203                    /usr/lib/x86_64-linux-gnu/librt.so.1
7032fdad1000-7032fdad2000 r-xp 00001000 08:02 1313203                    /usr/lib/x86_64-linux-gnu/librt.so.1
7032fdad2000-7032fdad3000 r--p 00002000 08:02 1313203                    /usr/lib/x86_64-linux-gnu/librt.so.1
7032fdad3000-7032fdad4000 r--p 00002000 08:02 1313203                    /usr/lib/x86_64-linux-gnu/librt.so.1
7032fdad4000-7032fdad5000 rw-p 00003000 08:02 1313203                    /usr/lib/x86_64-linux-gnu/librt.so.1
7032fdad5000-7032fdad7000 rw-p 00000000 00:00 0 
7032fdad7000-7032fdad8000 r--p 00000000 08:02 1313201                    /usr/lib/x86_64-linux-gnu/libpthread.so.0
7032fdad8000-7032fdad9000 r-xp 00001000 08:02 1313201                    /usr/lib/x86_64-linux-gnu/libpthread.so.0
7032fdad9000-7032fdada000 r--p 00002000 08:02 1313201                    /usr/lib/x86_64-linux-gnu/libpthread.so.0
7032fdada000-7032fdadb000 r--p 00002000 08:02 1313201                    /usr/lib/x86_64-linux-gnu/libpthread.so.0
7032fdadb000-7032fdadc000 rw-p 00003000 08:02 1313201                    /usr/lib/x86_64-linux-gnu/libpthread.so.0
7032fdadc000-7032fdadd000 r--p 00000000 08:02 1313191                    /usr/lib/x86_64-linux-gnu/libdl.so.2
7032fdadd000-7032fdade000 r-xp 00001000 08:02 1313191                    /usr/lib/x86_64-linux-gnu/libdl.so.2
7032fdade000-7032fdadf000 r--p 00002000 08:02 1313191                    /usr/lib/x86_64-linux-gnu/libdl.so.2
7032fdadf000-7032fdae0000 r--p 00002000 08:02 1313191                    /usr/lib/x86_64-linux-gnu/libdl.so.2
7032fdae0000-7032fdae1000 rw-p 00003000 08:02 1313191                    /usr/lib/x86_64-linux-gnu/libdl.so.2
7032fdae1000-7032fdae2000 r--p 00000000 08:02 1603867                    /usr/share/locale-langpack/es/LC_MESSAGES/at-spi2-core.mo
7032fdae2000-7032fdae4000 r--p 00000000 08:02 2755138                    /home/daniel/.config/dconf/user
7032fdae4000-7032fdae5000 r--s 00000000 00:4d 200                        /run/user/1000/dconf/user
7032fdae5000-7032fdaed000 rw-s 00000000 08:02 3276855                    /tmp/hsperfdata_daniel/7225
7032fdaed000-7032fdaee000 ---p 00000000 00:00 0 
7032fdaee000-7032fdaef000 r--p 00000000 00:00 0 
7032fdaef000-7032fdaf0000 ---p 00000000 00:00 0 
7032fdaf0000-7032fdaf3000 r--p 00000000 07:13 1841                       /snap/dbeaver-ce/543/usr/share/dbeaver-ce/jre/lib/libjli.so
7032fdaf3000-7032fdb04000 r-xp 00003000 07:13 1841                       /snap/dbeaver-ce/543/usr/share/dbeaver-ce/jre/lib/libjli.so
7032fdb04000-7032fdb0b000 r--p 00014000 07:13 1841                       /snap/dbeaver-ce/543/usr/share/dbeaver-ce/jre/lib/libjli.so
7032fdb0b000-7032fdb0c000 r--p 0001a000 07:13 1841                       /snap/dbeaver-ce/543/usr/share/dbeaver-ce/jre/lib/libjli.so
7032fdb0c000-7032fdb0d000 rw-p 0001b000 07:13 1841                       /snap/dbeaver-ce/543/usr/share/dbeaver-ce/jre/lib/libjli.so
7032fdb0d000-7032fdb0f000 rw-p 00000000 00:00 0 
7032fdb0f000-7032fdb13000 r--p 00000000 00:00 0                          [vvar]
7032fdb13000-7032fdb15000 r--p 00000000 00:00 0                          [vvar_vclock]
7032fdb15000-7032fdb17000 r-xp 00000000 00:00 0                          [vdso]
7032fdb17000-7032fdb18000 r--p 00000000 08:02 1313186                    /usr/lib/x86_64-linux-gnu/ld-linux-x86-64.so.2
7032fdb18000-7032fdb43000 r-xp 00001000 08:02 1313186                    /usr/lib/x86_64-linux-gnu/ld-linux-x86-64.so.2
7032fdb43000-7032fdb4d000 r--p 0002c000 08:02 1313186                    /usr/lib/x86_64-linux-gnu/ld-linux-x86-64.so.2
7032fdb4d000-7032fdb4f000 r--p 00036000 08:02 1313186                    /usr/lib/x86_64-linux-gnu/ld-linux-x86-64.so.2
7032fdb4f000-7032fdb51000 rw-p 00038000 08:02 1313186                    /usr/lib/x86_64-linux-gnu/ld-linux-x86-64.so.2
7fff968d1000-7fff968f4000 rw-p 00000000 00:00 0                          [stack]
ffffffffff600000-ffffffffff601000 --xp 00000000 00:00 0                  [vsyscall]
Total number of mappings: 865

JVMTI agents: none


VM Arguments:
jvm_args: -XX:+IgnoreUnrecognizedVMOptions -Dosgi.requiredJavaVersion=21 -Dfile.encoding=UTF-8 --enable-native-access=ALL-UNNAMED --add-modules=ALL-DEFAULT --add-opens=java.base/java.io=ALL-UNNAMED --add-opens=java.base/java.lang=ALL-UNNAMED --add-opens=java.base/java.lang.reflect=ALL-UNNAMED --add-opens=java.base/java.net=ALL-UNNAMED --add-opens=java.base/java.nio=ALL-UNNAMED --add-opens=java.base/java.nio.charset=ALL-UNNAMED --add-opens=java.base/java.text=ALL-UNNAMED --add-opens=java.base/java.time=ALL-UNNAMED --add-opens=java.base/java.util=ALL-UNNAMED --add-opens=java.base/java.util.concurrent=ALL-UNNAMED --add-opens=java.base/java.util.concurrent.atomic=ALL-UNNAMED --add-opens=java.base/jdk.internal.vm=ALL-UNNAMED --add-opens=java.base/jdk.internal.misc=ALL-UNNAMED --add-opens=java.base/sun.nio.ch=ALL-UNNAMED --add-opens=java.base/sun.nio.fs=ALL-UNNAMED --add-opens=java.base/sun.security.ssl=ALL-UNNAMED --add-opens=java.base/sun.security.util=ALL-UNNAMED --add-opens=java.security.jgss/sun.security.jgss=ALL-UNNAMED --add-opens=java.security.jgss/sun.security.krb5=ALL-UNNAMED --add-opens=java.desktop/java.awt=ALL-UNNAMED --add-opens=java.desktop/java.awt.peer=ALL-UNNAMED --add-opens=java.sql/java.sql=ALL-UNNAMED -Xms64m -Xmx1024m -Ddbeaver.distribution.type=deb -Duser.home=/home/daniel/snap/dbeaver-ce/543 
java_command: /snap/dbeaver-ce/543/usr/share/dbeaver-ce//plugins/org.jkiss.dbeaver.launcher_1.0.59.202608181400.jar -os linux -ws gtk -arch x86_64 -showsplash -launcher /snap/dbeaver-ce/543/usr/share/dbeaver-ce/dbeaver -name Dbeaver --launcher.library /snap/dbeaver-ce/543/usr/share/dbeaver-ce//plugins/org.eclipse.equinox.launcher.gtk.linux.x86_64_1.2.1500.v20250801-0854/eclipse_11916.so -startup /snap/dbeaver-ce/543/usr/share/dbeaver-ce//plugins/org.jkiss.dbeaver.launcher_1.0.59.202608181400.jar --launcher.overrideVmargs -exitdata 0 -vm /snap/dbeaver-ce/543/usr/share/dbeaver-ce/jre/bin/java -vmargs -XX:+IgnoreUnrecognizedVMOptions -Dosgi.requiredJavaVersion=21 -Dfile.encoding=UTF-8 --enable-native-access=ALL-UNNAMED --add-modules=ALL-DEFAULT --add-opens=java.base/java.io=ALL-UNNAMED --add-opens=java.base/java.lang=ALL-UNNAMED --add-opens=java.base/java.lang.reflect=ALL-UNNAMED --add-opens=java.base/java.net=ALL-UNNAMED --add-opens=java.base/java.nio=ALL-UNNAMED --add-opens=java.base/java.nio.charset=ALL-UNNAMED --add-opens=java.base/java.text=ALL-UNNAMED --add-opens=java.base/java.time=ALL-UNNAMED --add-opens=java.base/java.util=ALL-UNNAMED --add-opens=java.base/java.util.concurrent=ALL-UNNAMED --add-opens=java.base/java.util.concurrent.atomic=ALL-UNNAMED --add-opens=java.base/jdk.internal.vm=ALL-UNNAMED --add-opens=java.base/jdk.internal.misc=ALL-UNNAMED --add-opens=java.base/sun.nio.ch=ALL-UNNAMED --add-opens=java.base/sun.nio.fs=ALL-UNNAMED --add-opens=java.base/sun.security.ssl=ALL-UNNAMED --add-opens=java.base/sun.security.util=ALL-UNNAMED --add-opens=java.security.jgss/sun.security.jgss=ALL-UNNAMED --add-opens=java.security.jgss/sun.security.krb5=ALL-UNNAMED --add-opens=java.desktop/java.awt=ALL-UNNAMED --add-opens=java.desktop/java.awt.peer=ALL-UNNAMED --add-opens=java.sql/java.sql=ALL-UNNAMED -Xms64m -Xmx1024m -Ddbeaver.distribution.type=deb -jar /snap/dbeaver-ce/543/usr/share/dbeaver-ce//plugins/org.jkiss.dbeaver.launcher_1.0.59.202608181400.jar
java_class_path (initial): /snap/dbeaver-ce/543/usr/share/dbeaver-ce//plugins/org.jkiss.dbeaver.launcher_1.0.59.202608181400.jar
Launcher Type: SUN_STANDARD

[Global flags]
     intx CICompilerCount                          = 3                                         {product} {ergonomic}
     uint ConcGCThreads                            = 1                                         {product} {ergonomic}
     uint G1ConcRefinementThreads                  = 4                                         {product} {ergonomic}
   size_t G1HeapRegionSize                         = 1048576                                   {product} {ergonomic}
     bool IgnoreUnrecognizedVMOptions              = true                                      {product} {command line}
   size_t InitialHeapSize                          = 67108864                                  {product} {command line}
   size_t MarkStackSize                            = 4194304                                   {product} {ergonomic}
   size_t MarkStackSizeMax                         = 536870912                                 {product} {ergonomic}
   size_t MaxHeapSize                              = 1073741824                                {product} {command line}
   size_t MaxNewSize                               = 643825664                                 {product} {ergonomic}
   size_t MinHeapDeltaBytes                        = 1048576                                   {product} {ergonomic}
   size_t MinHeapSize                              = 67108864                                  {product} {command line}
    uintx NonNMethodCodeHeapSize                   = 5836800                                {pd product} {ergonomic}
    uintx NonProfiledCodeHeapSize                  = 122912768                              {pd product} {ergonomic}
    uintx ProfiledCodeHeapSize                     = 122912768                              {pd product} {ergonomic}
    uintx ReservedCodeCacheSize                    = 251662336                              {pd product} {ergonomic}
     bool SegmentedCodeCache                       = true                                      {product} {ergonomic}
   size_t SoftMaxHeapSize                          = 1073741824                             {manageable} {ergonomic}
     bool UseCompressedOops                        = true                           {product lp64_product} {ergonomic}
     bool UseG1GC                                  = true                                      {product} {ergonomic}

Logging:
Log output configuration:
 #0: stdout all=warning uptime,level,tags foldmultilines=false
 #1: stderr all=off uptime,level,tags foldmultilines=false

Release file:
JAVA_VERSION="25.0.3"
MODULES="java.base java.compiler java.datatransfer java.xml java.prefs java.desktop java.logging java.management java.security.sasl java.naming java.rmi java.management.rmi java.net.http java.scripting java.security.jgss java.transaction.xa java.sql java.sql.rowset jdk.accessibility jdk.internal.jvmstat jdk.attach jdk.charsets jdk.crypto.cryptoki jdk.crypto.ec jdk.dynalink jdk.httpserver jdk.jcmd jdk.localedata jdk.management jdk.naming.dns jdk.naming.rmi jdk.net jdk.security.auth jdk.security.jgss jdk.unsupported jdk.xml.dom"

Environment Variables:
_JAVA_OPTIONS=-Duser.home=/home/daniel/snap/dbeaver-ce/543
PATH=/home/daniel/.gemini/antigravity-ide/bin:/home/daniel/.local/bin:/home/daniel/.local/bin:/home/daniel/.local/bin:/home/daniel/.local/bin:/home/daniel/.local/bin:/usr/local/sbin:/usr/local/bin:/usr/sbin:/usr/bin:/sbin:/bin:/usr/games:/usr/local/games:/snap/bin:/snap/bin
USERNAME=daniel
SHELL=/bin/bash
DISPLAY=:0
WAYLAND_DISPLAY=wayland-0
LANG=es_ES.UTF-8
TERM=dumb

Active Locale:
LC_ALL=es_ES.UTF-8
LC_COLLATE=es_ES.UTF-8
LC_CTYPE=es_ES.UTF-8
LC_MESSAGES=es_ES.UTF-8
LC_MONETARY=es_ES.UTF-8
LC_NUMERIC=es_ES.UTF-8
LC_TIME=es_ES.UTF-8

Signal Handlers:
   SIGSEGV: crash_handler in libjvm.so, mask=11100100010111111101111111111110, flags=SA_RESTART|SA_SIGINFO, unblocked
    SIGBUS: crash_handler in libjvm.so, mask=11100100010111111101111111111110, flags=SA_RESTART|SA_SIGINFO, unblocked
    SIGFPE: crash_handler in libjvm.so, mask=11100100010111111101111111111110, flags=SA_RESTART|SA_SIGINFO, unblocked
   SIGPIPE: SIG_IGN, mask=00000000000010000000000000000000, flags=SA_RESTART, blocked
  *** Handler was modified!
  *** Expected: javaSignalHandler in libjvm.so, mask=11100100110111111111111111111110, flags=SA_RESTART|SA_SIGINFO
   SIGXFSZ: javaSignalHandler in libjvm.so, mask=11100100010111111101111111111110, flags=SA_RESTART|SA_SIGINFO, blocked
    SIGILL: crash_handler in libjvm.so, mask=11100100010111111101111111111110, flags=SA_RESTART|SA_SIGINFO, unblocked
   SIGUSR2: SR_handler in libjvm.so, mask=00000000000000000000000000000000, flags=SA_RESTART|SA_SIGINFO, blocked
    SIGHUP: SIG_IGN, mask=00000000000000000000000000000000, flags=none, blocked
    SIGINT: UserHandler in libjvm.so, mask=11100100010111111101111111111110, flags=SA_RESTART|SA_SIGINFO, blocked
   SIGTERM: UserHandler in libjvm.so, mask=11100100010111111101111111111110, flags=SA_RESTART|SA_SIGINFO, blocked
   SIGQUIT: UserHandler in libjvm.so, mask=11100100010111111101111111111110, flags=SA_RESTART|SA_SIGINFO, blocked
   SIGTRAP: crash_handler in libjvm.so, mask=11100100010111111101111111111110, flags=SA_RESTART|SA_SIGINFO, unblocked


Compilation memory statistics disabled.

Periodic native trim disabled

---------------  S Y S T E M  ---------------

OS:
DISTRIB_ID=Ubuntu
DISTRIB_RELEASE=24.04
DISTRIB_CODENAME=noble
DISTRIB_DESCRIPTION="Ubuntu 24.04.4 LTS"
uname: Linux 7.0.0-28-generic #28~24.04.1-Ubuntu SMP PREEMPT_DYNAMIC Wed Jul  1 15:50:57 UTC 2 x86_64
OS uptime: 0 days 0:08 hours
libc: glibc 2.39 NPTL 2.39 
rlimit (soft/hard): STACK 8192k/infinity , CORE 0k/infinity , NPROC 25670/25670 , NOFILE 1048576/1048576 , AS infinity/infinity , CPU infinity/infinity , DATA infinity/infinity , FSIZE infinity/infinity , MEMLOCK 1009844k/1009844k
load average: 2,31 1,53 0,87

/proc/meminfo:
MemTotal:        8078756 kB
MemFree:          167224 kB
MemAvailable:    4082256 kB
Buffers:           52324 kB
Cached:          4207828 kB
SwapCached:           68 kB
Active:          3141308 kB
Inactive:        4136036 kB
Active(anon):    1687748 kB
Inactive(anon):  1508740 kB
Active(file):    1453560 kB
Inactive(file):  2627296 kB
Unevictable:          32 kB
Mlocked:              32 kB
SwapTotal:       4194300 kB
SwapFree:        4193976 kB
Zswap:                 0 kB
Zswapped:              0 kB
Dirty:              3792 kB
Writeback:             0 kB
AnonPages:       3017324 kB
Mapped:           858832 kB
Shmem:            179288 kB
KReclaimable:     109944 kB
Slab:             302288 kB
SReclaimable:     109944 kB
SUnreclaim:       192344 kB
KernelStack:       19456 kB
PageTables:        38284 kB
SecPageTables:         0 kB
NFS_Unstable:          0 kB
Bounce:                0 kB
WritebackTmp:          0 kB
CommitLimit:     8233676 kB
Committed_AS:   14173628 kB
VmallocTotal:   34359738367 kB
VmallocUsed:       41140 kB
VmallocChunk:          0 kB
Percpu:           103424 kB
HardwareCorrupted:     0 kB
AnonHugePages:         0 kB
ShmemHugePages:        0 kB
ShmemPmdMapped:        0 kB
FileHugePages:    942080 kB
FilePmdMapped:         0 kB
CmaTotal:              0 kB
CmaFree:           19212 kB
Unaccepted:            0 kB
Balloon:               0 kB
HugePages_Total:       0
HugePages_Free:        0
HugePages_Rsvd:        0
HugePages_Surp:        0
Hugepagesize:       2048 kB
Hugetlb:               0 kB
DirectMap4k:      163648 kB
DirectMap2M:     5079040 kB
DirectMap1G:     5242880 kB

/sys/kernel/mm/transparent_hugepage/enabled: always [madvise] never
/sys/kernel/mm/transparent_hugepage/hpage_pmd_size: 2097152
/sys/kernel/mm/transparent_hugepage/shmem_enabled: always within_size advise [never] deny force
/sys/kernel/mm/transparent_hugepage/defrag (defrag/compaction efforts parameter): always defer defer+madvise [madvise] never

Process Memory:
Virtual Size: 4792780K (peak: 4802328K)
Resident Set Size: 347164K (peak: 347164K) (anon: 287788K, file: 59124K, shmem: 252K)
Swapped out: 0K
C-Heap outstanding allocations: 66030K, retained: 38069K
glibc malloc tunables: (default)

/proc/sys/kernel/threads-max (system-wide limit on the number of threads): 51340
/proc/sys/vm/max_map_count (maximum number of memory map areas a process may have): 1048576
/proc/sys/vm/swappiness (control to define how aggressively the kernel swaps out anonymous memory): 60
/proc/sys/kernel/pid_max (system-wide limit on number of process identifiers): 4194304

container information not found.
VMWare virtualization detected
Steal ticks since vm start: 0
Steal ticks percentage since vm start:  0,000

CPU: total 128 (initial active 4) (1 cores per cpu, 1 threads per core) family 6 model 94 stepping 3 microcode 0xcc, cx8, cmov, fxsr, mmx, 3dnowpref, sse, sse2, sse3, ssse3, sse4.1, sse4.2, popcnt, lzcnt, tsc, tscinvbit, avx, avx2, aes, erms, clmul, bmi1, bmi2, adx, fma, vzeroupper, clflush, clflushopt, hv, rdtscp, f16c
CPU Model and flags from /proc/cpuinfo:
model name	: Intel(R) Core(TM) i7-6820HQ CPU @ 2.70GHz
flags		: fpu vme de pse tsc msr pae mce cx8 apic sep mtrr pge mca cmov pat pse36 clflush mmx fxsr sse sse2 ss syscall nx pdpe1gb rdtscp lm constant_tsc arch_perfmon nopl xtopology tsc_reliable nonstop_tsc cpuid tsc_known_freq pni pclmulqdq ssse3 fma cx16 pcid sse4_1 sse4_2 x2apic movbe popcnt tsc_deadline_timer aes xsave avx f16c rdrand hypervisor lahf_lm abm 3dnowprefetch pti ssbd ibrs ibpb stibp fsgsbase tsc_adjust bmi1 avx2 smep bmi2 invpcid rdseed adx smap clflushopt xsaveopt xsavec xgetbv1 xsaves arat md_clear flush_l1d arch_capabilities

Online cpus: 0-3
Offline cpus: 4-127
BIOS frequency limitation: <Not Available>
Frequency switch latency (ns): <Not Available>
Available cpu frequencies: <Not Available>
Current governor: <Not Available>
Core performance/turbo boost: <Not Available>

Memory: 4k page, physical 8078756k(4082256k free), swap 4194300k(4193976k free)
Page Sizes: 4k

vm_info: OpenJDK 64-Bit Server VM (25.0.3+9-LTS) for linux-amd64 JRE (25.0.3+9-LTS), built on 2026-04-21T00:00:00Z with gcc 14.2.0

END.
